customer_id,signup_date,country
1,2025-08-21,IN
2,2025-06-04,UK
3,2025-07-02,US
4,2025-06-18,IN
5,2025-08-26,SG
6,2025-06-12,SG
7,2025-07-25,IN
8,2025-06-04,IN
9,2025-06-28,US
10,2025-08-04,SG
11,2025-06-04,SG
12,2025-06-26,SG
13,2025-07-24,US
14,2025-07-28,SG
15,2025-07-06,IN
16,2025-09-06,US
17,2025-08-29,AE
18,2025-07-14,UK
19,2025-06-20,US
20,2025-09-06,UK
21,2025-06-14,IN
22,2025-07-19,IN
23,2025-07-16,UK
24,2025-08-17,UK
25,2025-09-12,IN
26,2025-09-02,AE
27,2025-08-08,IN
28,2025-09-27,AE
29,2025-06-11,SG
30,2025-07-08,SG
31,2025-09-22,UK
32,2025-08-13,US
33,2025-08-30,IN
34,2025-06-06,US
35,2025-09-07,UK
36,2025-06-11,US
37,2025-09-19,IN
38,2025-07-19,UK
39,2025-07-29,UK
40,2025-06-21,UK
41,2025-07-16,US
42,2025-08-25,UK
43,2025-08-29,IN
44,2025-08-17,US
45,2025-08-08,US
46,2025-06-21,AE
47,2025-07-19,UK
48,2025-09-27,SG
49,2025-06-29,UK
50,2025-09-16,IN
51,2025-06-30,IN
52,2025-09-12,UK
53,2025-07-22,UK
54,2025-06-09,US
55,2025-09-25,SG
56,2025-09-21,UK
57,2025-06-28,AE
58,2025-07-21,AE
59,2025-06-19,UK
60,2025-06-18,US
61,2025-09-04,SG
62,2025-08-08,UK
63,2025-09-04,SG
64,2025-07-25,SG
65,2025-07-22,UK
66,2025-06-29,US
67,2025-08-05,AE
68,2025-06-12,IN
69,2025-09-19,IN
70,2025-06-20,US
71,2025-09-10,AE
72,2025-08-16,IN
73,2025-07-20,AE
74,2025-08-16,AE
75,2025-08-07,UK
76,2025-08-10,IN
77,2025-08-27,IN
78,2025-08-27,SG
79,2025-09-05,UK
80,2025-09-07,UK
81,2025-06-15,UK
82,2025-07-26,US
83,2025-07-29,IN
84,2025-09-01,UK
85,2025-08-04,US
86,2025-08-04,IN
87,2025-09-20,UK
88,2025-09-16,SG
89,2025-08-17,US
90,2025-06-20,UK
91,2025-09-06,US
92,2025-08-09,SG
93,2025-09-26,IN
94,2025-08-16,UK
95,2025-08-02,IN
96,2025-06-15,UK
97,2025-09-21,UK
98,2025-07-01,IN
99,2025-07-01,SG
100,2025-06-11,IN
101,2025-09-02,AE
102,2025-09-13,IN
103,2025-09-06,SG
104,2025-09-07,US
105,2025-06-17,AE
106,2025-08-10,US
107,2025-07-04,SG
108,2025-09-20,SG
109,2025-07-25,US
110,2025-09-27,SG
111,2025-09-05,US
112,2025-08-31,UK
113,2025-07-22,UK
114,2025-07-27,SG
115,2025-07-28,IN
116,2025-07-02,US
117,2025-06-09,UK
118,2025-06-03,SG
119,2025-08-10,US
120,2025-08-15,US
121,2025-06-01,IN
122,2025-08-30,IN
123,2025-06-30,IN
124,2025-09-24,IN
125,2025-09-19,UK
126,2025-06-10,SG
127,2025-07-01,UK
128,2025-08-25,AE
129,2025-06-28,SG
130,2025-06-17,SG
131,2025-08-13,AE
132,2025-07-02,AE
133,2025-09-12,AE
134,2025-06-25,IN
135,2025-06-13,AE
136,2025-07-16,AE
137,2025-07-23,AE
138,2025-09-19,IN
139,2025-08-26,IN
140,2025-06-08,AE
141,2025-09-02,UK
142,2025-09-11,IN
143,2025-07-02,US
144,2025-06-25,SG
145,2025-07-28,US
146,2025-07-25,US
147,2025-07-06,AE
148,2025-07-02,IN
149,2025-07-27,SG
150,2025-06-13,IN
151,2025-08-23,SG
152,2025-09-16,IN
153,2025-06-12,US
154,2025-06-22,AE
155,2025-08-02,AE
156,2025-06-28,AE
157,2025-09-24,IN
158,2025-06-22,AE
159,2025-06-01,AE
160,2025-07-04,AE
161,2025-07-07,AE
162,2025-08-29,SG
163,2025-08-24,AE
164,2025-06-20,US
165,2025-07-08,US
166,2025-06-08,SG
167,2025-09-03,SG
168,2025-06-08,UK
169,2025-06-08,IN
170,2025-08-14,AE
171,2025-08-04,SG
172,2025-06-21,IN
173,2025-08-05,IN
174,2025-09-17,US
175,2025-06-09,SG
176,2025-06-09,US
177,2025-07-22,IN
178,2025-09-22,SG
179,2025-07-02,SG
180,2025-08-16,IN
181,2025-08-19,IN
182,2025-07-24,SG
183,2025-08-12,SG
184,2025-07-11,UK
185,2025-06-27,UK
186,2025-07-01,UK
187,2025-07-21,US
188,2025-08-25,UK
189,2025-07-29,UK
190,2025-09-27,IN
191,2025-06-02,AE
192,2025-08-19,SG
193,2025-06-13,IN
194,2025-08-08,US
195,2025-08-04,UK
196,2025-06-17,UK
197,2025-09-21,IN
198,2025-09-21,US
199,2025-07-18,UK
200,2025-06-21,AE
201,2025-09-15,SG
202,2025-08-30,UK
203,2025-08-18,SG
204,2025-06-02,SG
205,2025-07-09,IN
206,2025-09-21,US
207,2025-07-04,IN
208,2025-09-22,IN
209,2025-09-04,SG
210,2025-06-20,UK
211,2025-07-07,SG
212,2025-06-27,UK
213,2025-06-27,UK
214,2025-08-04,AE
215,2025-07-03,IN
216,2025-06-12,AE
217,2025-09-15,UK
218,2025-06-06,IN
219,2025-07-13,US
220,2025-08-21,UK
221,2025-06-21,AE
222,2025-08-10,AE
223,2025-08-11,IN
224,2025-06-15,IN
225,2025-09-22,US
226,2025-08-09,IN
227,2025-09-15,UK
228,2025-08-14,SG
229,2025-06-19,AE
230,2025-06-17,IN
231,2025-07-10,UK
232,2025-09-24,IN
233,2025-09-24,UK
234,2025-06-27,US
235,2025-08-25,IN
236,2025-07-16,SG
237,2025-09-22,AE
238,2025-08-19,US
239,2025-09-27,US
240,2025-09-19,US
241,2025-09-11,US
242,2025-09-21,AE
243,2025-06-04,US
244,2025-09-03,UK
245,2025-09-09,AE
246,2025-09-11,US
247,2025-07-05,US
248,2025-09-09,IN
249,2025-07-19,IN
250,2025-09-18,AE
251,2025-06-29,US
252,2025-09-13,AE
253,2025-07-15,UK
254,2025-09-14,US
255,2025-06-29,IN
256,2025-08-24,US
257,2025-07-22,UK
258,2025-07-06,IN
259,2025-09-07,UK
260,2025-07-15,SG
261,2025-07-22,SG
262,2025-07-13,IN
263,2025-06-15,UK
264,2025-06-23,SG
265,2025-07-04,IN
266,2025-06-14,SG
267,2025-07-26,UK
268,2025-09-02,UK
269,2025-07-26,SG
270,2025-08-05,IN
271,2025-07-20,SG
272,2025-06-25,UK
273,2025-06-06,AE
274,2025-06-01,SG
275,2025-09-27,SG
276,2025-08-27,US
277,2025-07-17,AE
278,2025-06-09,UK
279,2025-08-19,UK
280,2025-08-24,IN
281,2025-09-01,UK
282,2025-08-04,UK
283,2025-08-25,AE
284,2025-07-12,AE
285,2025-08-29,UK
286,2025-08-10,US
287,2025-06-25,AE
288,2025-08-25,AE
289,2025-08-26,US
290,2025-08-18,SG
291,2025-07-09,AE
292,2025-08-10,IN
293,2025-07-09,UK
294,2025-06-27,AE
295,2025-09-09,SG
296,2025-08-17,UK
297,2025-07-30,AE
298,2025-07-27,US
299,2025-08-05,AE
300,2025-09-10,US
301,2025-08-24,IN
302,2025-07-07,SG
303,2025-08-24,SG
304,2025-07-13,IN
305,2025-09-13,US
306,2025-08-26,UK
307,2025-06-29,US
308,2025-06-19,IN
309,2025-06-06,US
310,2025-07-31,SG
311,2025-09-17,IN
312,2025-07-29,AE
313,2025-09-22,SG
314,2025-06-25,AE
315,2025-08-03,AE
316,2025-07-02,US
317,2025-08-23,IN
318,2025-09-23,IN
319,2025-09-08,AE
320,2025-06-29,US
321,2025-09-11,SG
322,2025-07-30,IN
323,2025-08-11,US
324,2025-09-26,IN
325,2025-07-29,US
326,2025-09-11,AE
327,2025-08-25,SG
328,2025-08-11,SG
329,2025-07-11,AE
330,2025-08-18,SG
331,2025-07-25,SG
332,2025-07-28,US
333,2025-09-04,AE
334,2025-07-28,UK
335,2025-09-05,US
336,2025-09-16,UK
337,2025-09-07,SG
338,2025-08-02,US
339,2025-07-06,AE
340,2025-06-10,UK
341,2025-07-01,UK
342,2025-07-13,UK
343,2025-09-23,SG
344,2025-06-11,US
345,2025-06-20,US
346,2025-07-20,US
347,2025-08-30,US
348,2025-06-09,AE
349,2025-07-23,UK
350,2025-08-09,AE
351,2025-07-24,IN
352,2025-06-27,AE
353,2025-07-20,SG
354,2025-08-29,IN
355,2025-09-18,SG
356,2025-07-19,AE
357,2025-06-01,UK
358,2025-07-09,AE
359,2025-09-18,AE
360,2025-08-08,SG
361,2025-09-11,SG
362,2025-09-23,US
363,2025-08-02,US
364,2025-07-05,AE
365,2025-08-02,IN
366,2025-07-20,UK
367,2025-08-25,AE
368,2025-09-01,US
369,2025-09-16,AE
370,2025-09-26,US
371,2025-08-19,SG
372,2025-06-04,AE
373,2025-08-15,SG
374,2025-08-24,IN
375,2025-06-11,AE
376,2025-06-18,AE
377,2025-06-24,IN
378,2025-07-04,AE
379,2025-07-12,US
380,2025-07-29,UK
381,2025-07-14,AE
382,2025-07-06,AE
383,2025-07-03,IN
384,2025-07-31,IN
385,2025-09-04,SG
386,2025-06-07,UK
387,2025-06-29,IN
388,2025-09-08,IN
389,2025-09-05,IN
390,2025-07-02,US
391,2025-09-16,IN
392,2025-08-19,US
393,2025-07-01,US
394,2025-07-31,IN
395,2025-08-12,US
396,2025-07-30,UK
397,2025-09-07,UK
398,2025-06-22,SG
399,2025-08-17,IN
400,2025-09-08,US
401,2025-07-10,IN
402,2025-08-14,IN
403,2025-09-27,UK
404,2025-08-13,AE
405,2025-07-21,US
406,2025-06-10,SG
407,2025-08-28,US
408,2025-06-14,UK
409,2025-09-17,SG
410,2025-09-12,IN
411,2025-09-10,SG
412,2025-09-09,IN
413,2025-07-15,SG
414,2025-07-25,UK
415,2025-06-09,SG
416,2025-08-22,UK
417,2025-06-02,AE
418,2025-09-14,AE
419,2025-06-14,AE
420,2025-07-17,AE
421,2025-08-30,US
422,2025-07-26,US
423,2025-09-02,SG
424,2025-08-23,UK
425,2025-08-18,SG
426,2025-09-08,AE
427,2025-07-30,AE
428,2025-09-14,SG
429,2025-07-05,UK
430,2025-09-18,US
431,2025-09-15,IN
432,2025-07-06,AE
433,2025-07-02,AE
434,2025-08-12,SG
435,2025-08-25,AE
436,2025-07-14,IN
437,2025-08-03,UK
438,2025-06-24,AE
439,2025-06-28,UK
440,2025-09-11,UK
441,2025-07-14,UK
442,2025-09-21,SG
443,2025-08-29,UK
444,2025-08-11,IN
445,2025-08-06,US
446,2025-06-11,US
447,2025-09-01,AE
448,2025-08-02,SG
449,2025-09-06,US
450,2025-08-28,AE
451,2025-08-22,AE
452,2025-07-28,IN
453,2025-06-12,UK
454,2025-06-29,AE
455,2025-08-28,US
456,2025-07-10,SG
457,2025-07-18,AE
458,2025-08-10,SG
459,2025-07-15,AE
460,2025-09-04,SG
461,2025-07-13,UK
462,2025-08-29,AE
463,2025-07-05,UK
464,2025-07-03,US
465,2025-06-16,US
466,2025-07-11,IN
467,2025-09-04,SG
468,2025-09-06,US
469,2025-06-25,US
470,2025-09-03,AE
471,2025-07-06,SG
472,2025-09-06,SG
473,2025-08-16,UK
474,2025-06-13,US
475,2025-07-08,US
476,2025-07-17,US
477,2025-07-09,IN
478,2025-08-30,SG
479,2025-06-17,UK
480,2025-06-06,IN
481,2025-08-10,UK
482,2025-08-29,US
483,2025-08-21,AE
484,2025-06-14,IN
485,2025-08-13,UK
486,2025-07-31,AE
487,2025-07-27,UK
488,2025-06-24,IN
489,2025-07-03,AE
490,2025-06-15,IN
491,2025-07-22,AE
492,2025-06-10,SG
493,2025-08-20,IN
494,2025-06-20,US
495,2025-09-12,SG
496,2025-07-09,IN
497,2025-07-02,IN
498,2025-08-11,AE
499,2025-08-17,SG
500,2025-09-10,SG
501,2025-06-29,SG
502,2025-07-19,AE
503,2025-09-25,AE
504,2025-07-09,SG
505,2025-07-25,UK
506,2025-08-12,SG
507,2025-06-08,SG
508,2025-09-03,IN
509,2025-09-06,US
510,2025-08-20,US
511,2025-07-04,IN
512,2025-06-21,US
513,2025-06-23,SG
514,2025-06-10,US
515,2025-06-01,AE
516,2025-07-28,SG
517,2025-07-31,UK
518,2025-06-05,US
519,2025-07-07,UK
520,2025-08-29,AE
521,2025-06-10,US
522,2025-09-27,UK
523,2025-09-09,SG
524,2025-08-24,US
525,2025-07-25,IN
526,2025-08-09,US
527,2025-08-22,US
528,2025-09-25,UK
529,2025-09-14,US
530,2025-06-10,IN
531,2025-06-22,UK
532,2025-08-16,SG
533,2025-09-26,UK
534,2025-07-27,IN
535,2025-07-30,UK
536,2025-08-29,AE
537,2025-07-05,SG
538,2025-08-09,AE
539,2025-07-27,IN
540,2025-08-16,IN
541,2025-09-22,AE
542,2025-09-03,UK
543,2025-08-17,UK
544,2025-06-04,IN
545,2025-06-30,SG
546,2025-08-15,IN
547,2025-09-06,UK
548,2025-08-13,IN
549,2025-09-06,US
550,2025-07-31,SG
551,2025-08-23,AE
552,2025-09-26,UK
553,2025-06-24,SG
554,2025-07-26,AE
555,2025-06-12,AE
556,2025-07-15,AE
557,2025-07-13,UK
558,2025-08-25,IN
559,2025-09-18,US
560,2025-07-13,AE
561,2025-08-28,AE
562,2025-07-07,AE
563,2025-09-13,SG
564,2025-06-05,AE
565,2025-06-12,UK
566,2025-07-03,UK
567,2025-06-15,AE
568,2025-09-19,SG
569,2025-09-14,IN
570,2025-08-24,SG
571,2025-07-30,AE
572,2025-06-07,US
573,2025-08-06,UK
574,2025-08-19,AE
575,2025-08-20,AE
576,2025-09-06,IN
577,2025-06-27,UK
578,2025-08-10,US
579,2025-09-27,UK
580,2025-07-27,AE
581,2025-06-16,IN
582,2025-08-20,SG
583,2025-09-11,US
584,2025-08-30,US
585,2025-07-10,SG
586,2025-06-02,SG
587,2025-07-23,IN
588,2025-06-29,IN
589,2025-07-30,IN
590,2025-08-22,US
591,2025-08-03,UK
592,2025-08-05,UK
593,2025-07-24,AE
594,2025-07-31,US
595,2025-07-29,SG
596,2025-06-19,AE
597,2025-06-25,SG
598,2025-08-05,US
599,2025-09-19,IN
600,2025-07-06,AE
601,2025-07-14,SG
602,2025-07-05,IN
603,2025-07-07,UK
604,2025-09-16,SG
605,2025-08-14,AE
606,2025-09-19,US
607,2025-07-28,SG
608,2025-08-01,UK
609,2025-07-13,SG
610,2025-09-06,SG
611,2025-07-19,AE
612,2025-09-28,UK
613,2025-09-20,US
614,2025-08-29,US
615,2025-08-13,AE
616,2025-06-30,AE
617,2025-06-06,UK
618,2025-09-04,AE
619,2025-08-30,AE
620,2025-07-20,US
621,2025-08-03,IN
622,2025-06-17,SG
623,2025-08-15,UK
624,2025-09-20,IN
625,2025-09-20,AE
626,2025-06-13,SG
627,2025-09-25,AE
628,2025-06-02,US
629,2025-07-23,US
630,2025-06-10,AE
631,2025-09-09,UK
632,2025-07-14,SG
633,2025-08-28,AE
634,2025-08-23,IN
635,2025-09-18,UK
636,2025-09-18,SG
637,2025-07-19,UK
638,2025-08-20,AE
639,2025-09-20,SG
640,2025-06-05,SG
641,2025-06-09,US
642,2025-08-20,UK
643,2025-06-30,IN
644,2025-07-26,IN
645,2025-09-06,IN
646,2025-07-27,US
647,2025-08-28,UK
648,2025-09-24,IN
649,2025-06-06,UK
650,2025-09-10,IN
651,2025-07-08,UK
652,2025-07-18,AE
653,2025-06-19,US
654,2025-08-07,AE
655,2025-08-12,US
656,2025-06-22,US
657,2025-06-11,SG
658,2025-09-20,AE
659,2025-08-19,US
660,2025-08-03,SG
661,2025-06-19,US
662,2025-07-30,UK
663,2025-07-29,UK
664,2025-08-25,IN
665,2025-09-24,AE
666,2025-09-24,UK
667,2025-08-26,SG
668,2025-06-21,IN
669,2025-07-27,UK
670,2025-08-15,UK
671,2025-08-21,AE
672,2025-08-28,UK
673,2025-07-29,UK
674,2025-06-26,AE
675,2025-09-18,AE
676,2025-06-14,US
677,2025-07-19,SG
678,2025-07-16,SG
679,2025-07-08,UK
680,2025-06-03,AE
681,2025-07-06,IN
682,2025-08-12,IN
683,2025-09-25,SG
684,2025-09-04,AE
685,2025-09-15,UK
686,2025-09-08,US
687,2025-08-17,UK
688,2025-06-29,US
689,2025-08-19,UK
690,2025-08-26,US
691,2025-08-20,IN
692,2025-09-24,IN
693,2025-07-10,AE
694,2025-06-05,SG
695,2025-07-17,US
696,2025-06-12,UK
697,2025-07-12,AE
698,2025-06-23,US
699,2025-06-17,SG
700,2025-09-21,UK
701,2025-08-07,SG
702,2025-09-25,UK
703,2025-09-15,US
704,2025-07-03,AE
705,2025-09-12,UK
706,2025-09-04,UK
707,2025-09-11,IN
708,2025-07-30,IN
709,2025-06-19,US
710,2025-09-19,AE
711,2025-09-17,SG
712,2025-07-17,IN
713,2025-09-10,AE
714,2025-06-02,UK
715,2025-08-08,IN
716,2025-07-29,UK
717,2025-08-26,UK
718,2025-08-14,AE
719,2025-09-14,UK
720,2025-06-14,US
721,2025-07-31,IN
722,2025-08-19,SG
723,2025-07-12,SG
724,2025-06-29,IN
725,2025-08-21,AE
726,2025-09-25,UK
727,2025-08-23,AE
728,2025-06-15,US
729,2025-06-06,IN
730,2025-07-09,AE
731,2025-06-15,IN
732,2025-07-01,SG
733,2025-06-18,AE
734,2025-07-29,UK
735,2025-08-25,SG
736,2025-07-24,SG
737,2025-09-04,US
738,2025-09-22,AE
739,2025-08-23,IN
740,2025-09-15,AE
741,2025-08-18,AE
742,2025-07-06,IN
743,2025-08-28,UK
744,2025-06-28,AE
745,2025-07-27,US
746,2025-09-18,UK
747,2025-06-13,UK
748,2025-08-09,UK
749,2025-06-08,AE
750,2025-07-06,US
751,2025-06-16,AE
752,2025-06-12,US
753,2025-08-22,SG
754,2025-06-03,IN
755,2025-09-09,UK
756,2025-07-02,US
757,2025-09-09,SG
758,2025-06-27,IN
759,2025-09-15,SG
760,2025-06-27,SG
761,2025-06-28,US
762,2025-07-13,US
763,2025-09-09,SG
764,2025-06-01,UK
765,2025-09-18,US
766,2025-06-17,SG
767,2025-07-03,US
768,2025-06-15,IN
769,2025-06-17,IN
770,2025-07-16,US
771,2025-08-15,UK
772,2025-06-03,US
773,2025-07-04,IN
774,2025-06-17,AE
775,2025-08-07,IN
776,2025-09-04,IN
777,2025-07-31,AE
778,2025-09-08,UK
779,2025-08-05,SG
780,2025-06-14,AE
781,2025-08-04,US
782,2025-08-18,IN
783,2025-09-02,SG
784,2025-07-09,AE
785,2025-08-22,IN
786,2025-06-08,AE
787,2025-09-17,AE
788,2025-07-25,IN
789,2025-08-02,AE
790,2025-06-10,IN
791,2025-07-12,SG
792,2025-06-19,IN
793,2025-06-17,UK
794,2025-08-19,SG
795,2025-08-10,UK
796,2025-07-19,SG
797,2025-08-07,UK
798,2025-07-29,SG
799,2025-08-17,AE
800,2025-06-13,IN
801,2025-09-18,SG
802,2025-09-01,US
803,2025-07-26,AE
804,2025-09-22,US
805,2025-07-23,UK
806,2025-09-14,AE
807,2025-07-22,AE
808,2025-09-02,IN
809,2025-07-11,AE
810,2025-07-11,UK
811,2025-07-18,US
812,2025-08-27,AE
813,2025-06-09,IN
814,2025-09-15,IN
815,2025-06-12,AE
816,2025-06-13,UK
817,2025-09-12,US
818,2025-08-11,IN
819,2025-08-15,SG
820,2025-08-11,UK
821,2025-08-25,IN
822,2025-07-23,UK
823,2025-09-20,AE
824,2025-09-20,IN
825,2025-07-07,SG
826,2025-07-10,UK
827,2025-06-14,SG
828,2025-08-04,US
829,2025-06-20,AE
830,2025-06-29,IN
831,2025-07-15,SG
832,2025-07-18,IN
833,2025-09-06,UK
834,2025-08-13,US
835,2025-09-12,AE
836,2025-09-17,SG
837,2025-09-07,SG
838,2025-08-18,SG
839,2025-06-04,SG
840,2025-09-27,UK
841,2025-06-04,US
842,2025-07-05,UK
843,2025-09-26,UK
844,2025-07-15,IN
845,2025-06-24,US
846,2025-08-12,AE
847,2025-06-09,US
848,2025-09-03,IN
849,2025-06-12,SG
850,2025-06-28,AE
851,2025-07-24,AE
852,2025-07-14,US
853,2025-07-18,UK
854,2025-09-01,UK
855,2025-09-08,SG
856,2025-08-16,IN
857,2025-09-22,IN
858,2025-06-20,US
859,2025-09-05,SG
860,2025-06-07,IN
861,2025-07-05,AE
862,2025-08-24,AE
863,2025-08-02,SG
864,2025-07-27,AE
865,2025-07-05,US
866,2025-09-05,SG
867,2025-06-15,UK
868,2025-07-26,IN
869,2025-07-07,SG
870,2025-08-02,SG
871,2025-08-25,UK
872,2025-06-06,US
873,2025-07-21,SG
874,2025-06-08,IN
875,2025-06-27,UK
876,2025-06-28,US
877,2025-09-06,UK
878,2025-07-08,UK
879,2025-06-16,IN
880,2025-08-03,AE
881,2025-06-23,US
882,2025-07-19,SG
883,2025-08-30,US
884,2025-08-04,SG
885,2025-09-15,UK
886,2025-06-10,AE
887,2025-09-19,IN
888,2025-07-26,IN
889,2025-07-29,IN
890,2025-09-19,UK
891,2025-08-13,AE
892,2025-08-13,AE
893,2025-08-30,AE
894,2025-07-08,IN
895,2025-07-22,IN
896,2025-07-12,US
897,2025-09-11,SG
898,2025-07-29,UK
899,2025-06-12,AE
900,2025-09-17,IN
901,2025-07-02,AE
902,2025-08-15,AE
903,2025-08-07,IN
904,2025-07-21,UK
905,2025-09-04,UK
906,2025-06-29,UK
907,2025-09-08,US
908,2025-06-10,SG
909,2025-08-21,IN
910,2025-08-07,SG
911,2025-06-25,UK
912,2025-07-15,US
913,2025-07-01,IN
914,2025-06-19,UK
915,2025-06-26,US
916,2025-08-17,US
917,2025-09-06,IN
918,2025-06-23,AE
919,2025-07-30,SG
920,2025-09-06,SG
921,2025-07-28,SG
922,2025-08-22,SG
923,2025-07-12,UK
924,2025-06-20,AE
925,2025-06-09,AE
926,2025-07-27,UK
927,2025-09-10,UK
928,2025-08-15,IN
929,2025-07-16,SG
930,2025-06-10,UK
931,2025-07-30,AE
932,2025-06-05,IN
933,2025-07-18,UK
934,2025-06-10,IN
935,2025-08-18,SG
936,2025-08-04,AE
937,2025-07-30,SG
938,2025-08-10,IN
939,2025-07-28,SG
940,2025-08-23,US
941,2025-07-12,SG
942,2025-07-31,SG
943,2025-06-20,IN
944,2025-07-28,IN
945,2025-09-12,UK
946,2025-08-31,IN
947,2025-08-04,US
948,2025-06-06,US
949,2025-08-30,AE
950,2025-07-27,SG
951,2025-08-06,SG
952,2025-06-21,UK
953,2025-07-18,UK
954,2025-07-20,AE
955,2025-09-08,UK
956,2025-08-26,SG
957,2025-06-07,UK
958,2025-06-09,UK
959,2025-06-13,SG
960,2025-08-26,AE
961,2025-07-07,UK
962,2025-09-01,SG
963,2025-09-20,US
964,2025-07-13,IN
965,2025-08-14,US
966,2025-09-26,UK
967,2025-07-10,AE
968,2025-06-17,SG
969,2025-08-30,IN
970,2025-07-10,SG
971,2025-07-19,UK
972,2025-09-13,US
973,2025-08-25,SG
974,2025-06-12,AE
975,2025-08-05,UK
976,2025-06-03,UK
977,2025-07-10,US
978,2025-06-28,UK
979,2025-09-07,AE
980,2025-06-25,US
981,2025-06-18,US
982,2025-06-10,UK
983,2025-09-17,IN
984,2025-08-04,SG
985,2025-09-15,SG
986,2025-06-05,UK
987,2025-09-21,SG
988,2025-06-17,SG
989,2025-07-19,US
990,2025-06-21,US
991,2025-09-15,SG
992,2025-09-12,US
993,2025-09-01,AE
994,2025-06-06,AE
995,2025-07-17,US
996,2025-07-27,SG
997,2025-07-07,AE
998,2025-06-30,SG
999,2025-07-01,UK
1000,2025-09-12,AE
1001,2025-09-24,US
1002,2025-07-18,SG
1003,2025-07-27,AE
1004,2025-09-07,UK
1005,2025-09-08,AE
1006,2025-08-04,SG
1007,2025-07-24,US
1008,2025-09-13,US
1009,2025-09-11,SG
1010,2025-06-18,UK
1011,2025-06-07,AE
1012,2025-09-20,UK
1013,2025-08-10,IN
1014,2025-08-31,SG
1015,2025-09-17,IN
1016,2025-07-07,IN
1017,2025-09-06,US
1018,2025-07-05,AE
1019,2025-09-24,SG
1020,2025-06-19,AE
1021,2025-06-12,US
1022,2025-09-13,AE
1023,2025-09-22,UK
1024,2025-09-28,IN
1025,2025-07-24,IN
1026,2025-07-21,SG
1027,2025-07-18,US
1028,2025-07-20,IN
1029,2025-07-18,US
1030,2025-06-04,UK
1031,2025-09-28,IN
1032,2025-09-16,UK
1033,2025-09-10,US
1034,2025-06-18,IN
1035,2025-07-07,AE
1036,2025-08-29,US
1037,2025-09-06,AE
1038,2025-07-28,SG
1039,2025-06-01,IN
1040,2025-06-03,UK
1041,2025-06-28,US
1042,2025-08-10,SG
1043,2025-08-07,AE
1044,2025-06-15,UK
1045,2025-07-01,UK
1046,2025-06-16,IN
1047,2025-07-01,AE
1048,2025-08-21,SG
1049,2025-07-29,IN
1050,2025-06-15,AE
1051,2025-08-16,SG
1052,2025-06-03,SG
1053,2025-08-13,US
1054,2025-08-31,US
1055,2025-07-08,AE
1056,2025-06-01,SG
1057,2025-07-16,US
1058,2025-08-13,AE
1059,2025-06-24,IN
1060,2025-08-07,UK
1061,2025-06-09,SG
1062,2025-08-09,SG
1063,2025-09-09,SG
1064,2025-08-10,IN
1065,2025-07-20,AE
1066,2025-06-06,AE
1067,2025-07-18,UK
1068,2025-09-04,IN
1069,2025-07-16,IN
1070,2025-07-15,US
1071,2025-09-02,IN
1072,2025-09-07,SG
1073,2025-09-03,UK
1074,2025-06-18,IN
1075,2025-07-16,SG
1076,2025-07-14,US
1077,2025-09-15,AE
1078,2025-08-29,AE
1079,2025-08-20,US
1080,2025-09-12,US
1081,2025-06-09,AE
1082,2025-06-05,UK
1083,2025-06-26,IN
1084,2025-09-10,US
1085,2025-09-22,IN
1086,2025-07-11,UK
1087,2025-08-05,AE
1088,2025-09-13,SG
1089,2025-07-31,UK
1090,2025-06-05,US
1091,2025-07-07,UK
1092,2025-09-19,IN
1093,2025-09-19,UK
1094,2025-07-05,IN
1095,2025-09-11,UK
1096,2025-07-26,AE
1097,2025-09-04,AE
1098,2025-09-23,AE
1099,2025-07-14,US
1100,2025-08-03,AE
1101,2025-07-18,SG
1102,2025-07-05,IN
1103,2025-09-02,AE
1104,2025-06-11,AE
1105,2025-08-17,US
1106,2025-08-09,UK
1107,2025-07-12,IN
1108,2025-06-11,UK
1109,2025-08-24,UK
1110,2025-07-10,AE
1111,2025-08-17,AE
1112,2025-06-22,AE
1113,2025-07-15,AE
1114,2025-06-06,UK
1115,2025-08-18,AE
1116,2025-07-06,IN
1117,2025-06-10,AE
1118,2025-07-17,SG
1119,2025-09-11,US
1120,2025-06-04,US
1121,2025-09-17,SG
1122,2025-08-26,AE
1123,2025-06-05,US
1124,2025-06-09,US
1125,2025-09-08,UK
1126,2025-07-17,AE
1127,2025-08-12,IN
1128,2025-08-17,US
1129,2025-08-26,AE
1130,2025-07-18,UK
1131,2025-07-27,IN
1132,2025-08-13,US
1133,2025-08-07,UK
1134,2025-07-21,UK
1135,2025-08-23,UK
1136,2025-07-02,IN
1137,2025-06-04,US
1138,2025-08-03,SG
1139,2025-07-20,SG
1140,2025-06-16,UK
1141,2025-09-08,UK
1142,2025-08-30,AE
1143,2025-06-28,SG
1144,2025-07-07,AE
1145,2025-06-26,IN
1146,2025-06-18,IN
1147,2025-07-28,US
1148,2025-09-24,AE
1149,2025-06-12,UK
1150,2025-08-25,UK
1151,2025-08-30,IN
1152,2025-08-10,SG
1153,2025-07-08,UK
1154,2025-09-17,US
1155,2025-08-31,US
1156,2025-09-10,UK
1157,2025-08-05,US
1158,2025-06-16,US
1159,2025-09-10,US
1160,2025-07-01,AE
1161,2025-06-04,UK
1162,2025-08-10,SG
1163,2025-07-18,AE
1164,2025-09-11,SG
1165,2025-06-17,SG
1166,2025-09-22,IN
1167,2025-06-09,UK
1168,2025-07-21,AE
1169,2025-08-07,AE
1170,2025-09-07,AE
1171,2025-09-14,SG
1172,2025-06-10,US
1173,2025-07-11,IN
1174,2025-07-28,AE
1175,2025-08-27,SG
1176,2025-07-15,US
1177,2025-09-21,SG
1178,2025-08-21,SG
1179,2025-06-24,US
1180,2025-07-26,SG
1181,2025-09-25,IN
1182,2025-09-15,IN
1183,2025-08-06,US
1184,2025-07-09,US
1185,2025-06-21,UK
1186,2025-09-28,US
1187,2025-07-15,SG
1188,2025-09-23,UK
1189,2025-09-17,IN
1190,2025-07-03,US
1191,2025-08-21,SG
1192,2025-07-06,US
1193,2025-08-20,UK
1194,2025-08-18,SG
1195,2025-06-12,SG
1196,2025-08-22,US
1197,2025-08-15,SG
1198,2025-06-20,US
1199,2025-08-24,SG
1200,2025-09-01,SG
1201,2025-07-14,SG
1202,2025-06-06,IN
1203,2025-06-11,IN
1204,2025-08-22,SG
1205,2025-07-04,US
1206,2025-09-07,SG
1207,2025-07-24,SG
1208,2025-08-21,IN
1209,2025-08-03,SG
1210,2025-07-08,UK
1211,2025-08-01,US
1212,2025-09-12,AE
1213,2025-07-09,AE
1214,2025-06-10,IN
1215,2025-06-21,AE
1216,2025-07-24,AE
1217,2025-07-30,US
1218,2025-07-14,SG
1219,2025-06-19,UK
1220,2025-09-19,UK
1221,2025-09-02,UK
1222,2025-07-22,US
1223,2025-09-06,UK
1224,2025-08-05,SG
1225,2025-06-14,UK
1226,2025-07-01,AE
1227,2025-06-16,UK
1228,2025-07-28,US
1229,2025-06-19,IN
1230,2025-06-07,UK
1231,2025-07-20,SG
1232,2025-07-24,US
1233,2025-09-19,US
1234,2025-09-13,UK
1235,2025-09-28,SG
1236,2025-09-01,UK
1237,2025-06-25,US
1238,2025-08-03,SG
1239,2025-07-30,AE
1240,2025-09-21,UK
1241,2025-08-03,IN
1242,2025-06-12,AE
1243,2025-08-04,AE
1244,2025-07-01,US
1245,2025-08-14,UK
1246,2025-06-07,IN
1247,2025-07-07,AE
1248,2025-08-16,AE
1249,2025-07-07,SG
1250,2025-06-02,IN
1251,2025-07-26,US
1252,2025-09-21,UK
1253,2025-09-02,UK
1254,2025-09-06,AE
1255,2025-07-17,IN
1256,2025-07-22,IN
1257,2025-08-12,SG
1258,2025-06-25,UK
1259,2025-08-10,UK
1260,2025-06-10,AE
1261,2025-08-04,AE
1262,2025-09-06,SG
1263,2025-07-06,SG
1264,2025-08-27,SG
1265,2025-06-16,US
1266,2025-06-13,AE
1267,2025-07-18,UK
1268,2025-08-11,UK
1269,2025-09-05,US
1270,2025-06-26,SG
1271,2025-08-05,AE
1272,2025-08-04,IN
1273,2025-06-06,IN
1274,2025-06-18,UK
1275,2025-09-11,AE
1276,2025-08-06,AE
1277,2025-06-20,SG
1278,2025-09-23,SG
1279,2025-06-18,UK
1280,2025-09-28,SG
1281,2025-07-11,US
1282,2025-07-21,SG
1283,2025-09-03,UK
1284,2025-08-15,UK
1285,2025-08-04,SG
1286,2025-08-08,AE
1287,2025-08-30,SG
1288,2025-07-09,AE
1289,2025-09-13,IN
1290,2025-07-18,UK
1291,2025-08-26,IN
1292,2025-07-24,SG
1293,2025-07-10,IN
1294,2025-08-16,AE
1295,2025-07-04,SG
1296,2025-08-13,US
1297,2025-09-01,IN
1298,2025-08-14,AE
1299,2025-06-22,SG
1300,2025-08-20,SG
1301,2025-09-08,AE
1302,2025-06-19,US
1303,2025-06-05,SG
1304,2025-08-29,IN
1305,2025-06-25,IN
1306,2025-07-27,UK
1307,2025-07-24,US
1308,2025-07-23,US
1309,2025-07-23,SG
1310,2025-09-08,SG
1311,2025-09-26,AE
1312,2025-09-20,IN
1313,2025-08-30,US
1314,2025-08-06,US
1315,2025-08-11,UK
1316,2025-08-24,AE
1317,2025-08-07,AE
1318,2025-07-11,US
1319,2025-07-29,SG
1320,2025-07-14,SG
1321,2025-07-16,UK
1322,2025-08-18,AE
1323,2025-06-25,US
1324,2025-07-06,SG
1325,2025-07-09,US
1326,2025-07-09,UK
1327,2025-08-30,US
1328,2025-08-28,AE
1329,2025-07-11,AE
1330,2025-07-15,SG
1331,2025-09-28,UK
1332,2025-07-07,IN
1333,2025-08-13,SG
1334,2025-07-19,AE
1335,2025-09-13,UK
1336,2025-09-07,US
1337,2025-07-08,IN
1338,2025-07-07,IN
1339,2025-07-15,AE
1340,2025-08-23,UK
1341,2025-09-04,AE
1342,2025-06-28,US
1343,2025-09-14,SG
1344,2025-07-05,SG
1345,2025-08-29,UK
1346,2025-06-18,IN
1347,2025-08-18,SG
1348,2025-07-01,US
1349,2025-06-07,SG
1350,2025-06-29,US
1351,2025-06-07,IN
1352,2025-07-23,UK
1353,2025-08-31,AE
1354,2025-06-13,US
1355,2025-06-01,SG
1356,2025-09-27,US
1357,2025-07-23,AE
1358,2025-08-01,US
1359,2025-09-05,UK
1360,2025-07-12,UK
1361,2025-08-22,IN
1362,2025-09-25,IN
1363,2025-08-23,SG
1364,2025-06-30,SG
1365,2025-09-03,IN
1366,2025-09-25,US
1367,2025-07-24,US
1368,2025-09-28,IN
1369,2025-09-16,AE
1370,2025-09-09,AE
1371,2025-06-24,UK
1372,2025-09-21,IN
1373,2025-06-02,UK
1374,2025-08-12,SG
1375,2025-06-14,UK
1376,2025-07-07,AE
1377,2025-08-22,SG
1378,2025-08-07,AE
1379,2025-09-22,US
1380,2025-09-17,SG
1381,2025-07-30,UK
1382,2025-06-25,IN
1383,2025-07-13,US
1384,2025-09-02,AE
1385,2025-08-22,UK
1386,2025-08-31,US
1387,2025-06-02,UK
1388,2025-09-10,UK
1389,2025-08-12,US
1390,2025-06-23,SG
1391,2025-09-18,AE
1392,2025-09-14,AE
1393,2025-08-05,UK
1394,2025-06-12,AE
1395,2025-08-25,IN
1396,2025-06-24,US
1397,2025-08-01,UK
1398,2025-09-28,US
1399,2025-06-01,UK
1400,2025-07-20,US
1401,2025-07-28,UK
1402,2025-07-13,UK
1403,2025-08-14,SG
1404,2025-06-02,UK
1405,2025-08-23,UK
1406,2025-08-28,US
1407,2025-06-08,IN
1408,2025-07-30,UK
1409,2025-06-21,AE
1410,2025-08-27,SG
1411,2025-09-27,UK
1412,2025-08-28,IN
1413,2025-08-21,UK
1414,2025-07-18,SG
1415,2025-06-29,US
1416,2025-06-18,AE
1417,2025-06-20,AE
1418,2025-09-04,SG
1419,2025-07-18,AE
1420,2025-08-29,SG
1421,2025-09-25,AE
1422,2025-09-05,SG
1423,2025-09-11,US
1424,2025-09-06,US
1425,2025-08-27,SG
1426,2025-09-20,IN
1427,2025-08-07,AE
1428,2025-08-07,UK
1429,2025-06-10,SG
1430,2025-06-15,IN
1431,2025-09-15,SG
1432,2025-09-24,SG
1433,2025-06-26,SG
1434,2025-08-08,US
1435,2025-06-22,UK
1436,2025-09-18,SG
1437,2025-07-27,IN
1438,2025-08-27,US
1439,2025-08-31,SG
1440,2025-08-02,IN
1441,2025-09-24,SG
1442,2025-07-28,IN
1443,2025-07-29,US
1444,2025-08-05,AE
1445,2025-07-29,SG
1446,2025-06-08,SG
1447,2025-07-30,UK
1448,2025-09-01,IN
1449,2025-07-21,UK
1450,2025-09-13,IN
1451,2025-09-04,US
1452,2025-08-14,IN
1453,2025-06-06,AE
1454,2025-07-15,IN
1455,2025-08-09,IN
1456,2025-09-28,IN
1457,2025-09-28,AE
1458,2025-06-05,UK
1459,2025-07-23,US
1460,2025-09-07,US
1461,2025-09-07,AE
1462,2025-07-18,AE
1463,2025-07-28,AE
1464,2025-07-19,IN
1465,2025-08-27,SG
1466,2025-06-18,UK
1467,2025-06-16,US
1468,2025-08-08,AE
1469,2025-08-07,US
1470,2025-09-02,US
1471,2025-09-15,IN
1472,2025-09-05,IN
1473,2025-07-09,AE
1474,2025-08-26,SG
1475,2025-07-25,SG
1476,2025-07-19,US
1477,2025-07-02,AE
1478,2025-07-15,US
1479,2025-07-06,US
1480,2025-09-28,IN
1481,2025-06-05,AE
1482,2025-08-18,IN
1483,2025-07-01,US
1484,2025-06-09,IN
1485,2025-08-16,IN
1486,2025-07-28,SG
1487,2025-08-26,IN
1488,2025-07-02,IN
1489,2025-07-22,AE
1490,2025-06-30,SG
1491,2025-06-28,IN
1492,2025-06-18,SG
1493,2025-07-08,US
1494,2025-09-13,SG
1495,2025-07-11,SG
1496,2025-08-16,UK
1497,2025-07-01,UK
1498,2025-09-21,US
1499,2025-08-24,SG
1500,2025-06-29,AE
1501,2025-07-09,UK
1502,2025-06-08,SG
1503,2025-08-15,US
1504,2025-08-20,AE
1505,2025-08-11,AE
1506,2025-06-07,UK
1507,2025-08-22,AE
1508,2025-09-09,SG
1509,2025-07-11,AE
1510,2025-07-23,US
1511,2025-07-09,AE
1512,2025-06-24,SG
1513,2025-07-31,US
1514,2025-09-17,US
1515,2025-07-09,US
1516,2025-09-12,AE
1517,2025-09-26,IN
1518,2025-08-11,AE
1519,2025-07-24,SG
1520,2025-08-07,US
1521,2025-07-20,US
1522,2025-07-03,US
1523,2025-07-13,IN
1524,2025-09-27,AE
1525,2025-09-17,UK
1526,2025-06-12,SG
1527,2025-09-01,US
1528,2025-06-07,UK
1529,2025-07-19,SG
1530,2025-08-17,IN
1531,2025-09-20,IN
1532,2025-06-25,SG
1533,2025-09-01,SG
1534,2025-06-28,AE
1535,2025-06-27,UK
1536,2025-07-09,IN
1537,2025-06-28,US
1538,2025-09-03,IN
1539,2025-09-04,AE
1540,2025-09-26,US
1541,2025-08-29,SG
1542,2025-08-30,US
1543,2025-07-21,US
1544,2025-08-10,UK
1545,2025-09-08,UK
1546,2025-07-19,AE
1547,2025-08-08,UK
1548,2025-07-10,UK
1549,2025-07-17,SG
1550,2025-09-21,AE
1551,2025-07-30,IN
1552,2025-09-11,AE
1553,2025-09-06,UK
1554,2025-09-26,US
1555,2025-07-18,UK
1556,2025-07-23,IN
1557,2025-08-12,US
1558,2025-09-03,US
1559,2025-06-03,UK
1560,2025-08-10,SG
1561,2025-08-14,AE
1562,2025-07-08,US
1563,2025-06-26,UK
1564,2025-06-30,AE
1565,2025-08-12,US
1566,2025-08-03,SG
1567,2025-08-23,UK
1568,2025-07-03,AE
1569,2025-09-01,AE
1570,2025-07-29,US
1571,2025-09-02,UK
1572,2025-06-22,US
1573,2025-09-01,SG
1574,2025-08-02,US
1575,2025-09-26,SG
1576,2025-08-22,IN
1577,2025-08-07,IN
1578,2025-09-16,IN
1579,2025-09-13,IN
1580,2025-09-06,IN
1581,2025-07-23,US
1582,2025-09-16,US
1583,2025-06-09,US
1584,2025-06-02,US
1585,2025-08-04,AE
1586,2025-07-18,IN
1587,2025-08-19,SG
1588,2025-09-25,AE
1589,2025-08-24,AE
1590,2025-06-03,IN
1591,2025-08-08,SG
1592,2025-07-23,IN
1593,2025-06-03,SG
1594,2025-09-01,UK
1595,2025-08-08,UK
1596,2025-06-03,SG
1597,2025-09-13,AE
1598,2025-09-12,US
1599,2025-06-14,IN
1600,2025-08-07,US
1601,2025-07-01,US
1602,2025-08-19,SG
1603,2025-07-03,UK
1604,2025-07-05,AE
1605,2025-06-11,UK
1606,2025-07-22,AE
1607,2025-08-12,US
1608,2025-08-29,US
1609,2025-07-09,IN
1610,2025-08-23,IN
1611,2025-06-12,AE
1612,2025-07-19,AE
1613,2025-08-10,AE
1614,2025-06-08,IN
1615,2025-08-29,US
1616,2025-06-11,AE
1617,2025-09-17,AE
1618,2025-08-22,UK
1619,2025-08-12,IN
1620,2025-09-23,SG
1621,2025-09-26,IN
1622,2025-06-30,US
1623,2025-09-24,SG
1624,2025-07-31,UK
1625,2025-06-06,IN
1626,2025-08-27,UK
1627,2025-09-24,SG
1628,2025-08-12,IN
1629,2025-06-23,UK
1630,2025-06-03,US
1631,2025-08-15,US
1632,2025-09-05,AE
1633,2025-09-27,IN
1634,2025-07-09,US
1635,2025-08-12,US
1636,2025-08-12,AE
1637,2025-08-26,SG
1638,2025-07-13,AE
1639,2025-09-05,US
1640,2025-09-10,IN
1641,2025-08-04,UK
1642,2025-06-07,IN
1643,2025-07-26,US
1644,2025-09-16,IN
1645,2025-07-14,SG
1646,2025-09-07,SG
1647,2025-08-16,AE
1648,2025-09-08,UK
1649,2025-06-04,UK
1650,2025-09-09,AE
1651,2025-08-02,US
1652,2025-07-16,SG
1653,2025-07-19,AE
1654,2025-06-24,SG
1655,2025-08-24,AE
1656,2025-06-11,SG
1657,2025-07-08,US
1658,2025-08-31,IN
1659,2025-06-11,UK
1660,2025-06-20,AE
1661,2025-08-31,US
1662,2025-09-03,AE
1663,2025-07-11,UK
1664,2025-06-14,IN
1665,2025-06-01,UK
1666,2025-07-27,UK
1667,2025-09-06,UK
1668,2025-06-14,US
1669,2025-06-12,US
1670,2025-07-26,AE
1671,2025-08-11,SG
1672,2025-08-05,AE
1673,2025-06-14,IN
1674,2025-06-12,UK
1675,2025-08-10,IN
1676,2025-08-16,SG
1677,2025-09-09,UK
1678,2025-09-19,AE
1679,2025-06-02,UK
1680,2025-07-23,AE
1681,2025-09-08,IN
1682,2025-09-01,SG
1683,2025-09-24,US
1684,2025-08-13,SG
1685,2025-06-22,AE
1686,2025-06-22,US
1687,2025-07-05,UK
1688,2025-07-05,AE
1689,2025-06-19,IN
1690,2025-06-22,AE
1691,2025-07-06,AE
1692,2025-07-09,AE
1693,2025-09-09,IN
1694,2025-07-17,UK
1695,2025-07-02,AE
1696,2025-08-16,SG
1697,2025-06-26,AE
1698,2025-06-14,US
1699,2025-07-09,IN
1700,2025-07-21,UK
1701,2025-09-16,SG
1702,2025-07-19,UK
1703,2025-07-27,UK
1704,2025-07-26,SG
1705,2025-06-18,UK
1706,2025-07-12,SG
1707,2025-08-28,US
1708,2025-08-01,UK
1709,2025-06-23,AE
1710,2025-07-11,UK
1711,2025-09-03,AE
1712,2025-08-13,US
1713,2025-07-12,AE
1714,2025-07-06,AE
1715,2025-07-17,IN
1716,2025-09-28,SG
1717,2025-06-26,SG
1718,2025-08-09,US
1719,2025-08-27,SG
1720,2025-06-04,AE
1721,2025-08-30,US
1722,2025-07-27,UK
1723,2025-09-15,IN
1724,2025-09-13,AE
1725,2025-08-26,AE
1726,2025-06-18,UK
1727,2025-07-01,UK
1728,2025-08-24,US
1729,2025-08-31,AE
1730,2025-09-10,AE
1731,2025-06-10,AE
1732,2025-08-16,AE
1733,2025-08-14,AE
1734,2025-08-08,SG
1735,2025-09-27,AE
1736,2025-08-09,IN
1737,2025-09-10,UK
1738,2025-08-29,SG
1739,2025-08-16,IN
1740,2025-06-14,US
1741,2025-08-24,UK
1742,2025-06-22,SG
1743,2025-06-06,SG
1744,2025-08-22,AE
1745,2025-09-05,UK
1746,2025-09-10,AE
1747,2025-06-14,IN
1748,2025-06-13,UK
1749,2025-06-29,SG
1750,2025-09-04,SG
1751,2025-08-11,SG
1752,2025-08-28,SG
1753,2025-06-29,AE
1754,2025-07-18,AE
1755,2025-07-30,SG
1756,2025-08-28,SG
1757,2025-06-20,UK
1758,2025-06-04,AE
1759,2025-06-14,UK
1760,2025-07-24,IN
1761,2025-06-15,US
1762,2025-07-15,UK
1763,2025-07-14,AE
1764,2025-09-09,US
1765,2025-08-06,AE
1766,2025-07-15,AE
1767,2025-06-13,AE
1768,2025-09-01,AE
1769,2025-07-11,IN
1770,2025-07-09,IN
1771,2025-09-12,IN
1772,2025-06-03,UK
1773,2025-08-22,IN
1774,2025-08-26,US
1775,2025-09-28,US
1776,2025-08-06,US
1777,2025-08-10,US
1778,2025-07-13,SG
1779,2025-07-25,AE
1780,2025-06-30,AE
1781,2025-08-20,US
1782,2025-06-24,AE
1783,2025-07-21,IN
1784,2025-09-03,SG
1785,2025-09-22,US
1786,2025-07-28,SG
1787,2025-07-25,AE
1788,2025-06-01,US
1789,2025-06-27,UK
1790,2025-09-05,IN
1791,2025-08-13,IN
1792,2025-09-11,SG
1793,2025-06-24,UK
1794,2025-07-12,US
1795,2025-07-29,IN
1796,2025-07-04,AE
1797,2025-08-07,UK
1798,2025-08-16,AE
1799,2025-08-18,AE
1800,2025-08-15,IN
1801,2025-07-15,UK
1802,2025-09-17,AE
1803,2025-08-19,US
1804,2025-09-13,UK
1805,2025-09-26,SG
1806,2025-08-15,IN
1807,2025-08-26,US
1808,2025-07-11,IN
1809,2025-07-01,UK
1810,2025-06-15,US
1811,2025-07-18,US
1812,2025-08-05,AE
1813,2025-07-24,SG
1814,2025-06-18,SG
1815,2025-07-20,AE
1816,2025-06-24,AE
1817,2025-08-21,SG
1818,2025-08-28,US
1819,2025-08-11,US
1820,2025-08-02,UK
1821,2025-06-18,US
1822,2025-07-11,AE
1823,2025-08-19,IN
1824,2025-09-19,UK
1825,2025-06-02,AE
1826,2025-06-18,US
1827,2025-09-13,AE
1828,2025-08-11,SG
1829,2025-08-23,AE
1830,2025-07-23,AE
1831,2025-07-24,AE
1832,2025-08-02,US
1833,2025-06-11,SG
1834,2025-06-04,US
1835,2025-07-08,IN
1836,2025-07-06,US
1837,2025-08-08,UK
1838,2025-06-22,AE
1839,2025-08-12,AE
1840,2025-08-10,SG
1841,2025-06-15,SG
1842,2025-06-15,UK
1843,2025-09-08,SG
1844,2025-09-14,UK
1845,2025-08-09,IN
1846,2025-09-06,AE
1847,2025-08-09,US
1848,2025-07-25,IN
1849,2025-09-03,US
1850,2025-07-09,IN
1851,2025-07-28,UK
1852,2025-07-15,IN
1853,2025-07-27,IN
1854,2025-09-08,US
1855,2025-06-27,SG
1856,2025-08-28,UK
1857,2025-09-19,SG
1858,2025-08-20,AE
1859,2025-06-22,SG
1860,2025-06-18,US
1861,2025-09-13,US
1862,2025-09-12,IN
1863,2025-08-12,UK
1864,2025-08-08,UK
1865,2025-08-16,SG
1866,2025-06-22,UK
1867,2025-08-30,UK
1868,2025-07-08,SG
1869,2025-07-05,SG
1870,2025-09-24,IN
1871,2025-06-18,AE
1872,2025-09-26,IN
1873,2025-07-06,US
1874,2025-08-29,US
1875,2025-07-02,US
1876,2025-08-31,UK
1877,2025-09-15,US
1878,2025-09-06,AE
1879,2025-08-02,US
1880,2025-08-13,UK
1881,2025-08-20,AE
1882,2025-07-19,AE
1883,2025-06-10,IN
1884,2025-07-22,SG
1885,2025-09-04,UK
1886,2025-08-28,UK
1887,2025-07-29,AE
1888,2025-07-12,SG
1889,2025-06-01,IN
1890,2025-09-02,AE
1891,2025-08-21,UK
1892,2025-09-17,IN
1893,2025-09-10,SG
1894,2025-07-21,US
1895,2025-07-25,US
1896,2025-08-03,UK
1897,2025-07-12,UK
1898,2025-07-14,SG
1899,2025-08-13,US
1900,2025-08-12,AE
1901,2025-09-09,UK
1902,2025-09-23,IN
1903,2025-06-06,IN
1904,2025-08-20,AE
1905,2025-06-03,IN
1906,2025-09-27,US
1907,2025-07-27,AE
1908,2025-06-01,AE
1909,2025-06-26,US
1910,2025-09-21,UK
1911,2025-06-21,UK
1912,2025-06-12,UK
1913,2025-07-03,IN
1914,2025-07-18,US
1915,2025-06-07,AE
1916,2025-08-20,UK
1917,2025-09-01,US
1918,2025-07-25,IN
1919,2025-08-30,IN
1920,2025-06-01,US
1921,2025-08-01,IN
1922,2025-06-17,SG
1923,2025-06-29,SG
1924,2025-08-27,AE
1925,2025-06-02,IN
1926,2025-08-29,UK
1927,2025-09-13,IN
1928,2025-09-19,AE
1929,2025-08-28,US
1930,2025-08-01,IN
1931,2025-06-30,AE
1932,2025-06-12,IN
1933,2025-06-14,UK
1934,2025-07-18,UK
1935,2025-06-18,AE
1936,2025-09-08,US
1937,2025-08-22,US
1938,2025-06-09,SG
1939,2025-08-12,IN
1940,2025-08-18,US
1941,2025-07-27,UK
1942,2025-09-01,US
1943,2025-08-20,US
1944,2025-09-26,AE
1945,2025-08-18,AE
1946,2025-09-19,US
1947,2025-06-12,IN
1948,2025-06-18,IN
1949,2025-08-15,AE
1950,2025-07-15,AE
1951,2025-07-11,US
1952,2025-07-02,UK
1953,2025-08-22,IN
1954,2025-07-02,SG
1955,2025-08-16,SG
1956,2025-09-01,SG
1957,2025-07-07,IN
1958,2025-09-17,UK
1959,2025-06-27,SG
1960,2025-08-17,SG
1961,2025-06-25,AE
1962,2025-07-08,IN
1963,2025-09-09,US
1964,2025-08-03,AE
1965,2025-06-15,US
1966,2025-08-03,SG
1967,2025-06-10,SG
1968,2025-09-22,IN
1969,2025-07-17,UK
1970,2025-06-17,AE
1971,2025-09-19,SG
1972,2025-07-24,UK
1973,2025-08-09,US
1974,2025-09-06,AE
1975,2025-09-07,IN
1976,2025-06-03,SG
1977,2025-06-09,IN
1978,2025-07-04,US
1979,2025-06-06,IN
1980,2025-09-10,AE
1981,2025-08-04,UK
1982,2025-08-20,SG
1983,2025-09-07,AE
1984,2025-07-25,AE
1985,2025-06-11,SG
1986,2025-08-08,SG
1987,2025-06-20,UK
1988,2025-06-11,UK
1989,2025-06-11,SG
1990,2025-09-26,US
1991,2025-09-12,US
1992,2025-08-08,UK
1993,2025-07-21,SG
1994,2025-08-21,IN
1995,2025-07-10,AE
1996,2025-09-02,US
1997,2025-06-08,US
1998,2025-06-12,AE
1999,2025-06-15,AE
2000,2025-08-18,SG
2001,2025-06-08,UK
2002,2025-08-25,US
2003,2025-06-16,IN
2004,2025-08-30,US
2005,2025-08-29,IN
2006,2025-06-21,AE
2007,2025-07-15,SG
2008,2025-08-06,UK
2009,2025-06-22,UK
2010,2025-06-17,UK
2011,2025-09-02,IN
2012,2025-09-07,IN
2013,2025-07-13,AE
2014,2025-07-05,SG
2015,2025-06-09,UK
2016,2025-08-31,SG
2017,2025-08-20,IN
2018,2025-08-03,AE
2019,2025-08-05,UK
2020,2025-06-08,AE
2021,2025-09-18,SG
2022,2025-06-22,UK
2023,2025-06-21,UK
2024,2025-09-07,IN
2025,2025-09-23,SG
2026,2025-08-26,IN
2027,2025-06-30,SG
2028,2025-06-01,IN
2029,2025-09-18,IN
2030,2025-07-02,IN
2031,2025-07-31,UK
2032,2025-07-20,US
2033,2025-06-23,IN
2034,2025-08-10,AE
2035,2025-06-29,UK
2036,2025-07-02,AE
2037,2025-09-26,UK
2038,2025-07-05,IN
2039,2025-08-13,UK
2040,2025-06-16,SG
2041,2025-08-26,IN
2042,2025-06-23,US
2043,2025-09-11,SG
2044,2025-06-06,AE
2045,2025-06-09,AE
2046,2025-09-19,UK
2047,2025-09-08,UK
2048,2025-07-12,IN
2049,2025-08-10,AE
2050,2025-06-02,UK
2051,2025-06-26,UK
2052,2025-08-12,UK
2053,2025-09-03,SG
2054,2025-07-02,AE
2055,2025-07-18,SG
2056,2025-08-03,US
2057,2025-09-02,SG
2058,2025-09-06,US
2059,2025-06-20,IN
2060,2025-09-28,AE
2061,2025-06-04,US
2062,2025-08-09,UK
2063,2025-08-21,IN
2064,2025-07-13,IN
2065,2025-09-06,AE
2066,2025-09-17,UK
2067,2025-06-14,US
2068,2025-08-07,US
2069,2025-07-24,AE
2070,2025-06-08,US
2071,2025-08-31,UK
2072,2025-06-12,IN
2073,2025-09-26,US
2074,2025-09-23,SG
2075,2025-07-23,UK
2076,2025-07-29,IN
2077,2025-08-14,IN
2078,2025-08-04,US
2079,2025-08-21,AE
2080,2025-06-10,SG
2081,2025-08-12,IN
2082,2025-07-26,US
2083,2025-07-01,UK
2084,2025-07-04,UK
2085,2025-09-27,AE
2086,2025-08-29,UK
2087,2025-07-11,AE
2088,2025-07-05,US
2089,2025-06-10,US
2090,2025-06-18,SG
2091,2025-06-14,US
2092,2025-06-14,US
2093,2025-07-28,AE
2094,2025-07-11,AE
2095,2025-06-16,SG
2096,2025-07-16,US
2097,2025-07-28,UK
2098,2025-07-30,UK
2099,2025-09-18,IN
2100,2025-06-12,US
2101,2025-09-12,UK
2102,2025-09-14,SG
2103,2025-06-06,US
2104,2025-09-15,UK
2105,2025-06-19,IN
2106,2025-08-31,US
2107,2025-07-16,AE
2108,2025-08-05,IN
2109,2025-08-26,UK
2110,2025-07-04,US
2111,2025-06-04,AE
2112,2025-09-18,AE
2113,2025-08-11,SG
2114,2025-07-02,IN
2115,2025-07-30,IN
2116,2025-09-11,US
2117,2025-06-16,IN
2118,2025-06-08,US
2119,2025-06-17,US
2120,2025-09-14,AE
2121,2025-07-18,IN
2122,2025-08-14,SG
2123,2025-07-04,IN
2124,2025-06-03,IN
2125,2025-06-26,AE
2126,2025-09-12,US
2127,2025-06-12,UK
2128,2025-06-16,IN
2129,2025-07-30,IN
2130,2025-06-22,SG
2131,2025-07-26,AE
2132,2025-08-03,IN
2133,2025-07-19,AE
2134,2025-06-23,UK
2135,2025-06-28,US
2136,2025-07-06,UK
2137,2025-07-28,US
2138,2025-06-05,SG
2139,2025-08-19,SG
2140,2025-07-02,UK
2141,2025-08-03,AE
2142,2025-09-21,SG
2143,2025-08-01,IN
2144,2025-06-12,UK
2145,2025-07-20,US
2146,2025-07-24,US
2147,2025-08-22,SG
2148,2025-07-02,SG
2149,2025-09-10,IN
2150,2025-07-19,UK
2151,2025-08-01,SG
2152,2025-09-09,AE
2153,2025-07-15,SG
2154,2025-08-04,UK
2155,2025-07-20,UK
2156,2025-06-24,IN
2157,2025-07-11,SG
2158,2025-06-29,IN
2159,2025-09-23,UK
2160,2025-06-08,AE
2161,2025-08-07,UK
2162,2025-09-07,SG
2163,2025-06-30,US
2164,2025-06-13,US
2165,2025-08-24,US
2166,2025-07-05,SG
2167,2025-09-13,IN
2168,2025-09-06,US
2169,2025-08-13,AE
2170,2025-07-16,US
2171,2025-06-23,US
2172,2025-08-15,UK
2173,2025-09-12,UK
2174,2025-09-25,SG
2175,2025-06-04,UK
2176,2025-08-12,SG
2177,2025-06-19,SG
2178,2025-06-25,AE
2179,2025-08-09,UK
2180,2025-06-23,AE
2181,2025-06-05,IN
2182,2025-06-08,US
2183,2025-08-17,US
2184,2025-06-03,SG
2185,2025-08-01,IN
2186,2025-07-13,SG
2187,2025-06-26,US
2188,2025-07-14,US
2189,2025-09-26,UK
2190,2025-06-08,IN
2191,2025-06-19,SG
2192,2025-08-30,US
2193,2025-09-08,IN
2194,2025-09-17,SG
2195,2025-09-19,UK
2196,2025-06-10,UK
2197,2025-08-30,AE
2198,2025-08-15,IN
2199,2025-07-14,UK
2200,2025-07-12,US
2201,2025-06-21,AE
2202,2025-09-10,AE
2203,2025-08-23,UK
2204,2025-06-23,SG
2205,2025-08-28,SG
2206,2025-09-09,UK
2207,2025-06-29,SG
2208,2025-09-13,US
2209,2025-07-19,UK
2210,2025-09-02,UK
2211,2025-06-17,US
2212,2025-09-02,IN
2213,2025-08-29,SG
2214,2025-07-21,SG
2215,2025-06-05,US
2216,2025-08-17,UK
2217,2025-09-26,SG
2218,2025-06-29,SG
2219,2025-06-14,AE
2220,2025-06-19,UK
2221,2025-09-04,IN
2222,2025-07-01,UK
2223,2025-07-11,US
2224,2025-08-21,IN
2225,2025-09-14,UK
2226,2025-07-28,IN
2227,2025-07-04,US
2228,2025-07-02,IN
2229,2025-07-15,UK
2230,2025-09-09,IN
2231,2025-09-01,IN
2232,2025-06-07,AE
2233,2025-07-27,AE
2234,2025-06-22,AE
2235,2025-08-03,AE
2236,2025-07-15,SG
2237,2025-07-19,IN
2238,2025-09-15,AE
2239,2025-09-09,SG
2240,2025-08-23,US
2241,2025-06-21,AE
2242,2025-06-10,IN
2243,2025-07-08,IN
2244,2025-07-11,UK
2245,2025-06-14,IN
2246,2025-07-14,US
2247,2025-09-22,AE
2248,2025-06-21,IN
2249,2025-08-10,IN
2250,2025-07-14,SG
2251,2025-08-18,AE
2252,2025-08-30,IN
2253,2025-07-26,US
2254,2025-08-17,AE
2255,2025-06-21,IN
2256,2025-06-13,UK
2257,2025-06-27,US
2258,2025-07-23,SG
2259,2025-09-01,SG
2260,2025-07-04,UK
2261,2025-07-09,US
2262,2025-06-13,IN
2263,2025-07-21,SG
2264,2025-08-10,AE
2265,2025-06-20,IN
2266,2025-07-17,IN
2267,2025-07-25,IN
2268,2025-07-08,SG
2269,2025-08-01,US
2270,2025-06-13,IN
2271,2025-06-27,US
2272,2025-08-21,UK
2273,2025-06-11,AE
2274,2025-09-17,IN
2275,2025-07-10,AE
2276,2025-07-31,AE
2277,2025-09-23,UK
2278,2025-06-12,SG
2279,2025-07-20,US
2280,2025-07-18,AE
2281,2025-07-18,US
2282,2025-07-28,IN
2283,2025-07-04,AE
2284,2025-07-30,UK
2285,2025-06-29,UK
2286,2025-08-12,IN
2287,2025-06-20,IN
2288,2025-06-11,UK
2289,2025-09-12,SG
2290,2025-07-23,SG
2291,2025-06-30,SG
2292,2025-06-08,AE
2293,2025-09-13,SG
2294,2025-07-24,SG
2295,2025-08-27,AE
2296,2025-08-13,US
2297,2025-07-31,UK
2298,2025-06-11,AE
2299,2025-09-24,IN
2300,2025-08-04,SG
2301,2025-09-24,SG
2302,2025-09-11,SG
2303,2025-08-26,SG
2304,2025-06-19,IN
2305,2025-09-05,AE
2306,2025-06-23,US
2307,2025-06-28,US
2308,2025-06-17,IN
2309,2025-07-25,IN
2310,2025-08-27,AE
2311,2025-06-26,US
2312,2025-09-15,SG
2313,2025-07-04,UK
2314,2025-09-25,IN
2315,2025-06-12,AE
2316,2025-08-11,AE
2317,2025-08-10,UK
2318,2025-09-18,UK
2319,2025-08-06,AE
2320,2025-09-26,IN
2321,2025-09-09,SG
2322,2025-08-15,SG
2323,2025-09-09,AE
2324,2025-06-15,AE
2325,2025-06-20,US
2326,2025-08-12,SG
2327,2025-08-14,IN
2328,2025-09-27,IN
2329,2025-08-12,IN
2330,2025-09-09,UK
2331,2025-09-20,SG
2332,2025-09-21,UK
2333,2025-09-21,AE
2334,2025-07-04,AE
2335,2025-08-23,AE
2336,2025-08-13,SG
2337,2025-07-31,IN
2338,2025-06-23,UK
2339,2025-07-22,US
2340,2025-08-19,SG
2341,2025-08-27,AE
2342,2025-06-05,AE
2343,2025-09-22,UK
2344,2025-08-28,US
2345,2025-06-07,AE
2346,2025-09-26,UK
2347,2025-09-23,UK
2348,2025-06-03,UK
2349,2025-09-13,UK
2350,2025-07-10,UK
2351,2025-09-16,AE
2352,2025-09-18,IN
2353,2025-09-20,US
2354,2025-06-18,UK
2355,2025-09-04,AE
2356,2025-09-08,UK
2357,2025-07-05,AE
2358,2025-08-17,IN
2359,2025-06-25,AE
2360,2025-06-28,AE
2361,2025-09-03,AE
2362,2025-09-06,SG
2363,2025-09-20,UK
2364,2025-09-14,IN
2365,2025-08-05,US
2366,2025-06-09,UK
2367,2025-08-30,SG
2368,2025-07-22,US
2369,2025-09-08,SG
2370,2025-09-21,SG
2371,2025-06-04,US
2372,2025-06-25,US
2373,2025-09-16,IN
2374,2025-07-02,IN
2375,2025-07-29,IN
2376,2025-09-26,UK
2377,2025-08-30,US
2378,2025-07-06,UK
2379,2025-09-14,AE
2380,2025-08-04,AE
2381,2025-08-21,IN
2382,2025-08-27,IN
2383,2025-07-01,UK
2384,2025-08-02,SG
2385,2025-07-28,US
2386,2025-09-20,AE
2387,2025-08-15,SG
2388,2025-07-15,UK
2389,2025-06-21,UK
2390,2025-09-04,IN
2391,2025-07-07,IN
2392,2025-07-20,IN
2393,2025-06-21,SG
2394,2025-09-08,US
2395,2025-09-18,US
2396,2025-08-22,US
2397,2025-08-26,US
2398,2025-07-05,AE
2399,2025-08-05,IN
2400,2025-09-19,IN
2401,2025-07-31,US
2402,2025-08-22,US
2403,2025-08-16,IN
2404,2025-06-29,UK
2405,2025-08-17,UK
2406,2025-08-31,UK
2407,2025-07-25,AE
2408,2025-09-18,UK
2409,2025-07-29,UK
2410,2025-06-28,AE
2411,2025-07-09,SG
2412,2025-09-14,SG
2413,2025-07-21,SG
2414,2025-06-14,IN
2415,2025-08-05,UK
2416,2025-08-11,SG
2417,2025-08-17,UK
2418,2025-07-09,IN
2419,2025-08-01,IN
2420,2025-07-14,UK
2421,2025-08-21,UK
2422,2025-09-19,UK
2423,2025-07-04,UK
2424,2025-06-25,US
2425,2025-08-06,US
2426,2025-09-24,IN
2427,2025-09-12,SG
2428,2025-07-22,UK
2429,2025-08-27,US
2430,2025-09-01,IN
2431,2025-08-23,AE
2432,2025-07-08,UK
2433,2025-09-25,AE
2434,2025-07-22,AE
2435,2025-09-03,IN
2436,2025-08-14,SG
2437,2025-09-13,US
2438,2025-07-14,US
2439,2025-08-27,SG
2440,2025-08-21,AE
2441,2025-09-25,UK
2442,2025-08-04,UK
2443,2025-09-17,US
2444,2025-09-16,SG
2445,2025-06-24,UK
2446,2025-06-13,AE
2447,2025-06-17,UK
2448,2025-09-01,SG
2449,2025-09-06,US
2450,2025-08-27,UK
2451,2025-08-23,IN
2452,2025-06-29,UK
2453,2025-06-29,UK
2454,2025-07-24,UK
2455,2025-07-18,UK
2456,2025-08-14,UK
2457,2025-07-30,IN
2458,2025-07-31,IN
2459,2025-09-19,SG
2460,2025-08-14,SG
2461,2025-06-10,AE
2462,2025-09-22,US
2463,2025-08-04,IN
2464,2025-09-20,AE
2465,2025-08-07,UK
2466,2025-07-23,IN
2467,2025-09-20,US
2468,2025-06-18,US
2469,2025-07-14,AE
2470,2025-08-12,AE
2471,2025-06-19,UK
2472,2025-09-19,US
2473,2025-09-08,IN
2474,2025-08-02,UK
2475,2025-08-20,US
2476,2025-07-11,IN
2477,2025-06-01,AE
2478,2025-07-06,US
2479,2025-09-06,US
2480,2025-08-13,US
2481,2025-08-02,IN
2482,2025-06-17,SG
2483,2025-07-26,AE
2484,2025-07-22,AE
2485,2025-08-01,AE
2486,2025-06-01,IN
2487,2025-08-08,US
2488,2025-09-02,UK
2489,2025-06-02,UK
2490,2025-09-05,SG
2491,2025-06-25,IN
2492,2025-08-26,IN
2493,2025-08-20,US
2494,2025-06-29,UK
2495,2025-07-10,US
2496,2025-06-14,AE
2497,2025-08-04,SG
2498,2025-07-10,US
2499,2025-06-09,IN
2500,2025-07-09,UK
2501,2025-07-29,SG
2502,2025-08-16,SG
2503,2025-07-14,AE
2504,2025-09-22,US
2505,2025-07-14,AE
2506,2025-07-16,US
2507,2025-06-22,AE
2508,2025-06-03,US
2509,2025-06-29,US
2510,2025-06-28,IN
2511,2025-08-15,SG
2512,2025-06-22,IN
2513,2025-07-17,IN
2514,2025-07-19,UK
2515,2025-09-07,SG
2516,2025-08-19,IN
2517,2025-08-16,IN
2518,2025-08-24,IN
2519,2025-08-23,IN
2520,2025-06-07,IN
2521,2025-07-24,AE
2522,2025-07-19,IN
2523,2025-08-10,UK
2524,2025-07-31,US
2525,2025-06-27,IN
2526,2025-07-09,AE
2527,2025-08-24,IN
2528,2025-08-24,SG
2529,2025-07-05,SG
2530,2025-08-17,US
2531,2025-07-24,IN
2532,2025-08-05,SG
2533,2025-06-16,UK
2534,2025-06-15,IN
2535,2025-08-03,US
2536,2025-08-17,US
2537,2025-09-08,UK
2538,2025-09-15,SG
2539,2025-06-26,UK
2540,2025-08-30,AE
2541,2025-07-08,US
2542,2025-06-06,SG
2543,2025-08-03,US
2544,2025-08-28,AE
2545,2025-07-13,US
2546,2025-06-01,IN
2547,2025-08-25,IN
2548,2025-09-25,IN
2549,2025-09-15,SG
2550,2025-08-25,AE
2551,2025-06-20,IN
2552,2025-09-08,SG
2553,2025-06-10,IN
2554,2025-09-24,UK
2555,2025-08-22,US
2556,2025-07-29,UK
2557,2025-07-04,AE
2558,2025-06-07,IN
2559,2025-09-13,US
2560,2025-09-20,IN
2561,2025-09-18,UK
2562,2025-07-17,UK
2563,2025-07-25,IN
2564,2025-06-13,IN
2565,2025-06-02,US
2566,2025-08-24,US
2567,2025-07-13,UK
2568,2025-09-23,AE
2569,2025-08-19,UK
2570,2025-09-21,IN
2571,2025-07-18,UK
2572,2025-06-24,IN
2573,2025-07-22,AE
2574,2025-07-29,UK
2575,2025-09-15,AE
2576,2025-08-28,AE
2577,2025-09-11,AE
2578,2025-08-23,US
2579,2025-06-15,US
2580,2025-08-29,IN
2581,2025-09-17,US
2582,2025-06-14,AE
2583,2025-09-25,SG
2584,2025-08-01,SG
2585,2025-08-26,AE
2586,2025-06-24,SG
2587,2025-07-19,UK
2588,2025-08-18,IN
2589,2025-09-19,US
2590,2025-08-01,AE
2591,2025-06-15,AE
2592,2025-07-27,IN
2593,2025-06-09,UK
2594,2025-08-23,UK
2595,2025-06-02,SG
2596,2025-09-07,SG
2597,2025-09-01,SG
2598,2025-06-29,UK
2599,2025-08-06,SG
2600,2025-08-28,SG
2601,2025-06-13,AE
2602,2025-08-24,US
2603,2025-08-01,UK
2604,2025-08-24,AE
2605,2025-06-20,SG
2606,2025-09-23,SG
2607,2025-06-07,IN
2608,2025-08-22,US
2609,2025-08-04,AE
2610,2025-09-18,AE
2611,2025-09-20,US
2612,2025-06-10,AE
2613,2025-07-12,US
2614,2025-07-13,UK
2615,2025-06-07,SG
2616,2025-06-29,SG
2617,2025-08-22,AE
2618,2025-07-22,US
2619,2025-06-11,AE
2620,2025-07-27,SG
2621,2025-07-28,IN
2622,2025-09-18,AE
2623,2025-07-28,UK
2624,2025-06-16,AE
2625,2025-09-04,IN
2626,2025-06-14,AE
2627,2025-07-23,IN
2628,2025-08-11,SG
2629,2025-06-01,IN
2630,2025-09-10,SG
2631,2025-08-19,UK
2632,2025-09-22,SG
2633,2025-08-11,US
2634,2025-08-23,AE
2635,2025-07-14,UK
2636,2025-09-14,IN
2637,2025-09-13,US
2638,2025-09-17,AE
2639,2025-07-13,SG
2640,2025-09-07,SG
2641,2025-08-16,AE
2642,2025-08-31,UK
2643,2025-08-31,AE
2644,2025-06-15,IN
2645,2025-09-06,US
2646,2025-06-01,UK
2647,2025-07-16,UK
2648,2025-08-10,SG
2649,2025-07-18,IN
2650,2025-06-06,US
2651,2025-08-03,US
2652,2025-09-14,AE
2653,2025-06-14,UK
2654,2025-08-18,US
2655,2025-06-25,IN
2656,2025-09-28,AE
2657,2025-06-28,AE
2658,2025-09-14,US
2659,2025-08-31,UK
2660,2025-06-14,AE
2661,2025-06-06,SG
2662,2025-06-16,AE
2663,2025-07-29,SG
2664,2025-08-04,US
2665,2025-08-03,IN
2666,2025-08-07,IN
2667,2025-08-10,AE
2668,2025-09-16,SG
2669,2025-08-01,SG
2670,2025-09-08,US
2671,2025-08-28,SG
2672,2025-06-23,US
2673,2025-06-14,AE
2674,2025-08-24,SG
2675,2025-08-17,UK
2676,2025-08-04,AE
2677,2025-07-24,SG
2678,2025-09-26,US
2679,2025-07-06,AE
2680,2025-07-14,UK
2681,2025-07-28,US
2682,2025-06-18,AE
2683,2025-08-17,SG
2684,2025-07-09,SG
2685,2025-09-19,UK
2686,2025-08-31,SG
2687,2025-08-20,US
2688,2025-06-26,US
2689,2025-08-19,UK
2690,2025-08-27,UK
2691,2025-09-26,US
2692,2025-08-30,US
2693,2025-08-04,SG
2694,2025-08-28,UK
2695,2025-08-30,IN
2696,2025-09-06,UK
2697,2025-08-11,AE
2698,2025-08-14,SG
2699,2025-08-25,AE
2700,2025-08-26,SG
2701,2025-07-07,AE
2702,2025-09-12,IN
2703,2025-08-06,IN
2704,2025-06-04,AE
2705,2025-06-19,IN
2706,2025-08-25,IN
2707,2025-06-26,UK
2708,2025-09-05,US
2709,2025-07-07,UK
2710,2025-06-19,IN
2711,2025-08-28,UK
2712,2025-06-27,SG
2713,2025-06-05,UK
2714,2025-09-13,AE
2715,2025-06-14,SG
2716,2025-09-20,SG
2717,2025-09-19,US
2718,2025-09-04,SG
2719,2025-07-20,US
2720,2025-08-05,UK
2721,2025-08-28,IN
2722,2025-09-27,AE
2723,2025-07-20,AE
2724,2025-09-09,UK
2725,2025-08-10,IN
2726,2025-06-02,UK
2727,2025-06-26,SG
2728,2025-09-20,AE
2729,2025-09-15,US
2730,2025-09-25,UK
2731,2025-09-05,SG
2732,2025-08-09,SG
2733,2025-06-26,US
2734,2025-07-08,AE
2735,2025-06-23,IN
2736,2025-06-24,US
2737,2025-09-03,SG
2738,2025-06-16,AE
2739,2025-06-06,AE
2740,2025-07-06,SG
2741,2025-07-04,US
2742,2025-06-21,SG
2743,2025-09-17,UK
2744,2025-06-01,UK
2745,2025-07-30,US
2746,2025-06-06,US
2747,2025-09-27,UK
2748,2025-08-16,IN
2749,2025-09-08,SG
2750,2025-09-16,UK
2751,2025-08-02,SG
2752,2025-08-10,UK
2753,2025-06-10,UK
2754,2025-08-07,US
2755,2025-06-24,SG
2756,2025-06-09,SG
2757,2025-06-21,AE
2758,2025-08-09,SG
2759,2025-07-22,IN
2760,2025-07-15,US
2761,2025-09-22,US
2762,2025-08-24,UK
2763,2025-07-13,UK
2764,2025-07-08,US
2765,2025-09-05,SG
2766,2025-08-07,AE
2767,2025-08-11,IN
2768,2025-06-15,UK
2769,2025-07-28,US
2770,2025-09-24,SG
2771,2025-09-26,SG
2772,2025-07-02,IN
2773,2025-08-27,UK
2774,2025-07-19,IN
2775,2025-07-20,UK
2776,2025-08-09,UK
2777,2025-06-04,SG
2778,2025-09-14,UK
2779,2025-08-05,SG
2780,2025-07-28,AE
2781,2025-06-06,UK
2782,2025-09-23,US
2783,2025-07-12,SG
2784,2025-06-11,IN
2785,2025-06-22,SG
2786,2025-08-08,IN
2787,2025-08-20,IN
2788,2025-06-27,US
2789,2025-09-19,AE
2790,2025-09-15,IN
2791,2025-06-27,SG
2792,2025-09-15,AE
2793,2025-08-22,IN
2794,2025-09-04,US
2795,2025-06-04,AE
2796,2025-08-31,UK
2797,2025-06-05,IN
2798,2025-06-10,IN
2799,2025-06-23,UK
2800,2025-08-11,IN
2801,2025-08-13,US
2802,2025-09-25,UK
2803,2025-07-23,AE
2804,2025-07-28,AE
2805,2025-07-26,UK
2806,2025-06-03,AE
2807,2025-08-26,IN
2808,2025-08-08,IN
2809,2025-08-22,SG
2810,2025-06-09,SG
2811,2025-06-06,IN
2812,2025-07-16,SG
2813,2025-06-14,UK
2814,2025-09-09,UK
2815,2025-08-17,IN
2816,2025-07-07,AE
2817,2025-07-19,AE
2818,2025-09-14,IN
2819,2025-07-31,US
2820,2025-08-08,US
2821,2025-06-18,AE
2822,2025-09-10,SG
2823,2025-07-08,US
2824,2025-07-09,UK
2825,2025-06-02,SG
2826,2025-09-20,SG
2827,2025-06-19,IN
2828,2025-06-06,IN
2829,2025-08-13,SG
2830,2025-07-21,SG
2831,2025-08-10,IN
2832,2025-07-10,US
2833,2025-09-04,UK
2834,2025-06-28,AE
2835,2025-09-24,SG
2836,2025-06-19,US
2837,2025-06-24,US
2838,2025-08-18,UK
2839,2025-06-25,IN
2840,2025-06-24,SG
2841,2025-09-18,IN
2842,2025-09-17,SG
2843,2025-07-30,SG
2844,2025-06-10,UK
2845,2025-08-25,IN
2846,2025-07-03,IN
2847,2025-06-26,SG
2848,2025-08-02,UK
2849,2025-07-16,US
2850,2025-08-25,US
2851,2025-06-13,UK
2852,2025-08-19,IN
2853,2025-09-24,US
2854,2025-07-11,AE
2855,2025-07-28,UK
2856,2025-08-18,UK
2857,2025-08-28,SG
2858,2025-06-20,SG
2859,2025-08-12,UK
2860,2025-09-12,UK
2861,2025-07-25,US
2862,2025-06-01,UK
2863,2025-07-02,US
2864,2025-08-31,AE
2865,2025-07-06,UK
2866,2025-06-18,UK
2867,2025-09-21,AE
2868,2025-07-30,AE
2869,2025-07-16,UK
2870,2025-08-02,SG
2871,2025-06-14,US
2872,2025-08-22,SG
2873,2025-06-11,UK
2874,2025-09-18,US
2875,2025-09-23,SG
2876,2025-06-26,UK
2877,2025-09-02,IN
2878,2025-09-02,IN
2879,2025-09-23,IN
2880,2025-09-17,SG
2881,2025-08-20,IN
2882,2025-09-13,SG
2883,2025-08-14,AE
2884,2025-09-07,SG
2885,2025-06-28,IN
2886,2025-08-10,UK
2887,2025-08-09,SG
2888,2025-07-31,US
2889,2025-07-17,AE
2890,2025-06-29,SG
2891,2025-09-02,UK
2892,2025-06-18,AE
2893,2025-08-04,SG
2894,2025-06-12,AE
2895,2025-07-17,SG
2896,2025-06-02,US
2897,2025-09-17,SG
2898,2025-08-27,US
2899,2025-09-05,SG
2900,2025-06-18,AE
2901,2025-06-21,US
2902,2025-08-12,SG
2903,2025-08-24,US
2904,2025-09-03,AE
2905,2025-07-16,IN
2906,2025-06-29,AE
2907,2025-06-30,IN
2908,2025-07-04,UK
2909,2025-06-30,IN
2910,2025-08-25,US
2911,2025-08-06,UK
2912,2025-07-20,AE
2913,2025-09-26,AE
2914,2025-09-21,IN
2915,2025-06-06,UK
2916,2025-06-14,SG
2917,2025-08-21,UK
2918,2025-09-15,UK
2919,2025-08-14,SG
2920,2025-08-12,US
2921,2025-07-19,AE
2922,2025-07-17,SG
2923,2025-08-23,IN
2924,2025-08-06,UK
2925,2025-07-19,US
2926,2025-08-06,AE
2927,2025-07-16,UK
2928,2025-08-02,AE
2929,2025-09-22,SG
2930,2025-06-01,SG
2931,2025-09-21,US
2932,2025-07-27,US
2933,2025-06-30,IN
2934,2025-08-05,UK
2935,2025-06-28,US
2936,2025-06-24,US
2937,2025-07-17,SG
2938,2025-08-31,IN
2939,2025-08-24,US
2940,2025-07-24,UK
2941,2025-09-01,IN
2942,2025-08-01,AE
2943,2025-08-01,US
2944,2025-08-15,US
2945,2025-08-22,AE
2946,2025-06-03,US
2947,2025-06-06,US
2948,2025-08-13,SG
2949,2025-06-21,US
2950,2025-08-20,SG
2951,2025-06-06,SG
2952,2025-06-19,IN
2953,2025-06-22,UK
2954,2025-09-27,US
2955,2025-08-06,AE
2956,2025-08-16,SG
2957,2025-08-21,IN
2958,2025-09-21,UK
2959,2025-06-11,US
2960,2025-07-28,SG
2961,2025-07-31,AE
2962,2025-06-22,US
2963,2025-09-15,AE
2964,2025-08-16,US
2965,2025-09-10,SG
2966,2025-09-14,US
2967,2025-08-19,SG
2968,2025-07-04,US
2969,2025-09-01,UK
2970,2025-09-27,AE
2971,2025-08-16,SG
2972,2025-06-09,US
2973,2025-07-19,AE
2974,2025-06-17,IN
2975,2025-06-03,US
2976,2025-08-06,SG
2977,2025-08-27,AE
2978,2025-09-14,US
2979,2025-08-17,IN
2980,2025-06-23,AE
2981,2025-09-24,SG
2982,2025-08-16,IN
2983,2025-09-21,SG
2984,2025-08-04,IN
2985,2025-06-12,AE
2986,2025-08-24,US
2987,2025-09-24,SG
2988,2025-08-09,IN
2989,2025-09-23,AE
2990,2025-08-06,AE
2991,2025-07-18,IN
2992,2025-08-29,SG
2993,2025-07-25,US
2994,2025-09-11,AE
2995,2025-09-10,AE
2996,2025-07-15,SG
2997,2025-09-11,SG
2998,2025-06-13,AE
2999,2025-06-18,UK
3000,2025-08-01,US
3001,2025-09-25,IN
3002,2025-07-07,SG
3003,2025-09-21,SG
3004,2025-07-23,UK
3005,2025-06-25,IN
3006,2025-08-30,IN
3007,2025-08-13,SG
3008,2025-06-16,SG
3009,2025-06-01,AE
3010,2025-08-23,US
3011,2025-08-28,UK
3012,2025-07-23,UK
3013,2025-06-14,US
3014,2025-07-25,SG
3015,2025-07-03,UK
3016,2025-09-18,SG
3017,2025-07-25,SG
3018,2025-07-17,SG
3019,2025-07-06,AE
3020,2025-09-05,US
3021,2025-07-23,SG
3022,2025-09-09,SG
3023,2025-08-01,US
3024,2025-07-18,SG
3025,2025-08-11,AE
3026,2025-07-03,UK
3027,2025-08-13,UK
3028,2025-09-08,AE
3029,2025-09-03,US
3030,2025-09-18,IN
3031,2025-09-04,US
3032,2025-07-28,US
3033,2025-06-13,US
3034,2025-08-05,AE
3035,2025-09-09,UK
3036,2025-09-11,SG
3037,2025-08-18,IN
3038,2025-06-21,AE
3039,2025-08-21,IN
3040,2025-09-11,IN
3041,2025-09-14,US
3042,2025-07-31,SG
3043,2025-07-26,IN
3044,2025-06-09,UK
3045,2025-06-29,UK
3046,2025-06-11,SG
3047,2025-06-05,AE
3048,2025-09-28,AE
3049,2025-08-18,SG
3050,2025-07-07,SG
3051,2025-06-08,US
3052,2025-08-21,AE
3053,2025-07-27,IN
3054,2025-06-26,SG
3055,2025-07-07,US
3056,2025-06-05,SG
3057,2025-08-05,SG
3058,2025-08-29,US
3059,2025-08-18,US
3060,2025-08-26,IN
3061,2025-07-17,US
3062,2025-08-23,IN
3063,2025-06-21,IN
3064,2025-07-06,AE
3065,2025-07-16,AE
3066,2025-07-22,SG
3067,2025-06-26,SG
3068,2025-06-02,IN
3069,2025-09-26,IN
3070,2025-08-10,UK
3071,2025-09-01,SG
3072,2025-09-26,SG
3073,2025-07-15,UK
3074,2025-09-13,UK
3075,2025-06-29,SG
3076,2025-06-25,AE
3077,2025-09-28,AE
3078,2025-08-13,IN
3079,2025-07-04,US
3080,2025-07-23,SG
3081,2025-06-14,SG
3082,2025-06-10,SG
3083,2025-07-08,UK
3084,2025-06-15,SG
3085,2025-07-03,SG
3086,2025-09-13,SG
3087,2025-07-03,AE
3088,2025-07-19,SG
3089,2025-08-01,US
3090,2025-09-05,UK
3091,2025-09-08,AE
3092,2025-08-27,AE
3093,2025-09-23,SG
3094,2025-09-19,IN
3095,2025-08-01,IN
3096,2025-07-04,IN
3097,2025-07-19,US
3098,2025-08-26,US
3099,2025-09-11,UK
3100,2025-07-23,UK
3101,2025-08-06,SG
3102,2025-06-02,UK
3103,2025-07-02,UK
3104,2025-06-12,AE
3105,2025-08-26,UK
3106,2025-06-10,SG
3107,2025-09-28,US
3108,2025-07-31,UK
3109,2025-07-16,US
3110,2025-09-23,SG
3111,2025-07-05,US
3112,2025-09-04,US
3113,2025-08-03,US
3114,2025-07-01,US
3115,2025-09-20,UK
3116,2025-06-27,US
3117,2025-06-26,US
3118,2025-09-16,SG
3119,2025-07-16,US
3120,2025-09-08,IN
3121,2025-06-16,IN
3122,2025-08-26,AE
3123,2025-08-18,IN
3124,2025-09-06,SG
3125,2025-06-06,AE
3126,2025-07-18,SG
3127,2025-07-11,AE
3128,2025-09-23,SG
3129,2025-09-20,UK
3130,2025-08-02,US
3131,2025-09-06,SG
3132,2025-07-06,AE
3133,2025-06-29,SG
3134,2025-06-17,IN
3135,2025-08-07,AE
3136,2025-08-01,SG
3137,2025-06-05,SG
3138,2025-07-15,AE
3139,2025-09-19,US
3140,2025-07-29,IN
3141,2025-08-29,SG
3142,2025-07-29,UK
3143,2025-08-28,IN
3144,2025-06-02,US
3145,2025-07-19,SG
3146,2025-06-13,UK
3147,2025-07-17,SG
3148,2025-09-19,UK
3149,2025-06-24,SG
3150,2025-07-04,US
3151,2025-07-05,AE
3152,2025-08-18,UK
3153,2025-07-17,US
3154,2025-08-03,AE
3155,2025-06-27,AE
3156,2025-08-29,UK
3157,2025-07-17,AE
3158,2025-07-06,AE
3159,2025-06-24,SG
3160,2025-06-17,SG
3161,2025-08-27,US
3162,2025-09-13,IN
3163,2025-09-01,UK
3164,2025-09-11,US
3165,2025-08-11,AE
3166,2025-09-18,AE
3167,2025-06-26,US
3168,2025-09-11,US
3169,2025-07-31,IN
3170,2025-06-23,AE
3171,2025-08-03,US
3172,2025-09-23,SG
3173,2025-08-08,UK
3174,2025-09-09,AE
3175,2025-07-09,UK
3176,2025-08-11,SG
3177,2025-06-07,AE
3178,2025-06-13,US
3179,2025-06-08,US
3180,2025-09-13,UK
3181,2025-07-31,IN
3182,2025-07-28,UK
3183,2025-07-04,UK
3184,2025-07-17,SG
3185,2025-08-11,UK
3186,2025-07-15,IN
3187,2025-07-23,IN
3188,2025-07-15,SG
3189,2025-06-26,SG
3190,2025-08-13,SG
3191,2025-06-23,UK
3192,2025-07-16,UK
3193,2025-08-26,SG
3194,2025-08-02,AE
3195,2025-09-22,IN
3196,2025-07-19,SG
3197,2025-07-07,AE
3198,2025-08-20,US
3199,2025-09-20,US
3200,2025-08-21,UK
3201,2025-07-24,SG
3202,2025-08-13,AE
3203,2025-09-17,IN
3204,2025-06-11,US
3205,2025-07-14,US
3206,2025-07-11,UK
3207,2025-08-23,UK
3208,2025-08-30,UK
3209,2025-08-17,AE
3210,2025-07-05,AE
3211,2025-09-08,UK
3212,2025-09-04,SG
3213,2025-08-06,AE
3214,2025-07-23,US
3215,2025-06-24,IN
3216,2025-06-17,US
3217,2025-08-24,UK
3218,2025-09-04,IN
3219,2025-06-27,US
3220,2025-07-21,IN
3221,2025-06-13,IN
3222,2025-09-28,AE
3223,2025-08-10,IN
3224,2025-06-04,AE
3225,2025-08-07,IN
3226,2025-06-14,UK
3227,2025-08-19,US
3228,2025-06-11,AE
3229,2025-07-10,US
3230,2025-07-02,UK
3231,2025-07-27,US
3232,2025-06-17,SG
3233,2025-09-16,US
3234,2025-06-04,IN
3235,2025-08-24,UK
3236,2025-09-19,UK
3237,2025-09-19,AE
3238,2025-07-30,SG
3239,2025-09-28,UK
3240,2025-08-10,AE
3241,2025-06-18,SG
3242,2025-06-23,SG
3243,2025-08-16,AE
3244,2025-08-20,SG
3245,2025-07-26,SG
3246,2025-08-21,SG
3247,2025-07-10,UK
3248,2025-08-01,SG
3249,2025-06-30,IN
3250,2025-07-27,UK
3251,2025-07-17,AE
3252,2025-07-04,US
3253,2025-07-09,IN
3254,2025-06-01,SG
3255,2025-09-13,US
3256,2025-07-15,UK
3257,2025-07-31,SG
3258,2025-06-02,AE
3259,2025-09-05,AE
3260,2025-07-09,IN
3261,2025-09-07,AE
3262,2025-09-11,UK
3263,2025-08-16,US
3264,2025-09-10,IN
3265,2025-08-10,UK
3266,2025-06-25,AE
3267,2025-09-21,SG
3268,2025-07-26,AE
3269,2025-07-02,US
3270,2025-08-31,AE
3271,2025-09-15,AE
3272,2025-06-29,UK
3273,2025-06-11,AE
3274,2025-08-20,US
3275,2025-08-06,SG
3276,2025-09-12,UK
3277,2025-07-07,SG
3278,2025-09-12,UK
3279,2025-07-23,US
3280,2025-09-18,IN
3281,2025-06-24,US
3282,2025-07-08,IN
3283,2025-08-21,AE
3284,2025-08-19,AE
3285,2025-07-05,SG
3286,2025-08-02,US
3287,2025-07-12,IN
3288,2025-06-20,IN
3289,2025-08-08,IN
3290,2025-06-24,IN
3291,2025-07-07,UK
3292,2025-06-17,AE
3293,2025-09-02,IN
3294,2025-06-30,IN
3295,2025-06-20,IN
3296,2025-08-03,US
3297,2025-07-14,AE
3298,2025-07-10,AE
3299,2025-07-18,AE
3300,2025-08-29,IN
3301,2025-07-13,IN
3302,2025-09-16,US
3303,2025-06-08,UK
3304,2025-09-08,AE
3305,2025-06-10,SG
3306,2025-07-31,US
3307,2025-06-25,UK
3308,2025-09-13,AE
3309,2025-09-15,IN
3310,2025-06-16,US
3311,2025-07-20,AE
3312,2025-07-02,IN
3313,2025-06-26,AE
3314,2025-09-03,IN
3315,2025-08-06,US
3316,2025-07-31,AE
3317,2025-08-27,UK
3318,2025-09-28,UK
3319,2025-06-21,IN
3320,2025-09-04,SG
3321,2025-08-06,IN
3322,2025-07-03,AE
3323,2025-08-21,UK
3324,2025-06-26,UK
3325,2025-09-22,IN
3326,2025-09-19,US
3327,2025-06-15,US
3328,2025-08-21,AE
3329,2025-07-12,IN
3330,2025-06-22,UK
3331,2025-08-14,IN
3332,2025-07-21,US
3333,2025-06-02,IN
3334,2025-08-14,AE
3335,2025-08-28,SG
3336,2025-06-20,UK
3337,2025-09-07,IN
3338,2025-07-02,US
3339,2025-08-03,IN
3340,2025-08-27,SG
3341,2025-07-14,IN
3342,2025-06-08,UK
3343,2025-08-22,US
3344,2025-08-29,SG
3345,2025-09-10,IN
3346,2025-06-17,AE
3347,2025-06-30,UK
3348,2025-08-11,UK
3349,2025-09-12,AE
3350,2025-09-02,US
3351,2025-06-03,AE
3352,2025-07-16,US
3353,2025-07-03,IN
3354,2025-08-02,AE
3355,2025-08-11,UK
3356,2025-08-09,AE
3357,2025-06-25,SG
3358,2025-06-24,SG
3359,2025-07-15,UK
3360,2025-09-02,AE
3361,2025-07-06,SG
3362,2025-09-26,SG
3363,2025-06-21,IN
3364,2025-08-07,US
3365,2025-07-28,UK
3366,2025-09-13,UK
3367,2025-08-09,UK
3368,2025-07-29,IN
3369,2025-09-08,SG
3370,2025-07-19,US
3371,2025-09-22,IN
3372,2025-08-19,UK
3373,2025-09-08,SG
3374,2025-07-01,UK
3375,2025-09-01,IN
3376,2025-08-24,SG
3377,2025-09-13,AE
3378,2025-06-25,SG
3379,2025-08-27,AE
3380,2025-09-07,SG
3381,2025-06-20,SG
3382,2025-07-07,UK
3383,2025-07-23,UK
3384,2025-06-15,IN
3385,2025-08-06,IN
3386,2025-06-06,US
3387,2025-06-23,IN
3388,2025-06-26,IN
3389,2025-08-02,US
3390,2025-06-13,IN
3391,2025-08-13,AE
3392,2025-08-24,AE
3393,2025-08-07,SG
3394,2025-08-29,SG
3395,2025-07-03,IN
3396,2025-07-17,US
3397,2025-08-17,IN
3398,2025-06-02,US
3399,2025-08-23,AE
3400,2025-09-27,IN
3401,2025-07-30,IN
3402,2025-07-17,SG
3403,2025-09-04,AE
3404,2025-09-14,UK
3405,2025-09-10,IN
3406,2025-09-14,SG
3407,2025-07-05,SG
3408,2025-06-06,IN
3409,2025-09-15,UK
3410,2025-06-10,US
3411,2025-08-06,IN
3412,2025-06-13,US
3413,2025-08-08,AE
3414,2025-06-25,US
3415,2025-08-07,US
3416,2025-08-12,US
3417,2025-08-11,SG
3418,2025-07-24,IN
3419,2025-09-07,SG
3420,2025-07-16,AE
3421,2025-08-29,AE
3422,2025-09-22,IN
3423,2025-06-22,US
3424,2025-08-10,AE
3425,2025-08-04,UK
3426,2025-08-24,US
3427,2025-08-08,SG
3428,2025-07-27,UK
3429,2025-09-24,UK
3430,2025-08-10,UK
3431,2025-09-17,UK
3432,2025-07-23,AE
3433,2025-09-14,UK
3434,2025-08-17,US
3435,2025-08-12,SG
3436,2025-06-28,AE
3437,2025-09-07,SG
3438,2025-09-27,UK
3439,2025-07-17,AE
3440,2025-07-28,AE
3441,2025-06-01,IN
3442,2025-07-07,SG
3443,2025-06-03,SG
3444,2025-06-18,UK
3445,2025-06-01,UK
3446,2025-06-29,US
3447,2025-09-18,UK
3448,2025-06-03,UK
3449,2025-09-26,SG
3450,2025-08-05,SG
3451,2025-08-13,SG
3452,2025-06-20,IN
3453,2025-06-05,AE
3454,2025-07-16,US
3455,2025-06-18,UK
3456,2025-07-17,SG
3457,2025-07-02,US
3458,2025-07-03,UK
3459,2025-06-12,SG
3460,2025-07-22,SG
3461,2025-09-26,US
3462,2025-09-02,IN
3463,2025-09-01,UK
3464,2025-09-10,AE
3465,2025-06-23,AE
3466,2025-09-14,SG
3467,2025-09-13,IN
3468,2025-08-16,UK
3469,2025-06-05,SG
3470,2025-07-19,IN
3471,2025-09-08,IN
3472,2025-09-26,UK
3473,2025-07-15,AE
3474,2025-07-24,IN
3475,2025-09-20,US
3476,2025-09-04,SG
3477,2025-09-27,IN
3478,2025-08-21,AE
3479,2025-06-07,UK
3480,2025-08-07,IN
3481,2025-07-11,SG
3482,2025-08-12,US
3483,2025-07-12,SG
3484,2025-08-29,US
3485,2025-06-20,IN
3486,2025-08-26,AE
3487,2025-07-28,SG
3488,2025-08-13,SG
3489,2025-06-12,US
3490,2025-07-26,UK
3491,2025-09-09,AE
3492,2025-06-19,US
3493,2025-07-14,IN
3494,2025-07-31,SG
3495,2025-09-04,IN
3496,2025-08-10,AE
3497,2025-07-04,IN
3498,2025-07-22,SG
3499,2025-07-26,US
3500,2025-09-06,US
3501,2025-08-01,SG
3502,2025-06-26,AE
3503,2025-07-21,SG
3504,2025-06-26,SG
3505,2025-08-18,SG
3506,2025-07-02,US
3507,2025-06-10,UK
3508,2025-09-08,AE
3509,2025-07-12,SG
3510,2025-06-12,IN
3511,2025-08-25,AE
3512,2025-07-25,UK
3513,2025-07-15,US
3514,2025-07-12,UK
3515,2025-08-16,IN
3516,2025-09-07,UK
3517,2025-06-22,UK
3518,2025-08-18,AE
3519,2025-08-19,US
3520,2025-07-27,IN
3521,2025-09-27,US
3522,2025-06-26,UK
3523,2025-06-20,IN
3524,2025-06-15,IN
3525,2025-07-02,SG
3526,2025-09-27,US
3527,2025-09-20,UK
3528,2025-06-02,UK
3529,2025-08-28,IN
3530,2025-07-10,AE
3531,2025-07-31,IN
3532,2025-07-13,US
3533,2025-09-03,SG
3534,2025-06-28,US
3535,2025-08-09,SG
3536,2025-09-05,UK
3537,2025-08-10,AE
3538,2025-08-19,US
3539,2025-08-28,IN
3540,2025-07-19,SG
3541,2025-09-24,SG
3542,2025-06-06,UK
3543,2025-06-22,IN
3544,2025-07-07,US
3545,2025-09-10,SG
3546,2025-07-05,IN
3547,2025-07-30,IN
3548,2025-06-09,AE
3549,2025-08-24,UK
3550,2025-08-24,UK
3551,2025-09-19,IN
3552,2025-06-03,UK
3553,2025-09-20,AE
3554,2025-06-30,AE
3555,2025-08-05,IN
3556,2025-09-24,UK
3557,2025-08-02,SG
3558,2025-08-08,IN
3559,2025-06-24,US
3560,2025-08-04,AE
3561,2025-08-11,IN
3562,2025-06-06,US
3563,2025-09-27,SG
3564,2025-07-10,UK
3565,2025-08-02,AE
3566,2025-09-04,US
3567,2025-06-03,UK
3568,2025-08-27,UK
3569,2025-07-16,UK
3570,2025-07-01,SG
3571,2025-07-06,IN
3572,2025-08-20,UK
3573,2025-09-21,AE
3574,2025-09-22,IN
3575,2025-08-11,UK
3576,2025-06-29,US
3577,2025-07-14,AE
3578,2025-08-24,US
3579,2025-06-12,AE
3580,2025-08-06,SG
3581,2025-09-20,US
3582,2025-07-24,US
3583,2025-08-13,US
3584,2025-07-25,UK
3585,2025-09-25,SG
3586,2025-07-13,AE
3587,2025-08-09,US
3588,2025-06-27,US
3589,2025-08-14,SG
3590,2025-08-27,US
3591,2025-09-19,US
3592,2025-07-10,SG
3593,2025-09-25,US
3594,2025-07-26,US
3595,2025-08-23,SG
3596,2025-09-26,US
3597,2025-07-11,IN
3598,2025-08-11,SG
3599,2025-09-01,IN
3600,2025-06-24,UK
3601,2025-09-16,US
3602,2025-09-02,IN
3603,2025-09-06,UK
3604,2025-09-21,AE
3605,2025-07-23,UK
3606,2025-07-27,UK
3607,2025-06-20,US
3608,2025-06-14,US
3609,2025-06-24,IN
3610,2025-09-06,SG
3611,2025-08-18,UK
3612,2025-08-17,SG
3613,2025-08-18,US
3614,2025-08-16,US
3615,2025-06-30,IN
3616,2025-07-16,IN
3617,2025-08-28,AE
3618,2025-06-18,SG
3619,2025-09-17,SG
3620,2025-07-31,UK
3621,2025-06-24,AE
3622,2025-08-02,AE
3623,2025-06-18,US
3624,2025-06-25,US
3625,2025-06-05,AE
3626,2025-09-06,IN
3627,2025-09-27,UK
3628,2025-07-23,US
3629,2025-09-04,US
3630,2025-09-05,US
3631,2025-06-09,US
3632,2025-09-27,AE
3633,2025-09-19,SG
3634,2025-08-02,UK
3635,2025-09-19,AE
3636,2025-09-22,US
3637,2025-07-25,AE
3638,2025-09-08,IN
3639,2025-08-17,AE
3640,2025-09-01,UK
3641,2025-07-21,SG
3642,2025-09-04,SG
3643,2025-08-16,SG
3644,2025-08-07,IN
3645,2025-08-06,IN
3646,2025-07-28,AE
3647,2025-09-14,IN
3648,2025-09-21,US
3649,2025-08-06,SG
3650,2025-07-21,IN
3651,2025-08-11,AE
3652,2025-08-06,IN
3653,2025-06-25,UK
3654,2025-07-27,AE
3655,2025-09-22,UK
3656,2025-09-08,UK
3657,2025-07-30,US
3658,2025-07-25,UK
3659,2025-08-18,IN
3660,2025-08-28,SG
3661,2025-09-24,US
3662,2025-07-30,AE
3663,2025-06-12,SG
3664,2025-06-15,US
3665,2025-09-08,SG
3666,2025-09-23,SG
3667,2025-06-18,AE
3668,2025-07-23,UK
3669,2025-07-28,IN
3670,2025-06-23,AE
3671,2025-08-15,US
3672,2025-09-21,AE
3673,2025-06-12,UK
3674,2025-07-12,US
3675,2025-08-31,IN
3676,2025-06-12,IN
3677,2025-08-30,AE
3678,2025-08-21,UK
3679,2025-06-11,SG
3680,2025-08-30,AE
3681,2025-09-02,SG
3682,2025-08-18,US
3683,2025-07-19,SG
3684,2025-07-19,IN
3685,2025-09-07,US
3686,2025-09-25,UK
3687,2025-08-12,US
3688,2025-06-21,US
3689,2025-06-23,IN
3690,2025-07-24,UK
3691,2025-07-10,AE
3692,2025-07-07,US
3693,2025-06-16,US
3694,2025-06-26,IN
3695,2025-08-19,UK
3696,2025-06-02,AE
3697,2025-08-03,AE
3698,2025-08-09,IN
3699,2025-08-17,AE
3700,2025-07-01,US
3701,2025-08-15,AE
3702,2025-07-29,AE
3703,2025-07-27,IN
3704,2025-08-16,SG
3705,2025-06-01,US
3706,2025-09-21,SG
3707,2025-07-06,SG
3708,2025-08-20,SG
3709,2025-09-13,US
3710,2025-06-07,US
3711,2025-06-19,IN
3712,2025-08-23,UK
3713,2025-06-05,US
3714,2025-09-18,IN
3715,2025-08-25,SG
3716,2025-09-16,SG
3717,2025-07-09,UK
3718,2025-09-26,IN
3719,2025-06-07,IN
3720,2025-07-24,US
3721,2025-06-21,UK
3722,2025-08-18,SG
3723,2025-08-13,SG
3724,2025-06-23,AE
3725,2025-09-04,SG
3726,2025-07-17,IN
3727,2025-06-12,UK
3728,2025-07-12,UK
3729,2025-09-23,AE
3730,2025-09-13,IN
3731,2025-09-06,AE
3732,2025-09-16,SG
3733,2025-06-09,UK
3734,2025-07-31,US
3735,2025-06-16,UK
3736,2025-07-13,SG
3737,2025-07-23,SG
3738,2025-06-27,US
3739,2025-08-18,IN
3740,2025-06-14,SG
3741,2025-09-02,SG
3742,2025-06-12,AE
3743,2025-09-01,SG
3744,2025-09-28,UK
3745,2025-07-25,SG
3746,2025-09-17,UK
3747,2025-07-04,SG
3748,2025-08-13,SG
3749,2025-07-16,US
3750,2025-08-18,SG
3751,2025-08-03,SG
3752,2025-09-02,AE
3753,2025-08-03,US
3754,2025-09-22,SG
3755,2025-06-30,UK
3756,2025-06-25,IN
3757,2025-06-16,IN
3758,2025-07-30,IN
3759,2025-09-03,US
3760,2025-09-11,SG
3761,2025-07-24,AE
3762,2025-06-06,UK
3763,2025-07-15,SG
3764,2025-09-12,US
3765,2025-06-02,US
3766,2025-08-28,UK
3767,2025-07-03,IN
3768,2025-07-10,UK
3769,2025-08-04,SG
3770,2025-07-12,IN
3771,2025-06-15,UK
3772,2025-07-14,AE
3773,2025-09-01,SG
3774,2025-08-18,IN
3775,2025-09-15,US
3776,2025-06-25,UK
3777,2025-09-15,UK
3778,2025-09-27,AE
3779,2025-09-26,AE
3780,2025-09-11,IN
3781,2025-08-22,US
3782,2025-08-01,US
3783,2025-08-20,AE
3784,2025-09-23,SG
3785,2025-09-23,UK
3786,2025-07-30,AE
3787,2025-09-27,IN
3788,2025-09-15,SG
3789,2025-07-09,SG
3790,2025-09-01,UK
3791,2025-08-11,SG
3792,2025-06-03,US
3793,2025-08-13,UK
3794,2025-09-11,UK
3795,2025-06-09,US
3796,2025-07-06,IN
3797,2025-07-14,AE
3798,2025-08-20,SG
3799,2025-09-16,US
3800,2025-08-13,SG
3801,2025-07-20,US
3802,2025-08-16,IN
3803,2025-09-19,UK
3804,2025-08-30,UK
3805,2025-08-30,IN
3806,2025-07-05,AE
3807,2025-06-12,AE
3808,2025-09-21,US
3809,2025-07-18,AE
3810,2025-09-15,UK
3811,2025-06-28,SG
3812,2025-07-09,US
3813,2025-06-15,UK
3814,2025-09-09,IN
3815,2025-09-08,US
3816,2025-09-25,IN
3817,2025-07-27,SG
3818,2025-06-04,AE
3819,2025-09-24,SG
3820,2025-06-20,US
3821,2025-07-14,AE
3822,2025-09-02,SG
3823,2025-07-10,UK
3824,2025-06-19,IN
3825,2025-09-14,SG
3826,2025-08-26,US
3827,2025-06-27,IN
3828,2025-07-29,AE
3829,2025-08-31,SG
3830,2025-06-15,IN
3831,2025-07-10,IN
3832,2025-08-27,SG
3833,2025-09-20,IN
3834,2025-07-13,AE
3835,2025-09-22,IN
3836,2025-06-14,SG
3837,2025-09-07,UK
3838,2025-06-03,SG
3839,2025-09-06,UK
3840,2025-08-21,US
3841,2025-07-12,US
3842,2025-06-25,UK
3843,2025-07-06,SG
3844,2025-07-11,AE
3845,2025-08-25,IN
3846,2025-07-05,US
3847,2025-06-21,UK
3848,2025-06-15,IN
3849,2025-08-19,SG
3850,2025-08-05,IN
3851,2025-06-27,SG
3852,2025-07-15,SG
3853,2025-07-11,UK
3854,2025-06-19,UK
3855,2025-08-13,US
3856,2025-06-22,IN
3857,2025-07-10,SG
3858,2025-09-23,UK
3859,2025-08-09,AE
3860,2025-06-07,US
3861,2025-06-04,AE
3862,2025-09-24,IN
3863,2025-06-14,AE
3864,2025-06-07,IN
3865,2025-07-25,AE
3866,2025-06-23,SG
3867,2025-09-23,SG
3868,2025-08-20,AE
3869,2025-08-18,UK
3870,2025-07-10,UK
3871,2025-09-13,US
3872,2025-08-31,SG
3873,2025-06-11,AE
3874,2025-08-12,US
3875,2025-06-12,AE
3876,2025-06-13,AE
3877,2025-07-10,AE
3878,2025-07-31,US
3879,2025-06-29,US
3880,2025-09-19,SG
3881,2025-07-04,UK
3882,2025-07-21,US
3883,2025-08-29,UK
3884,2025-09-09,UK
3885,2025-07-29,AE
3886,2025-06-04,IN
3887,2025-07-31,IN
3888,2025-07-15,AE
3889,2025-07-30,US
3890,2025-07-07,UK
3891,2025-08-17,SG
3892,2025-06-17,SG
3893,2025-06-14,AE
3894,2025-09-13,IN
3895,2025-07-12,SG
3896,2025-08-23,IN
3897,2025-09-10,UK
3898,2025-08-08,AE
3899,2025-07-22,SG
3900,2025-07-23,US
3901,2025-08-19,US
3902,2025-08-10,US
3903,2025-08-01,AE
3904,2025-06-09,UK
3905,2025-06-27,SG
3906,2025-07-26,AE
3907,2025-08-12,UK
3908,2025-08-09,US
3909,2025-06-23,IN
3910,2025-09-03,SG
3911,2025-09-16,AE
3912,2025-06-15,SG
3913,2025-08-16,AE
3914,2025-07-12,SG
3915,2025-06-13,AE
3916,2025-06-23,UK
3917,2025-07-22,IN
3918,2025-08-16,IN
3919,2025-08-27,SG
3920,2025-09-07,AE
3921,2025-07-12,AE
3922,2025-08-22,IN
3923,2025-06-12,US
3924,2025-09-13,US
3925,2025-09-22,SG
3926,2025-09-24,IN
3927,2025-09-05,US
3928,2025-08-24,US
3929,2025-07-28,SG
3930,2025-07-08,AE
3931,2025-08-18,SG
3932,2025-07-28,US
3933,2025-06-27,UK
3934,2025-07-09,SG
3935,2025-09-10,UK
3936,2025-09-26,AE
3937,2025-08-31,UK
3938,2025-06-12,SG
3939,2025-06-02,SG
3940,2025-08-05,AE
3941,2025-09-17,US
3942,2025-09-18,UK
3943,2025-06-08,UK
3944,2025-09-24,SG
3945,2025-06-07,IN
3946,2025-08-30,SG
3947,2025-09-14,UK
3948,2025-06-15,UK
3949,2025-09-19,IN
3950,2025-07-01,AE
3951,2025-08-29,SG
3952,2025-07-21,UK
3953,2025-08-31,AE
3954,2025-07-22,AE
3955,2025-07-26,SG
3956,2025-06-28,US
3957,2025-07-31,US
3958,2025-06-25,SG
3959,2025-07-20,UK
3960,2025-09-16,AE
3961,2025-06-20,UK
3962,2025-09-20,US
3963,2025-06-18,IN
3964,2025-06-10,IN
3965,2025-06-19,AE
3966,2025-08-24,AE
3967,2025-06-18,IN
3968,2025-06-18,AE
3969,2025-09-19,AE
3970,2025-09-23,SG
3971,2025-09-28,AE
3972,2025-08-19,US
3973,2025-07-29,SG
3974,2025-07-25,SG
3975,2025-09-13,AE
3976,2025-07-20,UK
3977,2025-06-29,US
3978,2025-07-25,SG
3979,2025-06-01,SG
3980,2025-08-03,US
3981,2025-08-31,SG
3982,2025-07-05,AE
3983,2025-09-27,SG
3984,2025-08-13,UK
3985,2025-06-05,IN
3986,2025-08-12,AE
3987,2025-08-30,UK
3988,2025-06-15,SG
3989,2025-08-01,IN
3990,2025-06-19,SG
3991,2025-09-18,UK
3992,2025-07-30,SG
3993,2025-06-11,SG
3994,2025-09-22,SG
3995,2025-06-12,US
3996,2025-07-31,IN
3997,2025-08-27,SG
3998,2025-09-11,SG
3999,2025-07-10,SG
4000,2025-06-07,UK
4001,2025-08-08,IN
4002,2025-07-31,AE
4003,2025-08-05,AE
4004,2025-08-13,UK
4005,2025-07-24,UK
4006,2025-09-11,UK
4007,2025-07-08,US
4008,2025-06-05,SG
4009,2025-09-04,UK
4010,2025-09-02,SG
4011,2025-07-04,IN
4012,2025-08-20,AE
4013,2025-08-14,US
4014,2025-08-13,IN
4015,2025-08-24,UK
4016,2025-09-12,SG
4017,2025-06-04,UK
4018,2025-08-02,IN
4019,2025-06-17,SG
4020,2025-06-10,UK
4021,2025-07-03,US
4022,2025-08-18,UK
4023,2025-07-06,UK
4024,2025-06-02,IN
4025,2025-08-17,US
4026,2025-09-25,SG
4027,2025-09-03,US
4028,2025-08-24,AE
4029,2025-07-18,US
4030,2025-07-04,US
4031,2025-08-02,US
4032,2025-09-11,SG
4033,2025-09-19,IN
4034,2025-07-14,IN
4035,2025-06-19,SG
4036,2025-09-28,US
4037,2025-09-16,AE
4038,2025-09-05,AE
4039,2025-09-07,AE
4040,2025-07-01,AE
4041,2025-09-01,US
4042,2025-06-27,SG
4043,2025-09-02,UK
4044,2025-06-07,UK
4045,2025-09-05,IN
4046,2025-06-07,US
4047,2025-07-30,AE
4048,2025-07-31,UK
4049,2025-07-31,SG
4050,2025-06-30,AE
4051,2025-08-27,AE
4052,2025-07-31,UK
4053,2025-06-19,SG
4054,2025-09-20,AE
4055,2025-06-02,UK
4056,2025-09-27,AE
4057,2025-07-19,UK
4058,2025-08-07,IN
4059,2025-06-13,SG
4060,2025-08-21,UK
4061,2025-09-17,AE
4062,2025-08-18,UK
4063,2025-07-13,UK
4064,2025-07-05,IN
4065,2025-07-03,SG
4066,2025-07-21,AE
4067,2025-09-07,US
4068,2025-09-02,SG
4069,2025-09-07,US
4070,2025-08-06,UK
4071,2025-08-26,US
4072,2025-07-11,SG
4073,2025-06-02,IN
4074,2025-09-15,IN
4075,2025-06-02,AE
4076,2025-06-13,SG
4077,2025-06-14,AE
4078,2025-07-15,US
4079,2025-09-01,UK
4080,2025-07-03,US
4081,2025-06-05,IN
4082,2025-08-19,IN
4083,2025-06-08,SG
4084,2025-08-24,US
4085,2025-08-16,IN
4086,2025-08-30,IN
4087,2025-06-12,SG
4088,2025-06-17,AE
4089,2025-08-24,SG
4090,2025-09-11,US
4091,2025-09-23,IN
4092,2025-08-29,US
4093,2025-07-03,UK
4094,2025-07-30,IN
4095,2025-08-21,AE
4096,2025-09-27,UK
4097,2025-09-07,AE
4098,2025-08-28,UK
4099,2025-07-03,US
4100,2025-09-08,IN
4101,2025-07-06,IN
4102,2025-07-19,AE
4103,2025-07-13,IN
4104,2025-07-04,UK
4105,2025-06-23,AE
4106,2025-06-09,AE
4107,2025-09-27,US
4108,2025-08-18,AE
4109,2025-06-23,AE
4110,2025-06-14,US
4111,2025-08-09,AE
4112,2025-06-28,SG
4113,2025-08-22,IN
4114,2025-09-25,AE
4115,2025-08-31,UK
4116,2025-06-14,IN
4117,2025-06-10,IN
4118,2025-08-13,UK
4119,2025-09-08,AE
4120,2025-06-03,AE
4121,2025-06-20,IN
4122,2025-09-28,IN
4123,2025-08-25,AE
4124,2025-07-05,US
4125,2025-08-29,UK
4126,2025-09-24,AE
4127,2025-08-13,IN
4128,2025-08-05,AE
4129,2025-08-01,AE
4130,2025-07-22,IN
4131,2025-08-09,US
4132,2025-06-01,AE
4133,2025-08-28,AE
4134,2025-06-16,SG
4135,2025-08-08,UK
4136,2025-07-13,UK
4137,2025-07-22,IN
4138,2025-08-20,IN
4139,2025-07-17,SG
4140,2025-09-18,UK
4141,2025-06-11,AE
4142,2025-09-06,UK
4143,2025-08-22,US
4144,2025-06-23,SG
4145,2025-06-06,AE
4146,2025-08-24,US
4147,2025-07-09,AE
4148,2025-09-23,IN
4149,2025-08-20,UK
4150,2025-08-02,IN
4151,2025-09-22,AE
4152,2025-09-03,US
4153,2025-06-18,IN
4154,2025-06-25,IN
4155,2025-09-01,SG
4156,2025-07-01,AE
4157,2025-07-20,IN
4158,2025-09-10,SG
4159,2025-08-22,UK
4160,2025-08-03,SG
4161,2025-09-15,AE
4162,2025-06-03,IN
4163,2025-07-14,IN
4164,2025-07-14,IN
4165,2025-07-22,IN
4166,2025-06-28,SG
4167,2025-07-29,SG
4168,2025-06-20,SG
4169,2025-06-30,IN
4170,2025-06-05,US
4171,2025-08-02,IN
4172,2025-07-31,SG
4173,2025-06-06,US
4174,2025-08-29,US
4175,2025-06-02,US
4176,2025-08-20,IN
4177,2025-09-24,UK
4178,2025-09-14,IN
4179,2025-07-29,SG
4180,2025-06-22,SG
4181,2025-06-09,IN
4182,2025-06-15,AE
4183,2025-08-16,SG
4184,2025-06-29,IN
4185,2025-09-11,US
4186,2025-07-25,UK
4187,2025-09-12,AE
4188,2025-07-12,IN
4189,2025-08-27,SG
4190,2025-08-09,US
4191,2025-07-12,US
4192,2025-09-06,IN
4193,2025-08-15,US
4194,2025-07-13,IN
4195,2025-06-16,UK
4196,2025-06-19,AE
4197,2025-06-22,UK
4198,2025-08-10,US
4199,2025-07-27,US
4200,2025-09-27,SG
4201,2025-06-06,US
4202,2025-06-13,SG
4203,2025-07-19,US
4204,2025-06-03,AE
4205,2025-06-11,IN
4206,2025-06-01,US
4207,2025-09-27,IN
4208,2025-08-30,SG
4209,2025-09-22,UK
4210,2025-07-24,AE
4211,2025-08-28,US
4212,2025-06-27,US
4213,2025-08-21,UK
4214,2025-08-06,AE
4215,2025-07-23,US
4216,2025-06-23,SG
4217,2025-08-28,IN
4218,2025-08-16,US
4219,2025-08-31,AE
4220,2025-08-18,IN
4221,2025-08-20,UK
4222,2025-07-15,AE
4223,2025-06-01,SG
4224,2025-07-01,US
4225,2025-06-16,SG
4226,2025-06-13,SG
4227,2025-07-17,SG
4228,2025-08-04,US
4229,2025-07-30,US
4230,2025-07-06,IN
4231,2025-06-25,IN
4232,2025-09-10,US
4233,2025-08-27,AE
4234,2025-08-03,US
4235,2025-06-21,IN
4236,2025-06-07,UK
4237,2025-07-07,US
4238,2025-07-26,UK
4239,2025-07-13,SG
4240,2025-09-12,AE
4241,2025-06-06,IN
4242,2025-09-03,IN
4243,2025-09-27,SG
4244,2025-06-23,US
4245,2025-09-09,IN
4246,2025-08-02,SG
4247,2025-06-15,IN
4248,2025-09-23,US
4249,2025-09-01,AE
4250,2025-08-15,SG
4251,2025-07-12,AE
4252,2025-06-26,UK
4253,2025-06-30,IN
4254,2025-07-12,US
4255,2025-06-13,US
4256,2025-09-03,AE
4257,2025-09-20,US
4258,2025-07-19,US
4259,2025-06-10,AE
4260,2025-08-14,AE
4261,2025-06-07,AE
4262,2025-06-19,US
4263,2025-09-27,SG
4264,2025-07-29,US
4265,2025-07-20,UK
4266,2025-06-18,AE
4267,2025-09-01,US
4268,2025-08-20,UK
4269,2025-07-05,US
4270,2025-07-13,US
4271,2025-06-05,SG
4272,2025-06-08,UK
4273,2025-06-18,IN
4274,2025-09-18,AE
4275,2025-07-29,AE
4276,2025-06-22,UK
4277,2025-06-29,UK
4278,2025-08-17,US
4279,2025-09-10,SG
4280,2025-09-24,US
4281,2025-08-13,SG
4282,2025-09-18,US
4283,2025-06-12,AE
4284,2025-09-18,SG
4285,2025-08-02,US
4286,2025-08-15,AE
4287,2025-09-16,AE
4288,2025-07-06,IN
4289,2025-09-02,AE
4290,2025-09-03,US
4291,2025-07-02,UK
4292,2025-07-26,SG
4293,2025-06-29,SG
4294,2025-06-20,SG
4295,2025-09-23,IN
4296,2025-07-24,IN
4297,2025-06-06,AE
4298,2025-09-02,SG
4299,2025-06-05,AE
4300,2025-08-07,AE
4301,2025-08-01,IN
4302,2025-07-28,AE
4303,2025-07-01,IN
4304,2025-08-11,IN
4305,2025-08-28,AE
4306,2025-06-28,US
4307,2025-07-16,UK
4308,2025-07-01,IN
4309,2025-06-03,AE
4310,2025-08-25,UK
4311,2025-06-21,AE
4312,2025-09-18,SG
4313,2025-09-04,SG
4314,2025-06-04,AE
4315,2025-07-30,US
4316,2025-09-20,AE
4317,2025-06-24,UK
4318,2025-08-20,AE
4319,2025-08-30,IN
4320,2025-09-19,IN
4321,2025-07-20,UK
4322,2025-08-07,IN
4323,2025-07-08,AE
4324,2025-09-05,UK
4325,2025-08-29,SG
4326,2025-08-09,SG
4327,2025-09-10,US
4328,2025-09-09,IN
4329,2025-08-19,UK
4330,2025-09-03,IN
4331,2025-08-05,UK
4332,2025-09-22,IN
4333,2025-06-15,AE
4334,2025-07-17,AE
4335,2025-08-19,IN
4336,2025-07-17,UK
4337,2025-06-23,SG
4338,2025-08-30,IN
4339,2025-08-11,US
4340,2025-06-18,UK
4341,2025-07-01,SG
4342,2025-06-15,AE
4343,2025-09-03,SG
4344,2025-09-20,US
4345,2025-09-05,US
4346,2025-07-12,UK
4347,2025-09-23,UK
4348,2025-08-04,AE
4349,2025-07-06,IN
4350,2025-06-09,UK
4351,2025-07-15,AE
4352,2025-08-02,SG
4353,2025-08-07,IN
4354,2025-07-31,SG
4355,2025-08-26,SG
4356,2025-09-24,UK
4357,2025-07-28,SG
4358,2025-07-18,IN
4359,2025-06-25,AE
4360,2025-06-12,IN
4361,2025-07-21,US
4362,2025-07-07,IN
4363,2025-06-14,US
4364,2025-07-06,IN
4365,2025-08-29,US
4366,2025-08-03,US
4367,2025-09-20,US
4368,2025-08-06,IN
4369,2025-07-08,AE
4370,2025-08-27,SG
4371,2025-09-28,US
4372,2025-07-31,UK
4373,2025-07-24,AE
4374,2025-09-03,IN
4375,2025-07-08,US
4376,2025-06-09,IN
4377,2025-09-20,US
4378,2025-09-15,SG
4379,2025-08-22,UK
4380,2025-07-23,SG
4381,2025-07-14,UK
4382,2025-08-02,SG
4383,2025-08-25,SG
4384,2025-09-16,SG
4385,2025-07-27,AE
4386,2025-07-09,SG
4387,2025-06-17,UK
4388,2025-06-22,UK
4389,2025-06-30,AE
4390,2025-07-18,UK
4391,2025-09-07,IN
4392,2025-06-19,UK
4393,2025-07-07,AE
4394,2025-06-22,SG
4395,2025-09-27,US
4396,2025-08-31,SG
4397,2025-07-07,US
4398,2025-06-23,US
4399,2025-06-21,US
4400,2025-06-15,IN
4401,2025-07-11,SG
4402,2025-06-17,AE
4403,2025-07-04,UK
4404,2025-06-24,US
4405,2025-08-11,IN
4406,2025-08-25,UK
4407,2025-07-15,US
4408,2025-07-18,AE
4409,2025-08-09,US
4410,2025-08-08,UK
4411,2025-06-16,IN
4412,2025-07-22,AE
4413,2025-09-07,US
4414,2025-07-29,UK
4415,2025-06-20,IN
4416,2025-09-03,SG
4417,2025-08-04,UK
4418,2025-08-22,UK
4419,2025-07-31,UK
4420,2025-09-05,SG
4421,2025-08-25,US
4422,2025-09-11,SG
4423,2025-09-02,AE
4424,2025-07-14,IN
4425,2025-09-02,AE
4426,2025-09-24,IN
4427,2025-06-18,SG
4428,2025-06-15,UK
4429,2025-06-04,AE
4430,2025-08-19,US
4431,2025-07-28,UK
4432,2025-06-12,UK
4433,2025-06-08,SG
4434,2025-08-22,US
4435,2025-08-14,SG
4436,2025-06-29,UK
4437,2025-06-26,IN
4438,2025-06-11,SG
4439,2025-09-17,AE
4440,2025-08-26,IN
4441,2025-08-05,AE
4442,2025-06-25,AE
4443,2025-07-11,SG
4444,2025-08-17,SG
4445,2025-06-08,UK
4446,2025-07-21,US
4447,2025-08-31,AE
4448,2025-07-18,AE
4449,2025-07-18,IN
4450,2025-07-07,UK
4451,2025-07-15,UK
4452,2025-07-28,SG
4453,2025-06-12,US
4454,2025-09-02,AE
4455,2025-09-03,AE
4456,2025-09-11,AE
4457,2025-07-07,US
4458,2025-09-12,AE
4459,2025-09-02,AE
4460,2025-06-18,SG
4461,2025-08-16,IN
4462,2025-06-19,US
4463,2025-07-09,AE
4464,2025-09-20,SG
4465,2025-07-13,IN
4466,2025-09-28,SG
4467,2025-09-05,AE
4468,2025-06-12,IN
4469,2025-07-23,UK
4470,2025-07-24,US
4471,2025-08-11,AE
4472,2025-08-30,SG
4473,2025-09-05,US
4474,2025-06-26,US
4475,2025-09-15,AE
4476,2025-07-08,SG
4477,2025-08-02,IN
4478,2025-09-14,UK
4479,2025-09-15,SG
4480,2025-07-09,AE
4481,2025-08-11,AE
4482,2025-06-29,IN
4483,2025-09-10,IN
4484,2025-06-20,UK
4485,2025-07-09,AE
4486,2025-06-16,UK
4487,2025-07-24,US
4488,2025-08-02,US
4489,2025-06-04,IN
4490,2025-09-06,UK
4491,2025-08-03,IN
4492,2025-08-16,UK
4493,2025-08-14,AE
4494,2025-08-12,AE
4495,2025-09-20,UK
4496,2025-08-20,AE
4497,2025-08-28,IN
4498,2025-07-18,SG
4499,2025-09-02,SG
4500,2025-06-03,UK
4501,2025-06-21,SG
4502,2025-06-08,US
4503,2025-07-11,AE
4504,2025-09-21,US
4505,2025-07-16,US
4506,2025-06-07,UK
4507,2025-07-17,AE
4508,2025-08-21,UK
4509,2025-06-07,UK
4510,2025-07-08,SG
4511,2025-08-21,IN
4512,2025-08-05,US
4513,2025-09-07,US
4514,2025-09-06,IN
4515,2025-08-16,US
4516,2025-08-09,UK
4517,2025-09-20,UK
4518,2025-09-14,UK
4519,2025-07-05,UK
4520,2025-06-13,SG
4521,2025-08-14,UK
4522,2025-09-14,US
4523,2025-06-02,US
4524,2025-08-06,UK
4525,2025-07-18,AE
4526,2025-07-23,UK
4527,2025-09-26,US
4528,2025-06-14,US
4529,2025-06-20,SG
4530,2025-06-29,US
4531,2025-09-10,SG
4532,2025-08-18,SG
4533,2025-09-17,SG
4534,2025-08-31,SG
4535,2025-08-29,IN
4536,2025-07-24,AE
4537,2025-09-26,IN
4538,2025-06-15,US
4539,2025-09-27,IN
4540,2025-08-01,UK
4541,2025-07-10,UK
4542,2025-06-18,AE
4543,2025-09-22,SG
4544,2025-08-06,UK
4545,2025-06-23,UK
4546,2025-06-04,IN
4547,2025-06-29,US
4548,2025-09-18,US
4549,2025-08-28,US
4550,2025-07-10,US
4551,2025-06-27,US
4552,2025-06-11,AE
4553,2025-08-28,IN
4554,2025-06-10,IN
4555,2025-09-08,AE
4556,2025-09-05,AE
4557,2025-06-06,US
4558,2025-06-14,IN
4559,2025-09-10,SG
4560,2025-08-15,IN
4561,2025-07-31,IN
4562,2025-09-25,UK
4563,2025-06-06,IN
4564,2025-07-09,IN
4565,2025-09-05,IN
4566,2025-09-09,IN
4567,2025-09-26,SG
4568,2025-06-27,SG
4569,2025-09-24,US
4570,2025-06-24,UK
4571,2025-06-04,IN
4572,2025-06-19,UK
4573,2025-08-14,UK
4574,2025-07-16,US
4575,2025-09-18,SG
4576,2025-09-08,SG
4577,2025-07-01,SG
4578,2025-08-12,IN
4579,2025-06-13,SG
4580,2025-09-06,IN
4581,2025-08-07,US
4582,2025-08-31,US
4583,2025-07-07,US
4584,2025-09-24,SG
4585,2025-06-01,IN
4586,2025-09-27,US
4587,2025-09-26,SG
4588,2025-09-17,AE
4589,2025-07-17,SG
4590,2025-06-24,AE
4591,2025-08-26,IN
4592,2025-06-24,UK
4593,2025-07-19,AE
4594,2025-06-28,SG
4595,2025-06-30,AE
4596,2025-06-15,UK
4597,2025-06-16,AE
4598,2025-06-15,SG
4599,2025-06-18,AE
4600,2025-09-06,UK
4601,2025-08-30,UK
4602,2025-08-11,IN
4603,2025-06-11,UK
4604,2025-08-03,IN
4605,2025-07-20,UK
4606,2025-07-29,SG
4607,2025-09-03,UK
4608,2025-08-27,AE
4609,2025-06-29,SG
4610,2025-07-23,UK
4611,2025-09-18,AE
4612,2025-06-25,IN
4613,2025-09-23,AE
4614,2025-08-26,UK
4615,2025-06-23,IN
4616,2025-08-26,AE
4617,2025-08-26,IN
4618,2025-07-21,AE
4619,2025-08-06,IN
4620,2025-06-16,US
4621,2025-07-21,AE
4622,2025-08-28,SG
4623,2025-06-14,US
4624,2025-06-09,UK
4625,2025-06-26,UK
4626,2025-06-26,SG
4627,2025-09-17,AE
4628,2025-06-16,US
4629,2025-09-16,AE
4630,2025-09-01,AE
4631,2025-07-06,SG
4632,2025-08-15,UK
4633,2025-09-05,AE
4634,2025-07-16,AE
4635,2025-08-25,SG
4636,2025-07-22,AE
4637,2025-08-05,UK
4638,2025-06-19,AE
4639,2025-06-14,IN
4640,2025-07-03,AE
4641,2025-08-03,US
4642,2025-08-20,US
4643,2025-06-04,IN
4644,2025-09-03,IN
4645,2025-09-15,IN
4646,2025-08-03,IN
4647,2025-06-23,AE
4648,2025-08-17,UK
4649,2025-06-20,UK
4650,2025-08-19,SG
4651,2025-06-13,IN
4652,2025-08-24,SG
4653,2025-09-07,AE
4654,2025-09-10,AE
4655,2025-06-26,UK
4656,2025-08-24,AE
4657,2025-08-02,SG
4658,2025-07-04,SG
4659,2025-07-14,SG
4660,2025-08-09,IN
4661,2025-09-06,IN
4662,2025-07-26,IN
4663,2025-07-20,AE
4664,2025-07-11,AE
4665,2025-07-27,AE
4666,2025-06-05,IN
4667,2025-06-23,SG
4668,2025-08-24,UK
4669,2025-09-22,US
4670,2025-08-02,AE
4671,2025-06-18,UK
4672,2025-08-31,AE
4673,2025-08-02,IN
4674,2025-08-12,AE
4675,2025-08-24,SG
4676,2025-08-27,SG
4677,2025-08-13,AE
4678,2025-07-31,SG
4679,2025-09-18,US
4680,2025-08-04,IN
4681,2025-07-21,UK
4682,2025-08-03,SG
4683,2025-07-19,SG
4684,2025-08-26,UK
4685,2025-09-07,UK
4686,2025-07-12,IN
4687,2025-06-04,SG
4688,2025-06-06,US
4689,2025-09-16,UK
4690,2025-07-15,SG
4691,2025-06-04,UK
4692,2025-07-19,IN
4693,2025-07-25,UK
4694,2025-07-16,AE
4695,2025-07-15,IN
4696,2025-08-24,US
4697,2025-07-02,US
4698,2025-08-22,UK
4699,2025-08-15,IN
4700,2025-09-25,IN
4701,2025-09-20,UK
4702,2025-06-15,UK
4703,2025-06-22,IN
4704,2025-08-08,UK
4705,2025-06-05,AE
4706,2025-08-24,AE
4707,2025-08-12,SG
4708,2025-09-24,AE
4709,2025-07-05,IN
4710,2025-08-29,AE
4711,2025-08-15,IN
4712,2025-07-11,AE
4713,2025-08-13,AE
4714,2025-07-12,SG
4715,2025-06-13,AE
4716,2025-06-13,US
4717,2025-07-14,AE
4718,2025-08-04,UK
4719,2025-06-22,SG
4720,2025-07-09,UK
4721,2025-07-26,US
4722,2025-08-03,IN
4723,2025-09-16,SG
4724,2025-06-28,UK
4725,2025-07-04,IN
4726,2025-07-09,SG
4727,2025-07-22,US
4728,2025-08-19,IN
4729,2025-08-31,SG
4730,2025-06-13,SG
4731,2025-07-14,UK
4732,2025-06-09,SG
4733,2025-09-11,SG
4734,2025-07-31,AE
4735,2025-06-27,UK
4736,2025-09-10,IN
4737,2025-08-23,UK
4738,2025-08-04,UK
4739,2025-07-26,SG
4740,2025-07-11,US
4741,2025-07-24,AE
4742,2025-07-03,SG
4743,2025-08-05,AE
4744,2025-08-25,SG
4745,2025-06-24,IN
4746,2025-08-20,SG
4747,2025-09-19,US
4748,2025-08-13,AE
4749,2025-06-28,AE
4750,2025-07-05,SG
4751,2025-09-12,SG
4752,2025-09-18,AE
4753,2025-09-28,SG
4754,2025-09-02,IN
4755,2025-08-06,US
4756,2025-07-17,AE
4757,2025-06-19,US
4758,2025-06-20,UK
4759,2025-09-17,AE
4760,2025-07-23,UK
4761,2025-09-19,IN
4762,2025-08-21,US
4763,2025-09-17,AE
4764,2025-07-05,UK
4765,2025-08-22,US
4766,2025-07-03,SG
4767,2025-07-01,AE
4768,2025-07-01,IN
4769,2025-06-20,US
4770,2025-06-04,US
4771,2025-09-11,UK
4772,2025-07-30,AE
4773,2025-08-11,AE
4774,2025-07-25,IN
4775,2025-06-26,US
4776,2025-07-05,US
4777,2025-06-04,UK
4778,2025-09-10,UK
4779,2025-08-24,SG
4780,2025-06-23,IN
4781,2025-09-01,AE
4782,2025-09-09,IN
4783,2025-06-08,IN
4784,2025-07-11,SG
4785,2025-07-09,IN
4786,2025-09-24,AE
4787,2025-09-23,UK
4788,2025-08-25,IN
4789,2025-07-21,US
4790,2025-07-01,IN
4791,2025-08-13,SG
4792,2025-09-28,IN
4793,2025-08-06,SG
4794,2025-09-08,SG
4795,2025-07-03,AE
4796,2025-09-22,IN
4797,2025-07-01,SG
4798,2025-06-16,UK
4799,2025-07-13,SG
4800,2025-09-03,AE
4801,2025-09-12,US
4802,2025-09-28,AE
4803,2025-06-28,US
4804,2025-06-14,US
4805,2025-06-28,UK
4806,2025-07-27,AE
4807,2025-07-03,SG
4808,2025-06-08,AE
4809,2025-08-08,UK
4810,2025-08-29,IN
4811,2025-07-11,SG
4812,2025-07-25,AE
4813,2025-08-27,US
4814,2025-07-06,US
4815,2025-07-17,AE
4816,2025-08-31,UK
4817,2025-09-14,UK
4818,2025-06-03,SG
4819,2025-06-05,IN
4820,2025-08-28,US
4821,2025-07-03,SG
4822,2025-07-20,UK
4823,2025-08-21,UK
4824,2025-09-24,IN
4825,2025-08-08,US
4826,2025-09-18,AE
4827,2025-07-20,IN
4828,2025-09-25,AE
4829,2025-09-27,UK
4830,2025-07-09,IN
4831,2025-09-28,US
4832,2025-07-09,US
4833,2025-09-19,US
4834,2025-09-26,AE
4835,2025-08-20,UK
4836,2025-09-21,AE
4837,2025-09-10,IN
4838,2025-07-06,IN
4839,2025-09-14,AE
4840,2025-07-31,AE
4841,2025-09-27,UK
4842,2025-08-31,AE
4843,2025-09-21,IN
4844,2025-09-14,US
4845,2025-08-29,UK
4846,2025-08-04,IN
4847,2025-07-16,AE
4848,2025-08-17,SG
4849,2025-09-03,UK
4850,2025-07-29,IN
4851,2025-09-06,IN
4852,2025-08-22,US
4853,2025-08-20,AE
4854,2025-09-10,US
4855,2025-06-01,AE
4856,2025-06-26,UK
4857,2025-07-11,SG
4858,2025-06-11,IN
4859,2025-06-21,US
4860,2025-08-06,US
4861,2025-09-17,SG
4862,2025-08-27,AE
4863,2025-09-10,UK
4864,2025-07-28,AE
4865,2025-09-20,US
4866,2025-07-04,US
4867,2025-08-27,SG
4868,2025-09-14,UK
4869,2025-09-11,UK
4870,2025-06-26,IN
4871,2025-07-24,UK
4872,2025-06-24,AE
4873,2025-09-21,AE
4874,2025-09-15,SG
4875,2025-06-29,IN
4876,2025-06-03,SG
4877,2025-08-22,SG
4878,2025-08-20,US
4879,2025-09-25,IN
4880,2025-07-30,US
4881,2025-07-04,US
4882,2025-06-07,AE
4883,2025-08-19,AE
4884,2025-08-16,UK
4885,2025-06-20,IN
4886,2025-07-18,US
4887,2025-08-12,IN
4888,2025-06-02,SG
4889,2025-07-26,AE
4890,2025-09-14,AE
4891,2025-06-16,US
4892,2025-08-31,US
4893,2025-06-25,UK
4894,2025-07-07,AE
4895,2025-07-19,US
4896,2025-07-26,US
4897,2025-08-16,US
4898,2025-09-14,UK
4899,2025-09-02,US
4900,2025-07-24,US
4901,2025-07-23,US
4902,2025-06-04,UK
4903,2025-07-04,US
4904,2025-08-19,AE
4905,2025-09-25,US
4906,2025-07-18,SG
4907,2025-08-27,AE
4908,2025-06-11,IN
4909,2025-07-31,US
4910,2025-09-20,UK
4911,2025-08-28,AE
4912,2025-08-27,US
4913,2025-08-31,AE
4914,2025-08-30,AE
4915,2025-09-03,SG
4916,2025-07-03,IN
4917,2025-06-13,SG
4918,2025-06-08,IN
4919,2025-07-13,US
4920,2025-07-31,UK
4921,2025-08-17,SG
4922,2025-08-30,IN
4923,2025-06-01,UK
4924,2025-08-04,SG
4925,2025-07-19,UK
4926,2025-07-21,UK
4927,2025-06-17,SG
4928,2025-06-06,SG
4929,2025-06-23,UK
4930,2025-06-22,SG
4931,2025-08-03,UK
4932,2025-09-21,AE
4933,2025-06-17,IN
4934,2025-07-11,SG
4935,2025-07-26,US
4936,2025-07-04,IN
4937,2025-07-11,IN
4938,2025-06-17,AE
4939,2025-09-20,UK
4940,2025-09-04,UK
4941,2025-09-27,AE
4942,2025-07-07,UK
4943,2025-08-18,UK
4944,2025-08-06,UK
4945,2025-07-26,US
4946,2025-07-11,AE
4947,2025-09-06,US
4948,2025-08-11,AE
4949,2025-06-07,US
4950,2025-06-20,IN
4951,2025-06-30,US
4952,2025-06-05,AE
4953,2025-07-04,US
4954,2025-08-30,AE
4955,2025-07-26,IN
4956,2025-09-23,AE
4957,2025-06-06,AE
4958,2025-07-16,SG
4959,2025-08-02,AE
4960,2025-08-03,IN
4961,2025-09-17,US
4962,2025-06-16,UK
4963,2025-06-12,US
4964,2025-09-20,UK
4965,2025-06-24,US
4966,2025-09-04,SG
4967,2025-09-14,UK
4968,2025-08-12,SG
4969,2025-06-28,SG
4970,2025-06-01,SG
4971,2025-09-07,SG
4972,2025-06-24,AE
4973,2025-09-26,IN
4974,2025-07-02,AE
4975,2025-08-26,IN
4976,2025-09-22,UK
4977,2025-06-04,UK
4978,2025-08-27,IN
4979,2025-07-21,UK
4980,2025-08-15,IN
4981,2025-09-16,UK
4982,2025-06-20,IN
4983,2025-06-11,AE
4984,2025-09-15,AE
4985,2025-07-29,UK
4986,2025-08-16,IN
4987,2025-07-13,IN
4988,2025-08-23,SG
4989,2025-07-28,UK
4990,2025-09-02,SG
4991,2025-06-17,US
4992,2025-09-19,IN
4993,2025-09-11,UK
4994,2025-07-12,IN
4995,2025-09-04,IN
4996,2025-08-10,SG
4997,2025-07-19,IN
4998,2025-07-22,UK
4999,2025-06-23,US
5000,2025-09-07,AE
5001,2025-06-12,IN
5002,2025-09-18,US
5003,2025-06-21,AE
5004,2025-09-08,AE
5005,2025-07-07,US
5006,2025-06-16,UK
5007,2025-08-02,AE
5008,2025-09-03,UK
5009,2025-09-24,SG
5010,2025-06-17,UK
5011,2025-08-25,IN
5012,2025-09-15,UK
5013,2025-08-05,US
5014,2025-08-02,AE
5015,2025-09-22,AE
5016,2025-07-31,UK
5017,2025-08-12,SG
5018,2025-07-25,IN
5019,2025-09-05,AE
5020,2025-09-12,UK
5021,2025-08-18,US
5022,2025-07-26,AE
5023,2025-06-12,IN
5024,2025-08-05,UK
5025,2025-07-30,US
5026,2025-08-22,US
5027,2025-09-28,AE
5028,2025-08-07,SG
5029,2025-06-11,UK
5030,2025-07-30,AE
5031,2025-06-11,AE
5032,2025-07-09,US
5033,2025-06-17,UK
5034,2025-09-16,US
5035,2025-08-06,AE
5036,2025-07-08,SG
5037,2025-06-07,SG
5038,2025-06-10,IN
5039,2025-08-05,IN
5040,2025-08-05,AE
5041,2025-07-23,IN
5042,2025-07-30,SG
5043,2025-09-13,UK
5044,2025-07-16,UK
5045,2025-08-14,IN
5046,2025-09-07,SG
5047,2025-06-03,IN
5048,2025-09-03,AE
5049,2025-06-23,US
5050,2025-09-16,AE
5051,2025-06-06,IN
5052,2025-07-24,UK
5053,2025-07-11,SG
5054,2025-09-01,AE
5055,2025-09-05,AE
5056,2025-08-19,UK
5057,2025-07-14,US
5058,2025-06-28,US
5059,2025-06-11,SG
5060,2025-07-04,IN
5061,2025-07-26,SG
5062,2025-06-03,IN
5063,2025-07-21,IN
5064,2025-06-02,US
5065,2025-08-23,AE
5066,2025-07-29,AE
5067,2025-09-20,SG
5068,2025-09-01,AE
5069,2025-07-09,SG
5070,2025-09-13,SG
5071,2025-07-17,AE
5072,2025-09-11,UK
5073,2025-06-12,US
5074,2025-06-18,IN
5075,2025-06-25,IN
5076,2025-09-13,IN
5077,2025-08-29,US
5078,2025-09-18,IN
5079,2025-06-27,AE
5080,2025-08-23,US
5081,2025-08-23,US
5082,2025-07-26,SG
5083,2025-06-25,IN
5084,2025-07-09,AE
5085,2025-06-19,AE
5086,2025-07-25,IN
5087,2025-06-15,US
5088,2025-09-24,US
5089,2025-09-03,AE
5090,2025-08-02,AE
5091,2025-06-03,AE
5092,2025-08-14,US
5093,2025-06-26,UK
5094,2025-08-12,AE
5095,2025-06-07,UK
5096,2025-06-02,IN
5097,2025-08-20,AE
5098,2025-07-24,AE
5099,2025-09-03,SG
5100,2025-08-16,SG
5101,2025-07-08,IN
5102,2025-08-02,AE
5103,2025-08-02,SG
5104,2025-08-15,SG
5105,2025-09-28,AE
5106,2025-06-30,IN
5107,2025-08-07,IN
5108,2025-07-25,SG
5109,2025-07-11,SG
5110,2025-06-09,UK
5111,2025-09-23,AE
5112,2025-09-22,AE
5113,2025-06-15,AE
5114,2025-08-19,UK
5115,2025-07-28,AE
5116,2025-06-03,US
5117,2025-07-07,US
5118,2025-07-31,UK
5119,2025-07-27,US
5120,2025-08-04,US
5121,2025-08-15,UK
5122,2025-09-26,SG
5123,2025-09-18,AE
5124,2025-06-17,UK
5125,2025-09-01,AE
5126,2025-07-24,UK
5127,2025-09-10,AE
5128,2025-09-11,US
5129,2025-08-19,US
5130,2025-07-07,IN
5131,2025-08-25,AE
5132,2025-06-17,US
5133,2025-06-26,US
5134,2025-08-17,AE
5135,2025-06-13,AE
5136,2025-08-03,UK
5137,2025-07-01,US
5138,2025-08-11,IN
5139,2025-06-03,UK
5140,2025-09-21,UK
5141,2025-07-16,US
5142,2025-06-23,SG
5143,2025-06-05,IN
5144,2025-07-14,AE
5145,2025-06-15,SG
5146,2025-06-30,IN
5147,2025-08-11,US
5148,2025-08-02,UK
5149,2025-07-14,UK
5150,2025-09-07,IN
5151,2025-09-07,SG
5152,2025-07-05,US
5153,2025-09-18,SG
5154,2025-08-17,IN
5155,2025-08-30,IN
5156,2025-09-27,AE
5157,2025-09-11,AE
5158,2025-09-16,IN
5159,2025-06-14,SG
5160,2025-08-18,IN
5161,2025-09-14,SG
5162,2025-06-06,SG
5163,2025-06-14,US
5164,2025-08-20,IN
5165,2025-09-20,US
5166,2025-09-25,UK
5167,2025-06-21,UK
5168,2025-08-30,AE
5169,2025-09-06,SG
5170,2025-08-03,IN
5171,2025-06-20,UK
5172,2025-07-13,US
5173,2025-06-16,US
5174,2025-07-27,AE
5175,2025-09-07,IN
5176,2025-07-02,AE
5177,2025-07-14,UK
5178,2025-08-04,US
5179,2025-06-11,UK
5180,2025-07-18,AE
5181,2025-07-17,US
5182,2025-06-20,SG
5183,2025-07-24,US
5184,2025-06-18,AE
5185,2025-07-23,AE
5186,2025-09-23,AE
5187,2025-09-18,SG
5188,2025-09-10,UK
5189,2025-06-04,AE
5190,2025-06-19,IN
5191,2025-08-31,SG
5192,2025-06-09,IN
5193,2025-07-14,UK
5194,2025-07-22,US
5195,2025-07-26,IN
5196,2025-07-21,IN
5197,2025-08-24,US
5198,2025-09-24,SG
5199,2025-06-08,SG
5200,2025-07-08,AE
5201,2025-07-22,SG
5202,2025-09-20,UK
5203,2025-09-01,UK
5204,2025-09-25,UK
5205,2025-06-02,UK
5206,2025-09-24,SG
5207,2025-08-18,US
5208,2025-08-29,AE
5209,2025-07-28,US
5210,2025-09-22,SG
5211,2025-08-19,SG
5212,2025-08-23,AE
5213,2025-08-29,UK
5214,2025-09-22,AE
5215,2025-09-08,US
5216,2025-09-21,UK
5217,2025-06-11,IN
5218,2025-08-08,UK
5219,2025-07-20,US
5220,2025-08-06,SG
5221,2025-07-07,US
5222,2025-06-12,SG
5223,2025-08-10,UK
5224,2025-08-06,UK
5225,2025-09-05,US
5226,2025-06-03,IN
5227,2025-09-22,SG
5228,2025-08-15,UK
5229,2025-07-01,UK
5230,2025-09-01,AE
5231,2025-08-04,IN
5232,2025-09-02,IN
5233,2025-09-16,UK
5234,2025-07-04,SG
5235,2025-07-16,IN
5236,2025-06-07,IN
5237,2025-07-28,UK
5238,2025-08-13,IN
5239,2025-07-29,UK
5240,2025-07-01,SG
5241,2025-08-12,SG
5242,2025-09-17,SG
5243,2025-06-30,UK
5244,2025-07-09,UK
5245,2025-08-25,SG
5246,2025-08-26,US
5247,2025-08-31,AE
5248,2025-08-06,US
5249,2025-06-14,UK
5250,2025-08-06,SG
5251,2025-06-25,UK
5252,2025-07-29,IN
5253,2025-06-19,AE
5254,2025-09-15,AE
5255,2025-06-11,IN
5256,2025-06-08,AE
5257,2025-09-22,US
5258,2025-07-31,US
5259,2025-07-28,IN
5260,2025-07-18,SG
5261,2025-07-22,SG
5262,2025-08-11,SG
5263,2025-09-08,AE
5264,2025-09-20,UK
5265,2025-08-14,AE
5266,2025-08-21,AE
5267,2025-07-27,AE
5268,2025-09-02,AE
5269,2025-09-14,US
5270,2025-06-19,SG
5271,2025-06-17,AE
5272,2025-08-31,AE
5273,2025-06-17,SG
5274,2025-09-19,SG
5275,2025-06-16,US
5276,2025-07-29,AE
5277,2025-06-05,US
5278,2025-08-11,UK
5279,2025-09-26,IN
5280,2025-08-17,AE
5281,2025-06-15,IN
5282,2025-07-18,SG
5283,2025-07-08,IN
5284,2025-08-06,US
5285,2025-06-16,UK
5286,2025-07-10,UK
5287,2025-07-09,UK
5288,2025-08-02,IN
5289,2025-09-10,US
5290,2025-06-19,SG
5291,2025-07-24,IN
5292,2025-09-28,UK
5293,2025-09-22,UK
5294,2025-06-28,US
5295,2025-09-13,AE
5296,2025-06-01,IN
5297,2025-08-10,UK
5298,2025-06-09,IN
5299,2025-07-24,AE
5300,2025-08-13,UK
5301,2025-08-12,AE
5302,2025-09-24,UK
5303,2025-09-09,AE
5304,2025-07-31,SG
5305,2025-06-17,US
5306,2025-08-04,AE
5307,2025-09-06,AE
5308,2025-08-25,AE
5309,2025-06-20,UK
5310,2025-06-12,SG
5311,2025-08-25,SG
5312,2025-07-23,AE
5313,2025-06-30,AE
5314,2025-07-14,SG
5315,2025-06-06,AE
5316,2025-09-03,UK
5317,2025-08-22,IN
5318,2025-09-19,US
5319,2025-08-30,IN
5320,2025-08-13,UK
5321,2025-08-11,IN
5322,2025-08-22,SG
5323,2025-06-11,US
5324,2025-08-19,SG
5325,2025-08-13,IN
5326,2025-08-12,SG
5327,2025-06-25,AE
5328,2025-08-04,IN
5329,2025-06-16,SG
5330,2025-06-24,IN
5331,2025-07-06,US
5332,2025-07-02,SG
5333,2025-07-27,IN
5334,2025-09-12,SG
5335,2025-08-17,UK
5336,2025-07-22,SG
5337,2025-06-06,AE
5338,2025-09-19,IN
5339,2025-07-14,AE
5340,2025-06-24,AE
5341,2025-06-04,SG
5342,2025-07-11,AE
5343,2025-07-03,IN
5344,2025-06-15,IN
5345,2025-08-09,US
5346,2025-07-07,US
5347,2025-06-24,UK
5348,2025-09-07,IN
5349,2025-06-20,UK
5350,2025-07-23,US
5351,2025-06-08,SG
5352,2025-07-12,US
5353,2025-06-04,IN
5354,2025-07-09,AE
5355,2025-06-13,UK
5356,2025-06-19,AE
5357,2025-09-23,UK
5358,2025-07-04,AE
5359,2025-09-14,IN
5360,2025-06-07,US
5361,2025-07-01,SG
5362,2025-08-15,US
5363,2025-08-03,SG
5364,2025-09-05,SG
5365,2025-07-20,IN
5366,2025-07-05,IN
5367,2025-07-11,AE
5368,2025-08-10,AE
5369,2025-06-09,AE
5370,2025-06-04,AE
5371,2025-08-21,US
5372,2025-09-25,IN
5373,2025-07-05,SG
5374,2025-08-15,IN
5375,2025-07-02,SG
5376,2025-08-23,US
5377,2025-07-09,SG
5378,2025-07-23,AE
5379,2025-06-11,SG
5380,2025-06-27,US
5381,2025-07-18,SG
5382,2025-06-22,US
5383,2025-08-08,AE
5384,2025-09-25,SG
5385,2025-07-28,IN
5386,2025-06-01,AE
5387,2025-09-15,SG
5388,2025-07-08,US
5389,2025-06-01,IN
5390,2025-09-28,AE
5391,2025-07-05,SG
5392,2025-07-03,AE
5393,2025-07-15,US
5394,2025-08-14,SG
5395,2025-07-07,IN
5396,2025-06-21,SG
5397,2025-08-12,IN
5398,2025-07-09,IN
5399,2025-07-21,IN
5400,2025-09-15,US
5401,2025-09-01,SG
5402,2025-07-06,AE
5403,2025-06-27,SG
5404,2025-08-04,UK
5405,2025-09-22,UK
5406,2025-08-21,UK
5407,2025-09-05,AE
5408,2025-07-05,US
5409,2025-08-24,UK
5410,2025-07-14,US
5411,2025-07-29,SG
5412,2025-07-13,IN
5413,2025-09-25,US
5414,2025-08-22,IN
5415,2025-08-17,AE
5416,2025-06-01,IN
5417,2025-08-26,US
5418,2025-07-23,SG
5419,2025-09-23,AE
5420,2025-09-06,AE
5421,2025-08-08,IN
5422,2025-09-09,IN
5423,2025-08-08,IN
5424,2025-09-23,AE
5425,2025-08-26,IN
5426,2025-07-16,AE
5427,2025-09-14,SG
5428,2025-07-16,AE
5429,2025-06-23,IN
5430,2025-06-16,AE
5431,2025-07-18,US
5432,2025-07-27,IN
5433,2025-06-29,IN
5434,2025-09-06,UK
5435,2025-08-27,UK
5436,2025-06-25,IN
5437,2025-09-13,SG
5438,2025-08-20,UK
5439,2025-09-12,US
5440,2025-06-30,AE
5441,2025-07-17,IN
5442,2025-07-06,AE
5443,2025-09-24,SG
5444,2025-06-27,IN
5445,2025-06-26,AE
5446,2025-06-15,UK
5447,2025-08-12,SG
5448,2025-08-03,US
5449,2025-08-10,US
5450,2025-08-24,SG
5451,2025-08-26,SG
5452,2025-08-12,US
5453,2025-06-09,SG
5454,2025-06-17,IN
5455,2025-06-17,UK
5456,2025-09-28,SG
5457,2025-09-18,US
5458,2025-09-21,SG
5459,2025-09-02,UK
5460,2025-06-25,IN
5461,2025-08-28,SG
5462,2025-08-18,UK
5463,2025-08-27,SG
5464,2025-09-22,AE
5465,2025-06-01,AE
5466,2025-08-22,IN
5467,2025-09-18,UK
5468,2025-07-26,AE
5469,2025-07-06,IN
5470,2025-08-27,SG
5471,2025-07-30,AE
5472,2025-07-17,SG
5473,2025-09-06,IN
5474,2025-09-22,US
5475,2025-06-07,UK
5476,2025-09-26,AE
5477,2025-08-08,AE
5478,2025-07-11,IN
5479,2025-07-21,US
5480,2025-07-13,IN
5481,2025-09-21,SG
5482,2025-09-12,IN
5483,2025-09-03,US
5484,2025-08-28,AE
5485,2025-06-10,US
5486,2025-06-26,US
5487,2025-07-13,UK
5488,2025-06-09,IN
5489,2025-06-04,AE
5490,2025-07-26,IN
5491,2025-08-15,UK
5492,2025-09-16,UK
5493,2025-07-02,IN
5494,2025-07-31,US
5495,2025-07-14,IN
5496,2025-09-14,UK
5497,2025-08-06,US
5498,2025-06-10,SG
5499,2025-08-19,AE
5500,2025-09-06,IN
5501,2025-08-20,AE
5502,2025-08-14,IN
5503,2025-06-11,IN
5504,2025-09-26,IN
5505,2025-07-19,UK
5506,2025-09-22,IN
5507,2025-09-09,US
5508,2025-06-08,AE
5509,2025-06-08,UK
5510,2025-08-18,AE
5511,2025-06-09,IN
5512,2025-08-26,IN
5513,2025-08-11,IN
5514,2025-07-08,AE
5515,2025-07-22,IN
5516,2025-08-19,AE
5517,2025-06-30,SG
5518,2025-09-09,SG
5519,2025-06-02,AE
5520,2025-07-20,AE
5521,2025-09-10,AE
5522,2025-09-21,SG
5523,2025-08-19,IN
5524,2025-07-14,IN
5525,2025-07-29,SG
5526,2025-07-13,SG
5527,2025-06-25,IN
5528,2025-06-14,IN
5529,2025-08-16,IN
5530,2025-08-15,US
5531,2025-09-24,SG
5532,2025-06-17,SG
5533,2025-07-03,UK
5534,2025-07-24,AE
5535,2025-09-01,SG
5536,2025-07-27,US
5537,2025-07-02,US
5538,2025-09-11,IN
5539,2025-06-08,US
5540,2025-07-10,SG
5541,2025-07-26,SG
5542,2025-08-23,UK
5543,2025-07-10,SG
5544,2025-09-22,SG
5545,2025-09-08,US
5546,2025-06-19,AE
5547,2025-07-10,SG
5548,2025-07-14,UK
5549,2025-07-18,IN
5550,2025-08-06,SG
5551,2025-08-24,US
5552,2025-06-08,US
5553,2025-08-04,SG
5554,2025-09-18,IN
5555,2025-07-25,UK
5556,2025-06-26,US
5557,2025-08-21,US
5558,2025-09-09,IN
5559,2025-07-14,US
5560,2025-08-25,AE
5561,2025-08-28,AE
5562,2025-08-16,UK
5563,2025-09-18,SG
5564,2025-08-12,UK
5565,2025-08-18,UK
5566,2025-07-24,UK
5567,2025-06-21,IN
5568,2025-07-29,IN
5569,2025-08-03,US
5570,2025-09-26,IN
5571,2025-08-21,US
5572,2025-08-28,US
5573,2025-07-30,SG
5574,2025-06-28,US
5575,2025-08-01,UK
5576,2025-09-12,AE
5577,2025-06-27,AE
5578,2025-06-24,IN
5579,2025-07-17,IN
5580,2025-06-10,UK
5581,2025-06-04,SG
5582,2025-06-15,US
5583,2025-07-08,AE
5584,2025-06-25,SG
5585,2025-09-25,UK
5586,2025-06-06,IN
5587,2025-06-26,US
5588,2025-07-07,US
5589,2025-06-29,UK
5590,2025-09-01,US
5591,2025-07-14,SG
5592,2025-07-02,US
5593,2025-06-26,IN
5594,2025-06-23,UK
5595,2025-09-25,IN
5596,2025-06-03,US
5597,2025-07-19,IN
5598,2025-07-14,US
5599,2025-07-10,AE
5600,2025-07-01,UK
5601,2025-09-12,UK
5602,2025-08-24,US
5603,2025-08-07,SG
5604,2025-09-21,AE
5605,2025-09-21,IN
5606,2025-06-16,US
5607,2025-09-21,US
5608,2025-09-10,US
5609,2025-06-25,SG
5610,2025-07-19,UK
5611,2025-07-11,SG
5612,2025-07-25,US
5613,2025-09-26,IN
5614,2025-09-06,SG
5615,2025-08-15,US
5616,2025-09-18,SG
5617,2025-07-08,US
5618,2025-07-12,US
5619,2025-06-07,UK
5620,2025-09-20,US
5621,2025-09-17,SG
5622,2025-08-14,AE
5623,2025-06-27,IN
5624,2025-09-09,AE
5625,2025-09-10,SG
5626,2025-06-09,US
5627,2025-08-05,AE
5628,2025-09-05,SG
5629,2025-07-18,AE
5630,2025-08-06,AE
5631,2025-06-23,UK
5632,2025-08-31,UK
5633,2025-08-07,AE
5634,2025-08-31,AE
5635,2025-07-31,UK
5636,2025-08-14,AE
5637,2025-08-21,SG
5638,2025-08-23,IN
5639,2025-06-27,US
5640,2025-09-23,US
5641,2025-07-28,US
5642,2025-07-21,US
5643,2025-07-10,AE
5644,2025-09-22,AE
5645,2025-08-13,US
5646,2025-09-28,UK
5647,2025-07-03,SG
5648,2025-06-11,US
5649,2025-09-05,IN
5650,2025-07-08,AE
5651,2025-08-06,UK
5652,2025-06-30,SG
5653,2025-06-06,AE
5654,2025-08-05,SG
5655,2025-07-14,AE
5656,2025-07-28,AE
5657,2025-07-26,AE
5658,2025-07-18,AE
5659,2025-07-11,UK
5660,2025-07-19,IN
5661,2025-06-23,AE
5662,2025-06-30,UK
5663,2025-08-22,IN
5664,2025-07-16,IN
5665,2025-07-08,SG
5666,2025-08-05,SG
5667,2025-08-22,IN
5668,2025-09-09,UK
5669,2025-09-27,US
5670,2025-06-13,IN
5671,2025-06-10,UK
5672,2025-06-05,SG
5673,2025-06-26,UK
5674,2025-06-26,UK
5675,2025-07-03,UK
5676,2025-09-04,UK
5677,2025-06-25,SG
5678,2025-06-18,SG
5679,2025-09-25,UK
5680,2025-06-02,UK
5681,2025-07-07,UK
5682,2025-09-09,AE
5683,2025-07-22,SG
5684,2025-09-05,IN
5685,2025-07-31,SG
5686,2025-09-06,US
5687,2025-09-19,AE
5688,2025-06-30,US
5689,2025-09-01,US
5690,2025-07-31,US
5691,2025-08-06,SG
5692,2025-09-09,SG
5693,2025-09-05,AE
5694,2025-09-01,AE
5695,2025-07-14,IN
5696,2025-07-11,US
5697,2025-07-25,AE
5698,2025-06-27,AE
5699,2025-07-28,SG
5700,2025-06-04,UK
5701,2025-06-18,SG
5702,2025-09-20,US
5703,2025-07-10,IN
5704,2025-08-03,UK
5705,2025-07-14,US
5706,2025-07-24,AE
5707,2025-08-27,AE
5708,2025-09-06,SG
5709,2025-07-09,UK
5710,2025-08-15,IN
5711,2025-08-12,IN
5712,2025-09-27,US
5713,2025-06-20,UK
5714,2025-08-12,SG
5715,2025-09-25,SG
5716,2025-08-13,AE
5717,2025-07-19,US
5718,2025-07-21,IN
5719,2025-08-08,AE
5720,2025-06-25,AE
5721,2025-06-14,UK
5722,2025-08-12,AE
5723,2025-08-21,UK
5724,2025-06-12,US
5725,2025-06-14,SG
5726,2025-06-23,IN
5727,2025-09-14,SG
5728,2025-08-02,IN
5729,2025-06-24,US
5730,2025-06-09,AE
5731,2025-07-07,US
5732,2025-06-30,UK
5733,2025-08-24,SG
5734,2025-06-09,AE
5735,2025-06-08,UK
5736,2025-08-06,IN
5737,2025-06-22,UK
5738,2025-09-19,AE
5739,2025-07-21,US
5740,2025-06-15,US
5741,2025-08-08,AE
5742,2025-08-01,IN
5743,2025-07-20,US
5744,2025-06-17,US
5745,2025-07-10,AE
5746,2025-09-13,AE
5747,2025-06-21,SG
5748,2025-08-13,UK
5749,2025-08-15,US
5750,2025-08-04,AE
5751,2025-07-06,US
5752,2025-06-01,US
5753,2025-07-28,IN
5754,2025-09-14,AE
5755,2025-08-17,US
5756,2025-08-07,UK
5757,2025-09-25,SG
5758,2025-09-21,AE
5759,2025-07-29,AE
5760,2025-08-13,IN
5761,2025-09-03,IN
5762,2025-07-07,AE
5763,2025-07-15,UK
5764,2025-07-21,SG
5765,2025-09-14,US
5766,2025-07-24,US
5767,2025-06-23,SG
5768,2025-09-02,AE
5769,2025-07-29,AE
5770,2025-09-25,US
5771,2025-08-29,SG
5772,2025-06-13,AE
5773,2025-08-29,IN
5774,2025-07-01,US
5775,2025-07-06,SG
5776,2025-07-08,IN
5777,2025-08-29,US
5778,2025-09-25,AE
5779,2025-07-23,SG
5780,2025-06-16,UK
5781,2025-06-10,IN
5782,2025-08-04,UK
5783,2025-07-23,AE
5784,2025-06-22,UK
5785,2025-06-27,SG
5786,2025-06-06,AE
5787,2025-06-04,IN
5788,2025-08-21,AE
5789,2025-07-19,UK
5790,2025-09-04,AE
5791,2025-09-18,US
5792,2025-07-21,IN
5793,2025-06-02,UK
5794,2025-06-15,US
5795,2025-07-12,AE
5796,2025-08-02,AE
5797,2025-06-09,IN
5798,2025-08-10,US
5799,2025-08-31,AE
5800,2025-06-18,AE
5801,2025-09-14,UK
5802,2025-09-16,US
5803,2025-06-22,IN
5804,2025-08-17,IN
5805,2025-06-23,UK
5806,2025-06-16,SG
5807,2025-09-03,AE
5808,2025-06-22,IN
5809,2025-08-25,IN
5810,2025-08-26,UK
5811,2025-06-20,AE
5812,2025-07-16,US
5813,2025-06-28,IN
5814,2025-09-23,SG
5815,2025-06-28,AE
5816,2025-08-29,IN
5817,2025-09-16,SG
5818,2025-08-22,IN
5819,2025-07-20,UK
5820,2025-07-27,IN
5821,2025-08-16,IN
5822,2025-06-07,AE
5823,2025-09-07,US
5824,2025-09-27,US
5825,2025-07-18,US
5826,2025-06-26,IN
5827,2025-06-03,AE
5828,2025-06-04,IN
5829,2025-07-14,US
5830,2025-08-27,IN
5831,2025-06-29,IN
5832,2025-09-11,US
5833,2025-09-01,US
5834,2025-06-06,AE
5835,2025-08-05,IN
5836,2025-09-13,UK
5837,2025-07-12,SG
5838,2025-08-20,US
5839,2025-08-19,US
5840,2025-09-28,SG
5841,2025-07-21,AE
5842,2025-06-16,US
5843,2025-06-28,IN
5844,2025-07-16,UK
5845,2025-06-23,IN
5846,2025-07-22,UK
5847,2025-06-02,AE
5848,2025-06-28,AE
5849,2025-06-29,IN
5850,2025-08-24,UK
5851,2025-08-23,SG
5852,2025-07-18,IN
5853,2025-06-09,US
5854,2025-07-23,UK
5855,2025-09-07,SG
5856,2025-08-03,IN
5857,2025-08-31,SG
5858,2025-09-10,SG
5859,2025-06-22,UK
5860,2025-06-13,SG
5861,2025-07-12,AE
5862,2025-08-26,US
5863,2025-07-13,US
5864,2025-08-21,UK
5865,2025-09-17,AE
5866,2025-06-09,UK
5867,2025-06-03,SG
5868,2025-09-25,SG
5869,2025-07-28,AE
5870,2025-08-05,US
5871,2025-08-04,SG
5872,2025-08-30,IN
5873,2025-06-30,IN
5874,2025-08-18,IN
5875,2025-07-10,US
5876,2025-09-03,AE
5877,2025-09-05,US
5878,2025-08-19,IN
5879,2025-06-08,US
5880,2025-07-18,AE
5881,2025-07-08,US
5882,2025-06-20,AE
5883,2025-06-27,IN
5884,2025-07-01,SG
5885,2025-07-27,UK
5886,2025-06-18,UK
5887,2025-07-11,IN
5888,2025-08-06,AE
5889,2025-08-22,UK
5890,2025-09-05,IN
5891,2025-06-30,UK
5892,2025-07-14,US
5893,2025-06-27,SG
5894,2025-06-07,US
5895,2025-09-11,US
5896,2025-08-17,AE
5897,2025-08-06,UK
5898,2025-06-24,AE
5899,2025-08-20,IN
5900,2025-06-09,AE
5901,2025-06-09,US
5902,2025-06-07,US
5903,2025-06-27,US
5904,2025-06-12,US
5905,2025-08-15,SG
5906,2025-09-15,US
5907,2025-07-01,SG
5908,2025-06-11,AE
5909,2025-09-01,AE
5910,2025-07-10,US
5911,2025-09-01,US
5912,2025-07-02,AE
5913,2025-06-23,SG
5914,2025-07-02,UK
5915,2025-07-07,SG
5916,2025-07-28,US
5917,2025-07-05,AE
5918,2025-06-11,UK
5919,2025-07-21,AE
5920,2025-06-22,AE
5921,2025-07-27,AE
5922,2025-08-04,SG
5923,2025-09-03,AE
5924,2025-09-06,US
5925,2025-09-13,AE
5926,2025-06-03,AE
5927,2025-07-25,IN
5928,2025-09-06,UK
5929,2025-08-16,SG
5930,2025-06-20,SG
5931,2025-09-02,US
5932,2025-07-03,AE
5933,2025-07-30,UK
5934,2025-07-29,UK
5935,2025-07-19,SG
5936,2025-08-17,AE
5937,2025-06-10,UK
5938,2025-06-18,AE
5939,2025-06-26,US
5940,2025-09-26,US
5941,2025-06-01,IN
5942,2025-09-19,SG
5943,2025-09-02,UK
5944,2025-08-02,AE
5945,2025-09-27,AE
5946,2025-07-21,UK
5947,2025-07-20,AE
5948,2025-07-10,SG
5949,2025-06-10,AE
5950,2025-09-22,IN
5951,2025-09-26,IN
5952,2025-07-20,SG
5953,2025-06-21,US
5954,2025-09-06,AE
5955,2025-07-03,UK
5956,2025-08-05,AE
5957,2025-08-21,UK
5958,2025-08-29,IN
5959,2025-08-23,AE
5960,2025-09-27,AE
5961,2025-09-03,US
5962,2025-07-02,AE
5963,2025-06-05,UK
5964,2025-08-20,IN
5965,2025-08-29,US
5966,2025-07-04,SG
5967,2025-07-29,US
5968,2025-07-03,US
5969,2025-08-17,SG
5970,2025-08-24,US
5971,2025-06-02,IN
5972,2025-09-07,IN
5973,2025-08-22,AE
5974,2025-07-21,SG
5975,2025-09-24,IN
5976,2025-08-06,US
5977,2025-09-21,AE
5978,2025-06-22,AE
5979,2025-07-03,UK
5980,2025-08-04,SG
5981,2025-08-24,AE
5982,2025-08-15,UK
5983,2025-09-02,AE
5984,2025-09-05,IN
5985,2025-06-14,SG
5986,2025-09-08,UK
5987,2025-09-13,US
5988,2025-07-05,US
5989,2025-09-28,AE
5990,2025-08-29,UK
5991,2025-06-01,US
5992,2025-09-13,AE
5993,2025-06-01,IN
5994,2025-06-09,AE
5995,2025-08-07,AE
5996,2025-08-23,UK
5997,2025-09-02,AE
5998,2025-06-22,US
5999,2025-07-18,US
6000,2025-08-30,US
6001,2025-06-26,AE
6002,2025-06-24,SG
6003,2025-06-15,AE
6004,2025-08-12,US
6005,2025-06-24,US
6006,2025-06-08,US
6007,2025-09-12,US
6008,2025-07-04,AE
6009,2025-07-27,SG
6010,2025-06-14,US
6011,2025-06-11,UK
6012,2025-06-11,AE
6013,2025-06-16,UK
6014,2025-06-09,UK
6015,2025-06-04,SG
6016,2025-07-01,AE
6017,2025-08-02,IN
6018,2025-06-02,IN
6019,2025-07-05,IN
6020,2025-08-25,SG
6021,2025-09-10,IN
6022,2025-06-13,US
6023,2025-08-06,IN
6024,2025-07-19,SG
6025,2025-08-06,UK
6026,2025-09-28,AE
6027,2025-07-31,UK
6028,2025-08-17,AE
6029,2025-07-14,UK
6030,2025-08-27,UK
6031,2025-07-11,US
6032,2025-07-17,AE
6033,2025-07-19,SG
6034,2025-06-08,UK
6035,2025-09-20,UK
6036,2025-09-12,IN
6037,2025-06-01,AE
6038,2025-09-20,AE
6039,2025-09-01,US
6040,2025-06-04,SG
6041,2025-06-16,SG
6042,2025-07-06,US
6043,2025-07-18,AE
6044,2025-08-19,AE
6045,2025-08-05,AE
6046,2025-08-24,US
6047,2025-06-01,UK
6048,2025-06-03,UK
6049,2025-09-20,IN
6050,2025-09-12,UK
6051,2025-08-26,AE
6052,2025-06-30,SG
6053,2025-08-02,AE
6054,2025-09-03,SG
6055,2025-09-10,IN
6056,2025-07-15,AE
6057,2025-09-28,AE
6058,2025-08-24,IN
6059,2025-09-02,AE
6060,2025-07-08,SG
6061,2025-06-25,US
6062,2025-09-20,SG
6063,2025-09-21,SG
6064,2025-09-09,SG
6065,2025-06-05,US
6066,2025-08-03,IN
6067,2025-07-09,SG
6068,2025-09-20,AE
6069,2025-06-22,AE
6070,2025-06-15,AE
6071,2025-08-24,SG
6072,2025-07-01,US
6073,2025-06-28,US
6074,2025-09-05,IN
6075,2025-06-14,AE
6076,2025-08-31,IN
6077,2025-06-21,UK
6078,2025-09-24,AE
6079,2025-09-07,UK
6080,2025-06-29,UK
6081,2025-08-25,AE
6082,2025-09-23,IN
6083,2025-08-25,US
6084,2025-09-27,SG
6085,2025-08-21,AE
6086,2025-06-12,UK
6087,2025-09-20,US
6088,2025-09-28,SG
6089,2025-09-07,SG
6090,2025-06-09,UK
6091,2025-07-19,AE
6092,2025-08-23,SG
6093,2025-09-18,AE
6094,2025-09-12,US
6095,2025-06-29,UK
6096,2025-06-15,UK
6097,2025-06-12,IN
6098,2025-06-12,UK
6099,2025-09-03,SG
6100,2025-09-28,US
6101,2025-09-04,IN
6102,2025-08-13,UK
6103,2025-06-17,UK
6104,2025-07-19,SG
6105,2025-09-03,IN
6106,2025-07-10,IN
6107,2025-08-15,SG
6108,2025-06-25,AE
6109,2025-07-25,UK
6110,2025-09-07,UK
6111,2025-09-11,US
6112,2025-08-06,SG
6113,2025-08-15,US
6114,2025-06-14,AE
6115,2025-06-02,SG
6116,2025-09-18,AE
6117,2025-07-11,US
6118,2025-09-13,UK
6119,2025-09-16,US
6120,2025-08-03,AE
6121,2025-06-19,SG
6122,2025-07-07,US
6123,2025-09-04,IN
6124,2025-08-16,UK
6125,2025-07-10,SG
6126,2025-08-28,IN
6127,2025-07-06,SG
6128,2025-08-01,US
6129,2025-08-03,UK
6130,2025-08-30,AE
6131,2025-06-08,UK
6132,2025-06-20,US
6133,2025-09-17,US
6134,2025-08-29,IN
6135,2025-09-27,US
6136,2025-09-18,AE
6137,2025-09-02,AE
6138,2025-07-09,US
6139,2025-06-03,SG
6140,2025-07-21,UK
6141,2025-07-25,AE
6142,2025-07-15,AE
6143,2025-07-21,IN
6144,2025-08-07,UK
6145,2025-07-07,US
6146,2025-08-29,SG
6147,2025-07-21,IN
6148,2025-06-17,UK
6149,2025-09-05,SG
6150,2025-09-19,IN
6151,2025-09-17,UK
6152,2025-07-29,US
6153,2025-08-13,US
6154,2025-07-27,AE
6155,2025-07-08,US
6156,2025-06-27,US
6157,2025-09-11,US
6158,2025-09-03,IN
6159,2025-07-17,SG
6160,2025-06-14,US
6161,2025-07-19,AE
6162,2025-08-26,US
6163,2025-09-27,IN
6164,2025-06-13,UK
6165,2025-07-31,US
6166,2025-06-07,IN
6167,2025-08-05,UK
6168,2025-08-15,AE
6169,2025-06-20,AE
6170,2025-07-02,IN
6171,2025-06-16,US
6172,2025-07-21,AE
6173,2025-07-09,SG
6174,2025-06-23,AE
6175,2025-09-08,IN
6176,2025-09-08,AE
6177,2025-09-19,AE
6178,2025-07-06,AE
6179,2025-07-18,IN
6180,2025-06-16,IN
6181,2025-06-11,IN
6182,2025-08-02,SG
6183,2025-06-29,IN
6184,2025-08-15,SG
6185,2025-08-13,AE
6186,2025-07-06,IN
6187,2025-09-10,SG
6188,2025-06-24,AE
6189,2025-08-01,AE
6190,2025-07-09,SG
6191,2025-06-17,IN
6192,2025-07-12,IN
6193,2025-08-31,SG
6194,2025-06-24,AE
6195,2025-09-13,IN
6196,2025-07-21,SG
6197,2025-09-13,SG
6198,2025-09-09,SG
6199,2025-08-02,IN
6200,2025-08-06,SG
6201,2025-08-08,IN
6202,2025-09-05,US
6203,2025-08-24,IN
6204,2025-06-24,SG
6205,2025-08-28,US
6206,2025-06-01,SG
6207,2025-07-28,UK
6208,2025-06-16,IN
6209,2025-06-17,SG
6210,2025-06-27,US
6211,2025-06-12,SG
6212,2025-07-03,IN
6213,2025-06-11,IN
6214,2025-08-04,UK
6215,2025-07-17,SG
6216,2025-06-22,AE
6217,2025-08-24,IN
6218,2025-07-02,UK
6219,2025-06-06,SG
6220,2025-09-24,UK
6221,2025-08-24,SG
6222,2025-07-27,US
6223,2025-08-13,AE
6224,2025-08-28,UK
6225,2025-08-06,UK
6226,2025-08-17,SG
6227,2025-08-05,US
6228,2025-08-28,IN
6229,2025-08-24,IN
6230,2025-07-01,IN
6231,2025-06-25,US
6232,2025-07-09,US
6233,2025-06-18,SG
6234,2025-08-10,US
6235,2025-08-15,UK
6236,2025-07-06,US
6237,2025-09-02,SG
6238,2025-07-25,IN
6239,2025-08-10,UK
6240,2025-07-04,AE
6241,2025-08-23,US
6242,2025-07-22,AE
6243,2025-06-11,UK
6244,2025-08-26,AE
6245,2025-08-28,US
6246,2025-08-08,US
6247,2025-06-10,UK
6248,2025-08-21,US
6249,2025-08-31,UK
6250,2025-08-12,SG
6251,2025-08-17,US
6252,2025-07-24,US
6253,2025-07-11,AE
6254,2025-07-19,IN
6255,2025-08-17,US
6256,2025-06-10,UK
6257,2025-06-16,SG
6258,2025-06-15,SG
6259,2025-07-23,IN
6260,2025-07-13,IN
6261,2025-07-17,UK
6262,2025-09-08,UK
6263,2025-06-19,US
6264,2025-07-06,IN
6265,2025-06-13,AE
6266,2025-06-29,AE
6267,2025-06-14,IN
6268,2025-06-23,SG
6269,2025-09-02,UK
6270,2025-08-15,AE
6271,2025-06-13,SG
6272,2025-07-15,SG
6273,2025-09-19,UK
6274,2025-08-10,UK
6275,2025-08-17,IN
6276,2025-09-23,IN
6277,2025-06-22,UK
6278,2025-09-05,AE
6279,2025-06-24,UK
6280,2025-09-12,SG
6281,2025-08-10,SG
6282,2025-09-21,AE
6283,2025-08-01,SG
6284,2025-06-17,UK
6285,2025-06-02,SG
6286,2025-08-31,US
6287,2025-08-24,US
6288,2025-06-19,AE
6289,2025-08-12,UK
6290,2025-06-07,UK
6291,2025-08-30,US
6292,2025-08-26,SG
6293,2025-07-24,AE
6294,2025-06-24,AE
6295,2025-07-16,AE
6296,2025-08-04,UK
6297,2025-07-06,AE
6298,2025-08-06,US
6299,2025-07-10,IN
6300,2025-07-10,AE
6301,2025-09-07,UK
6302,2025-09-17,IN
6303,2025-08-21,IN
6304,2025-06-10,US
6305,2025-06-12,US
6306,2025-08-13,IN
6307,2025-06-11,UK
6308,2025-08-10,AE
6309,2025-09-12,IN
6310,2025-07-25,SG
6311,2025-09-28,US
6312,2025-08-01,AE
6313,2025-08-05,SG
6314,2025-08-29,IN
6315,2025-07-22,IN
6316,2025-08-18,US
6317,2025-09-25,IN
6318,2025-08-31,AE
6319,2025-08-29,SG
6320,2025-09-04,UK
6321,2025-07-02,SG
6322,2025-08-27,SG
6323,2025-06-06,SG
6324,2025-07-28,US
6325,2025-08-26,SG
6326,2025-09-24,US
6327,2025-06-23,IN
6328,2025-07-17,US
6329,2025-08-05,UK
6330,2025-06-07,AE
6331,2025-08-03,AE
6332,2025-06-22,UK
6333,2025-06-15,UK
6334,2025-09-25,US
6335,2025-09-15,SG
6336,2025-09-17,IN
6337,2025-07-08,UK
6338,2025-08-01,UK
6339,2025-07-04,US
6340,2025-06-01,SG
6341,2025-07-21,US
6342,2025-09-27,UK
6343,2025-09-27,SG
6344,2025-09-14,IN
6345,2025-09-28,AE
6346,2025-09-23,SG
6347,2025-09-17,AE
6348,2025-06-08,UK
6349,2025-06-01,SG
6350,2025-07-29,UK
6351,2025-07-09,UK
6352,2025-06-14,IN
6353,2025-07-15,US
6354,2025-07-22,UK
6355,2025-06-02,IN
6356,2025-07-26,AE
6357,2025-06-26,IN
6358,2025-08-07,SG
6359,2025-09-24,US
6360,2025-07-23,IN
6361,2025-09-25,AE
6362,2025-06-01,US
6363,2025-09-07,UK
6364,2025-06-29,AE
6365,2025-07-21,UK
6366,2025-07-09,UK
6367,2025-07-25,US
6368,2025-08-08,UK
6369,2025-06-14,AE
6370,2025-08-24,AE
6371,2025-06-21,US
6372,2025-07-16,AE
6373,2025-06-01,UK
6374,2025-09-22,US
6375,2025-06-15,US
6376,2025-07-07,IN
6377,2025-06-18,AE
6378,2025-07-24,UK
6379,2025-09-24,IN
6380,2025-06-21,US
6381,2025-08-01,UK
6382,2025-06-16,AE
6383,2025-08-02,SG
6384,2025-08-03,US
6385,2025-07-12,AE
6386,2025-08-04,AE
6387,2025-06-17,IN
6388,2025-06-14,IN
6389,2025-06-17,US
6390,2025-07-15,SG
6391,2025-06-02,US
6392,2025-06-07,UK
6393,2025-07-25,SG
6394,2025-09-03,IN
6395,2025-07-26,AE
6396,2025-07-08,UK
6397,2025-08-02,IN
6398,2025-09-06,AE
6399,2025-07-02,SG
6400,2025-06-20,SG
6401,2025-06-24,US
6402,2025-07-06,IN
6403,2025-09-19,UK
6404,2025-08-29,US
6405,2025-08-25,AE
6406,2025-06-26,AE
6407,2025-08-30,IN
6408,2025-08-29,SG
6409,2025-08-18,US
6410,2025-06-25,SG
6411,2025-08-20,US
6412,2025-06-30,IN
6413,2025-06-17,AE
6414,2025-06-05,UK
6415,2025-06-25,US
6416,2025-07-25,IN
6417,2025-08-18,US
6418,2025-06-12,IN
6419,2025-07-19,AE
6420,2025-08-07,UK
6421,2025-08-29,US
6422,2025-06-29,UK
6423,2025-07-25,AE
6424,2025-06-08,SG
6425,2025-07-25,IN
6426,2025-07-09,IN
6427,2025-07-05,UK
6428,2025-07-06,UK
6429,2025-08-31,AE
6430,2025-07-02,UK
6431,2025-09-23,IN
6432,2025-06-24,IN
6433,2025-06-01,IN
6434,2025-08-24,UK
6435,2025-06-28,UK
6436,2025-07-31,UK
6437,2025-09-25,SG
6438,2025-06-13,AE
6439,2025-06-24,UK
6440,2025-08-02,UK
6441,2025-07-13,UK
6442,2025-06-15,IN
6443,2025-08-25,IN
6444,2025-08-27,SG
6445,2025-09-07,US
6446,2025-07-13,UK
6447,2025-09-03,UK
6448,2025-09-04,SG
6449,2025-08-07,SG
6450,2025-07-18,US
6451,2025-08-23,UK
6452,2025-06-27,SG
6453,2025-07-20,IN
6454,2025-09-22,IN
6455,2025-06-17,SG
6456,2025-06-16,IN
6457,2025-08-15,US
6458,2025-06-25,AE
6459,2025-09-27,IN
6460,2025-06-10,SG
6461,2025-08-19,UK
6462,2025-07-09,AE
6463,2025-09-06,US
6464,2025-08-08,US
6465,2025-06-06,US
6466,2025-06-25,AE
6467,2025-08-10,UK
6468,2025-09-23,SG
6469,2025-07-15,UK
6470,2025-07-28,IN
6471,2025-09-25,AE
6472,2025-06-09,AE
6473,2025-07-24,SG
6474,2025-09-28,SG
6475,2025-09-10,IN
6476,2025-06-22,SG
6477,2025-07-06,US
6478,2025-07-08,IN
6479,2025-08-12,IN
6480,2025-09-10,US
6481,2025-09-03,AE
6482,2025-08-03,SG
6483,2025-09-20,SG
6484,2025-06-10,US
6485,2025-07-27,SG
6486,2025-07-20,SG
6487,2025-09-08,AE
6488,2025-07-22,SG
6489,2025-07-05,US
6490,2025-06-24,IN
6491,2025-06-21,SG
6492,2025-06-28,SG
6493,2025-08-29,IN
6494,2025-09-21,SG
6495,2025-07-29,SG
6496,2025-08-30,SG
6497,2025-07-04,UK
6498,2025-09-18,US
6499,2025-07-08,UK
6500,2025-08-10,IN
6501,2025-06-22,US
6502,2025-06-06,SG
6503,2025-07-01,UK
6504,2025-06-06,US
6505,2025-09-22,UK
6506,2025-09-27,US
6507,2025-07-05,IN
6508,2025-08-22,US
6509,2025-09-14,US
6510,2025-08-08,IN
6511,2025-06-01,UK
6512,2025-08-20,SG
6513,2025-07-18,UK
6514,2025-06-11,SG
6515,2025-07-04,US
6516,2025-07-23,SG
6517,2025-07-08,UK
6518,2025-06-08,IN
6519,2025-09-14,UK
6520,2025-06-29,UK
6521,2025-06-23,UK
6522,2025-06-03,SG
6523,2025-08-24,SG
6524,2025-06-14,AE
6525,2025-08-23,UK
6526,2025-09-20,SG
6527,2025-08-10,US
6528,2025-09-13,AE
6529,2025-06-29,UK
6530,2025-07-05,US
6531,2025-08-14,AE
6532,2025-06-20,AE
6533,2025-06-30,AE
6534,2025-07-18,US
6535,2025-09-24,AE
6536,2025-06-12,AE
6537,2025-06-24,AE
6538,2025-06-24,US
6539,2025-06-25,SG
6540,2025-08-02,US
6541,2025-08-22,UK
6542,2025-06-03,UK
6543,2025-06-21,US
6544,2025-09-13,AE
6545,2025-08-27,SG
6546,2025-06-25,IN
6547,2025-06-19,IN
6548,2025-07-25,US
6549,2025-07-29,AE
6550,2025-06-13,SG
6551,2025-06-18,IN
6552,2025-08-17,IN
6553,2025-07-19,AE
6554,2025-06-03,IN
6555,2025-09-14,IN
6556,2025-09-06,IN
6557,2025-06-17,US
6558,2025-09-07,IN
6559,2025-07-05,US
6560,2025-08-20,SG
6561,2025-06-02,IN
6562,2025-09-10,IN
6563,2025-08-09,UK
6564,2025-09-18,IN
6565,2025-06-26,US
6566,2025-08-01,SG
6567,2025-09-23,AE
6568,2025-09-13,US
6569,2025-07-10,UK
6570,2025-08-01,US
6571,2025-07-02,IN
6572,2025-08-09,UK
6573,2025-08-20,SG
6574,2025-06-16,IN
6575,2025-09-14,IN
6576,2025-06-14,SG
6577,2025-07-08,IN
6578,2025-08-05,AE
6579,2025-06-19,IN
6580,2025-09-25,US
6581,2025-06-04,US
6582,2025-07-25,AE
6583,2025-06-19,UK
6584,2025-08-23,UK
6585,2025-06-29,AE
6586,2025-08-27,IN
6587,2025-08-02,US
6588,2025-06-15,US
6589,2025-06-14,UK
6590,2025-07-16,IN
6591,2025-08-18,UK
6592,2025-06-16,UK
6593,2025-09-27,IN
6594,2025-09-23,IN
6595,2025-08-17,US
6596,2025-06-23,AE
6597,2025-08-07,UK
6598,2025-08-16,US
6599,2025-08-26,AE
6600,2025-06-20,UK
6601,2025-08-19,UK
6602,2025-07-15,IN
6603,2025-07-05,AE
6604,2025-08-24,UK
6605,2025-09-28,UK
6606,2025-09-12,IN
6607,2025-09-09,IN
6608,2025-09-19,US
6609,2025-09-08,US
6610,2025-07-11,US
6611,2025-07-20,AE
6612,2025-09-01,AE
6613,2025-09-13,IN
6614,2025-06-15,SG
6615,2025-07-25,UK
6616,2025-06-19,IN
6617,2025-07-12,US
6618,2025-06-24,AE
6619,2025-07-16,UK
6620,2025-08-03,AE
6621,2025-08-01,AE
6622,2025-08-17,UK
6623,2025-06-18,US
6624,2025-07-20,AE
6625,2025-08-10,AE
6626,2025-08-08,SG
6627,2025-08-03,SG
6628,2025-08-08,US
6629,2025-07-20,IN
6630,2025-08-14,AE
6631,2025-08-07,SG
6632,2025-09-08,US
6633,2025-08-29,IN
6634,2025-07-01,UK
6635,2025-06-01,US
6636,2025-09-17,IN
6637,2025-07-17,SG
6638,2025-07-31,US
6639,2025-09-26,IN
6640,2025-06-08,UK
6641,2025-07-17,US
6642,2025-07-08,AE
6643,2025-06-19,SG
6644,2025-09-28,AE
6645,2025-07-02,US
6646,2025-09-14,US
6647,2025-06-08,US
6648,2025-06-16,US
6649,2025-07-19,IN
6650,2025-08-29,AE
6651,2025-07-18,IN
6652,2025-08-29,IN
6653,2025-08-24,SG
6654,2025-06-10,AE
6655,2025-09-16,SG
6656,2025-09-20,US
6657,2025-06-04,US
6658,2025-07-17,US
6659,2025-06-11,US
6660,2025-06-10,IN
6661,2025-08-12,AE
6662,2025-06-20,US
6663,2025-07-31,US
6664,2025-09-04,SG
6665,2025-08-29,UK
6666,2025-07-31,AE
6667,2025-09-01,UK
6668,2025-07-27,IN
6669,2025-07-07,IN
6670,2025-06-20,IN
6671,2025-09-21,IN
6672,2025-08-17,US
6673,2025-08-04,US
6674,2025-06-02,AE
6675,2025-09-15,AE
6676,2025-08-27,AE
6677,2025-08-10,UK
6678,2025-09-26,SG
6679,2025-08-04,UK
6680,2025-08-30,US
6681,2025-07-25,US
6682,2025-07-05,IN
6683,2025-08-06,AE
6684,2025-06-17,US
6685,2025-07-22,SG
6686,2025-06-08,US
6687,2025-07-21,US
6688,2025-09-14,SG
6689,2025-08-17,IN
6690,2025-09-13,AE
6691,2025-08-01,UK
6692,2025-08-23,AE
6693,2025-09-14,AE
6694,2025-06-22,IN
6695,2025-09-11,UK
6696,2025-08-22,AE
6697,2025-06-25,UK
6698,2025-06-14,IN
6699,2025-06-10,UK
6700,2025-08-17,UK
6701,2025-06-04,US
6702,2025-07-07,US
6703,2025-08-09,IN
6704,2025-06-09,US
6705,2025-08-16,IN
6706,2025-09-05,UK
6707,2025-06-25,SG
6708,2025-06-26,IN
6709,2025-07-01,UK
6710,2025-06-11,SG
6711,2025-08-12,IN
6712,2025-08-12,AE
6713,2025-06-06,IN
6714,2025-07-11,IN
6715,2025-07-10,IN
6716,2025-07-16,UK
6717,2025-07-21,SG
6718,2025-06-25,UK
6719,2025-09-05,AE
6720,2025-09-01,UK
6721,2025-06-17,IN
6722,2025-07-13,AE
6723,2025-09-23,SG
6724,2025-06-13,SG
6725,2025-09-12,US
6726,2025-06-04,SG
6727,2025-09-10,AE
6728,2025-08-01,SG
6729,2025-09-20,IN
6730,2025-07-08,US
6731,2025-06-20,AE
6732,2025-06-11,IN
6733,2025-08-31,US
6734,2025-09-22,US
6735,2025-09-12,US
6736,2025-09-07,US
6737,2025-08-04,SG
6738,2025-09-02,SG
6739,2025-08-23,SG
6740,2025-09-28,UK
6741,2025-07-28,US
6742,2025-07-14,UK
6743,2025-07-17,SG
6744,2025-09-18,AE
6745,2025-06-06,AE
6746,2025-07-01,US
6747,2025-08-18,SG
6748,2025-06-10,US
6749,2025-08-12,AE
6750,2025-06-13,IN
6751,2025-06-19,UK
6752,2025-08-10,IN
6753,2025-08-03,IN
6754,2025-07-29,UK
6755,2025-06-22,UK
6756,2025-06-21,IN
6757,2025-07-06,SG
6758,2025-07-17,UK
6759,2025-06-12,IN
6760,2025-06-23,AE
6761,2025-07-04,AE
6762,2025-07-03,AE
6763,2025-08-23,US
6764,2025-06-16,SG
6765,2025-08-02,IN
6766,2025-07-17,UK
6767,2025-07-22,AE
6768,2025-09-18,SG
6769,2025-09-26,US
6770,2025-07-27,UK
6771,2025-08-05,SG
6772,2025-07-11,UK
6773,2025-06-11,AE
6774,2025-08-04,AE
6775,2025-07-04,IN
6776,2025-08-19,IN
6777,2025-09-03,US
6778,2025-08-29,SG
6779,2025-06-02,US
6780,2025-09-18,IN
6781,2025-07-08,AE
6782,2025-06-21,SG
6783,2025-07-22,IN
6784,2025-06-29,AE
6785,2025-09-20,AE
6786,2025-08-25,IN
6787,2025-07-15,AE
6788,2025-07-30,SG
6789,2025-09-24,AE
6790,2025-06-14,IN
6791,2025-06-24,IN
6792,2025-09-26,AE
6793,2025-09-07,AE
6794,2025-06-26,AE
6795,2025-07-13,IN
6796,2025-07-11,UK
6797,2025-08-17,AE
6798,2025-06-28,AE
6799,2025-06-15,UK
6800,2025-07-29,IN
6801,2025-08-09,US
6802,2025-07-31,US
6803,2025-08-21,US
6804,2025-07-11,SG
6805,2025-06-05,SG
6806,2025-09-08,AE
6807,2025-06-08,UK
6808,2025-09-10,AE
6809,2025-07-31,US
6810,2025-06-07,US
6811,2025-09-20,IN
6812,2025-09-06,AE
6813,2025-07-05,UK
6814,2025-08-21,US
6815,2025-06-11,US
6816,2025-06-09,UK
6817,2025-07-22,IN
6818,2025-07-09,AE
6819,2025-09-20,AE
6820,2025-08-07,US
6821,2025-08-25,UK
6822,2025-06-24,IN
6823,2025-06-12,AE
6824,2025-07-14,UK
6825,2025-06-22,US
6826,2025-07-15,AE
6827,2025-08-01,AE
6828,2025-08-08,US
6829,2025-08-29,AE
6830,2025-07-16,SG
6831,2025-07-20,IN
6832,2025-08-11,SG
6833,2025-06-26,IN
6834,2025-09-01,SG
6835,2025-08-18,US
6836,2025-07-12,UK
6837,2025-06-02,US
6838,2025-09-23,AE
6839,2025-09-28,US
6840,2025-08-03,UK
6841,2025-06-15,AE
6842,2025-07-04,SG
6843,2025-09-01,IN
6844,2025-07-28,US
6845,2025-08-21,AE
6846,2025-08-21,SG
6847,2025-06-13,IN
6848,2025-06-28,US
6849,2025-07-24,SG
6850,2025-09-08,US
6851,2025-08-16,AE
6852,2025-06-28,UK
6853,2025-06-27,US
6854,2025-08-26,SG
6855,2025-06-02,UK
6856,2025-09-13,UK
6857,2025-06-03,UK
6858,2025-09-23,UK
6859,2025-08-04,IN
6860,2025-08-29,AE
6861,2025-08-23,AE
6862,2025-07-23,AE
6863,2025-07-16,UK
6864,2025-09-15,SG
6865,2025-07-25,SG
6866,2025-09-06,UK
6867,2025-06-15,US
6868,2025-07-29,AE
6869,2025-07-18,US
6870,2025-08-10,SG
6871,2025-06-21,SG
6872,2025-07-26,AE
6873,2025-07-07,AE
6874,2025-08-21,UK
6875,2025-08-29,SG
6876,2025-09-27,IN
6877,2025-06-12,IN
6878,2025-06-12,IN
6879,2025-08-18,AE
6880,2025-06-14,AE
6881,2025-09-04,SG
6882,2025-09-27,SG
6883,2025-06-13,AE
6884,2025-08-04,SG
6885,2025-09-12,IN
6886,2025-08-25,UK
6887,2025-09-18,AE
6888,2025-06-28,US
6889,2025-09-08,AE
6890,2025-08-10,AE
6891,2025-06-15,US
6892,2025-09-18,AE
6893,2025-06-16,UK
6894,2025-09-10,AE
6895,2025-07-23,AE
6896,2025-06-01,UK
6897,2025-09-09,US
6898,2025-08-04,UK
6899,2025-07-05,UK
6900,2025-07-10,AE
6901,2025-08-26,US
6902,2025-06-01,AE
6903,2025-06-05,IN
6904,2025-06-04,US
6905,2025-09-10,UK
6906,2025-09-16,SG
6907,2025-09-13,SG
6908,2025-07-11,UK
6909,2025-06-22,SG
6910,2025-07-26,US
6911,2025-08-11,AE
6912,2025-06-25,SG
6913,2025-08-22,AE
6914,2025-09-15,IN
6915,2025-09-11,SG
6916,2025-07-25,US
6917,2025-08-21,AE
6918,2025-09-02,US
6919,2025-07-22,UK
6920,2025-08-06,US
6921,2025-07-26,US
6922,2025-06-13,US
6923,2025-08-04,IN
6924,2025-08-20,SG
6925,2025-09-09,AE
6926,2025-09-16,UK
6927,2025-09-16,SG
6928,2025-06-21,UK
6929,2025-06-27,IN
6930,2025-06-12,IN
6931,2025-07-26,IN
6932,2025-08-20,SG
6933,2025-06-20,IN
6934,2025-08-19,SG
6935,2025-09-26,IN
6936,2025-08-13,AE
6937,2025-06-04,US
6938,2025-07-29,UK
6939,2025-06-24,US
6940,2025-08-23,US
6941,2025-07-09,US
6942,2025-08-08,US
6943,2025-09-01,AE
6944,2025-09-07,UK
6945,2025-08-24,IN
6946,2025-07-06,IN
6947,2025-09-28,US
6948,2025-08-20,IN
6949,2025-08-21,SG
6950,2025-09-19,IN
6951,2025-06-15,AE
6952,2025-09-27,SG
6953,2025-06-16,IN
6954,2025-06-19,UK
6955,2025-07-04,US
6956,2025-06-12,IN
6957,2025-08-03,UK
6958,2025-09-25,US
6959,2025-07-21,IN
6960,2025-08-02,IN
6961,2025-07-23,IN
6962,2025-08-02,IN
6963,2025-06-27,AE
6964,2025-07-19,UK
6965,2025-08-21,AE
6966,2025-09-12,US
6967,2025-06-24,UK
6968,2025-06-02,US
6969,2025-08-24,SG
6970,2025-08-20,SG
6971,2025-09-18,IN
6972,2025-06-16,UK
6973,2025-07-15,AE
6974,2025-08-18,SG
6975,2025-08-09,IN
6976,2025-06-21,SG
6977,2025-09-03,UK
6978,2025-09-27,IN
6979,2025-06-25,SG
6980,2025-06-04,SG
6981,2025-06-03,SG
6982,2025-08-05,US
6983,2025-06-28,UK
6984,2025-06-15,US
6985,2025-06-04,UK
6986,2025-06-18,US
6987,2025-06-11,US
6988,2025-07-05,UK
6989,2025-08-01,US
6990,2025-06-12,UK
6991,2025-08-30,SG
6992,2025-08-23,UK
6993,2025-07-30,AE
6994,2025-07-26,SG
6995,2025-07-22,US
6996,2025-07-03,US
6997,2025-06-26,UK
6998,2025-07-21,IN
6999,2025-08-14,SG
7000,2025-07-10,US
7001,2025-09-10,US
7002,2025-09-01,AE
7003,2025-07-26,AE
7004,2025-07-25,SG
7005,2025-09-04,UK
7006,2025-09-13,UK
7007,2025-08-19,IN
7008,2025-08-17,AE
7009,2025-07-25,US
7010,2025-08-12,UK
7011,2025-07-18,IN
7012,2025-07-28,US
7013,2025-09-22,IN
7014,2025-08-05,UK
7015,2025-08-15,AE
7016,2025-07-08,SG
7017,2025-09-14,SG
7018,2025-07-16,AE
7019,2025-06-04,IN
7020,2025-06-24,UK
7021,2025-07-25,US
7022,2025-07-16,US
7023,2025-06-10,US
7024,2025-08-24,UK
7025,2025-07-18,US
7026,2025-09-08,UK
7027,2025-06-16,IN
7028,2025-07-11,IN
7029,2025-08-31,UK
7030,2025-06-28,AE
7031,2025-08-12,UK
7032,2025-09-24,US
7033,2025-08-11,IN
7034,2025-07-20,UK
7035,2025-08-17,US
7036,2025-08-07,US
7037,2025-06-14,SG
7038,2025-07-06,SG
7039,2025-09-22,IN
7040,2025-08-13,AE
7041,2025-08-27,AE
7042,2025-07-11,UK
7043,2025-06-26,US
7044,2025-06-07,AE
7045,2025-08-03,IN
7046,2025-07-06,AE
7047,2025-06-16,IN
7048,2025-07-28,US
7049,2025-08-16,UK
7050,2025-08-15,AE
7051,2025-07-01,SG
7052,2025-06-03,UK
7053,2025-06-03,SG
7054,2025-06-01,AE
7055,2025-07-07,US
7056,2025-09-16,AE
7057,2025-06-05,SG
7058,2025-09-26,SG
7059,2025-06-06,UK
7060,2025-08-22,IN
7061,2025-06-09,AE
7062,2025-06-13,AE
7063,2025-09-01,UK
7064,2025-07-06,UK
7065,2025-09-05,UK
7066,2025-07-22,IN
7067,2025-08-11,UK
7068,2025-08-03,SG
7069,2025-06-07,AE
7070,2025-07-09,AE
7071,2025-08-03,IN
7072,2025-09-16,UK
7073,2025-08-19,IN
7074,2025-06-04,US
7075,2025-06-07,IN
7076,2025-06-18,IN
7077,2025-07-12,AE
7078,2025-06-29,US
7079,2025-06-12,US
7080,2025-09-01,UK
7081,2025-09-13,SG
7082,2025-06-01,IN
7083,2025-07-04,IN
7084,2025-06-15,IN
7085,2025-07-09,IN
7086,2025-07-04,UK
7087,2025-08-28,SG
7088,2025-09-10,AE
7089,2025-07-05,US
7090,2025-09-27,US
7091,2025-08-14,AE
7092,2025-06-16,US
7093,2025-07-11,US
7094,2025-09-05,SG
7095,2025-09-22,AE
7096,2025-08-21,AE
7097,2025-08-25,IN
7098,2025-08-06,SG
7099,2025-07-01,SG
7100,2025-08-01,AE
7101,2025-07-06,UK
7102,2025-09-07,AE
7103,2025-06-29,IN
7104,2025-07-04,UK
7105,2025-08-31,IN
7106,2025-07-16,SG
7107,2025-09-15,US
7108,2025-08-24,US
7109,2025-08-28,IN
7110,2025-06-10,AE
7111,2025-06-08,US
7112,2025-06-02,US
7113,2025-07-30,AE
7114,2025-06-25,AE
7115,2025-06-14,UK
7116,2025-06-27,SG
7117,2025-09-06,SG
7118,2025-08-05,UK
7119,2025-09-06,UK
7120,2025-08-30,AE
7121,2025-08-23,US
7122,2025-09-17,SG
7123,2025-06-14,US
7124,2025-06-29,UK
7125,2025-07-20,AE
7126,2025-09-20,SG
7127,2025-08-05,US
7128,2025-09-08,AE
7129,2025-06-25,IN
7130,2025-07-06,AE
7131,2025-06-22,UK
7132,2025-09-20,SG
7133,2025-08-22,IN
7134,2025-06-19,AE
7135,2025-09-21,IN
7136,2025-09-04,IN
7137,2025-07-01,IN
7138,2025-09-23,AE
7139,2025-06-24,UK
7140,2025-06-04,AE
7141,2025-08-24,SG
7142,2025-07-28,UK
7143,2025-07-04,IN
7144,2025-09-27,SG
7145,2025-06-11,UK
7146,2025-07-26,US
7147,2025-06-20,AE
7148,2025-08-04,AE
7149,2025-08-05,UK
7150,2025-06-07,AE
7151,2025-07-05,UK
7152,2025-06-13,IN
7153,2025-08-23,AE
7154,2025-09-02,AE
7155,2025-06-25,UK
7156,2025-06-25,AE
7157,2025-06-23,SG
7158,2025-07-06,SG
7159,2025-08-17,AE
7160,2025-08-06,AE
7161,2025-06-14,IN
7162,2025-08-22,US
7163,2025-06-15,US
7164,2025-06-15,IN
7165,2025-09-23,IN
7166,2025-08-13,UK
7167,2025-07-01,IN
7168,2025-08-08,IN
7169,2025-07-06,US
7170,2025-09-21,SG
7171,2025-08-29,AE
7172,2025-07-21,AE
7173,2025-06-13,US
7174,2025-09-02,UK
7175,2025-08-03,US
7176,2025-06-22,US
7177,2025-07-15,UK
7178,2025-08-30,SG
7179,2025-07-07,IN
7180,2025-06-13,US
7181,2025-08-04,SG
7182,2025-08-01,UK
7183,2025-09-18,US
7184,2025-06-22,UK
7185,2025-08-27,IN
7186,2025-06-22,US
7187,2025-07-13,AE
7188,2025-06-19,IN
7189,2025-08-25,AE
7190,2025-07-25,UK
7191,2025-06-03,US
7192,2025-07-04,IN
7193,2025-06-22,IN
7194,2025-08-16,UK
7195,2025-07-31,SG
7196,2025-06-01,AE
7197,2025-09-20,US
7198,2025-07-31,IN
7199,2025-06-06,IN
7200,2025-08-12,UK
7201,2025-09-15,US
7202,2025-08-07,SG
7203,2025-06-22,US
7204,2025-09-08,IN
7205,2025-06-13,UK
7206,2025-09-11,UK
7207,2025-07-28,AE
7208,2025-09-03,UK
7209,2025-08-09,UK
7210,2025-08-24,AE
7211,2025-07-03,UK
7212,2025-07-29,IN
7213,2025-09-14,UK
7214,2025-07-09,UK
7215,2025-09-23,SG
7216,2025-09-08,SG
7217,2025-08-01,IN
7218,2025-07-05,SG
7219,2025-09-02,IN
7220,2025-06-19,AE
7221,2025-09-18,US
7222,2025-08-24,US
7223,2025-07-16,AE
7224,2025-06-04,US
7225,2025-08-13,AE
7226,2025-07-17,US
7227,2025-09-04,IN
7228,2025-06-25,AE
7229,2025-08-21,IN
7230,2025-07-06,SG
7231,2025-09-24,AE
7232,2025-09-21,SG
7233,2025-06-23,UK
7234,2025-09-25,UK
7235,2025-09-22,UK
7236,2025-07-21,SG
7237,2025-07-24,UK
7238,2025-07-10,US
7239,2025-06-06,SG
7240,2025-08-06,UK
7241,2025-09-15,SG
7242,2025-06-16,AE
7243,2025-09-10,AE
7244,2025-08-12,UK
7245,2025-07-07,IN
7246,2025-06-02,AE
7247,2025-09-27,US
7248,2025-07-30,US
7249,2025-08-06,UK
7250,2025-08-19,SG
7251,2025-08-25,US
7252,2025-07-09,AE
7253,2025-07-07,IN
7254,2025-09-11,UK
7255,2025-06-02,AE
7256,2025-06-06,US
7257,2025-07-07,SG
7258,2025-06-16,IN
7259,2025-08-02,UK
7260,2025-06-01,AE
7261,2025-07-16,IN
7262,2025-06-07,UK
7263,2025-06-18,UK
7264,2025-09-21,UK
7265,2025-09-09,SG
7266,2025-08-25,SG
7267,2025-06-20,IN
7268,2025-08-31,UK
7269,2025-06-19,US
7270,2025-07-26,SG
7271,2025-09-26,IN
7272,2025-07-08,US
7273,2025-06-05,AE
7274,2025-09-28,UK
7275,2025-07-02,AE
7276,2025-07-25,AE
7277,2025-09-24,IN
7278,2025-09-23,UK
7279,2025-09-26,UK
7280,2025-08-16,UK
7281,2025-06-23,SG
7282,2025-07-26,UK
7283,2025-09-11,SG
7284,2025-06-18,US
7285,2025-07-03,US
7286,2025-07-24,SG
7287,2025-06-26,UK
7288,2025-07-10,IN
7289,2025-07-09,SG
7290,2025-09-27,AE
7291,2025-08-09,US
7292,2025-07-19,AE
7293,2025-06-13,US
7294,2025-08-07,AE
7295,2025-08-28,UK
7296,2025-08-04,UK
7297,2025-07-30,UK
7298,2025-07-25,AE
7299,2025-07-24,AE
7300,2025-07-30,IN
7301,2025-09-25,SG
7302,2025-06-04,AE
7303,2025-06-12,US
7304,2025-08-18,UK
7305,2025-09-09,US
7306,2025-08-14,SG
7307,2025-07-18,US
7308,2025-08-19,SG
7309,2025-09-24,SG
7310,2025-09-21,UK
7311,2025-06-07,AE
7312,2025-06-17,AE
7313,2025-08-25,IN
7314,2025-07-30,SG
7315,2025-07-29,IN
7316,2025-06-11,IN
7317,2025-07-05,IN
7318,2025-07-13,SG
7319,2025-06-13,UK
7320,2025-08-12,AE
7321,2025-08-28,UK
7322,2025-09-19,IN
7323,2025-06-16,SG
7324,2025-08-26,SG
7325,2025-09-03,IN
7326,2025-08-29,US
7327,2025-08-06,US
7328,2025-08-11,AE
7329,2025-06-18,US
7330,2025-09-23,US
7331,2025-07-09,UK
7332,2025-09-01,IN
7333,2025-09-12,AE
7334,2025-08-19,US
7335,2025-06-15,IN
7336,2025-06-01,US
7337,2025-08-17,IN
7338,2025-08-06,IN
7339,2025-07-02,US
7340,2025-06-14,AE
7341,2025-06-04,SG
7342,2025-07-27,AE
7343,2025-06-08,IN
7344,2025-07-09,AE
7345,2025-08-01,US
7346,2025-09-13,US
7347,2025-09-16,SG
7348,2025-07-04,SG
7349,2025-08-27,AE
7350,2025-09-18,SG
7351,2025-06-16,AE
7352,2025-06-19,IN
7353,2025-06-24,US
7354,2025-09-13,US
7355,2025-06-22,SG
7356,2025-09-03,SG
7357,2025-06-26,AE
7358,2025-08-01,UK
7359,2025-07-08,IN
7360,2025-08-15,AE
7361,2025-07-18,UK
7362,2025-07-21,AE
7363,2025-08-29,IN
7364,2025-07-30,AE
7365,2025-09-13,AE
7366,2025-06-19,IN
7367,2025-07-07,AE
7368,2025-06-16,SG
7369,2025-07-20,IN
7370,2025-08-14,UK
7371,2025-06-05,SG
7372,2025-07-27,IN
7373,2025-09-25,UK
7374,2025-06-18,AE
7375,2025-09-21,AE
7376,2025-07-06,IN
7377,2025-06-21,UK
7378,2025-08-04,SG
7379,2025-06-27,UK
7380,2025-09-24,SG
7381,2025-07-20,SG
7382,2025-06-09,US
7383,2025-08-23,US
7384,2025-07-16,SG
7385,2025-07-14,AE
7386,2025-08-31,US
7387,2025-07-06,UK
7388,2025-09-27,AE
7389,2025-06-09,AE
7390,2025-07-19,AE
7391,2025-08-17,US
7392,2025-08-13,SG
7393,2025-09-08,SG
7394,2025-07-04,US
7395,2025-08-29,UK
7396,2025-08-15,SG
7397,2025-07-15,SG
7398,2025-08-19,AE
7399,2025-06-09,IN
7400,2025-06-04,US
7401,2025-06-30,IN
7402,2025-08-25,IN
7403,2025-08-03,AE
7404,2025-07-12,US
7405,2025-09-07,US
7406,2025-06-14,US
7407,2025-09-02,AE
7408,2025-09-05,AE
7409,2025-09-27,IN
7410,2025-06-08,SG
7411,2025-07-03,IN
7412,2025-06-05,IN
7413,2025-07-27,UK
7414,2025-08-17,IN
7415,2025-09-27,US
7416,2025-07-12,IN
7417,2025-08-29,AE
7418,2025-07-19,US
7419,2025-08-21,SG
7420,2025-08-11,US
7421,2025-06-26,UK
7422,2025-08-02,AE
7423,2025-08-26,UK
7424,2025-06-29,US
7425,2025-09-03,US
7426,2025-07-26,SG
7427,2025-09-12,US
7428,2025-06-12,SG
7429,2025-06-04,IN
7430,2025-06-27,IN
7431,2025-09-12,US
7432,2025-09-23,IN
7433,2025-07-17,AE
7434,2025-08-12,SG
7435,2025-09-19,IN
7436,2025-07-14,US
7437,2025-08-27,SG
7438,2025-08-03,US
7439,2025-09-15,US
7440,2025-08-13,AE
7441,2025-08-04,UK
7442,2025-07-16,SG
7443,2025-09-24,SG
7444,2025-09-18,US
7445,2025-09-11,IN
7446,2025-07-27,AE
7447,2025-08-20,AE
7448,2025-09-20,IN
7449,2025-08-12,IN
7450,2025-06-17,SG
7451,2025-07-09,IN
7452,2025-06-16,AE
7453,2025-06-30,IN
7454,2025-08-16,SG
7455,2025-07-13,IN
7456,2025-06-29,UK
7457,2025-09-27,UK
7458,2025-07-20,UK
7459,2025-06-09,US
7460,2025-07-07,IN
7461,2025-08-08,SG
7462,2025-07-01,SG
7463,2025-09-28,SG
7464,2025-08-04,UK
7465,2025-07-22,SG
7466,2025-06-08,SG
7467,2025-08-29,IN
7468,2025-08-14,AE
7469,2025-09-28,UK
7470,2025-08-23,IN
7471,2025-06-05,UK
7472,2025-07-24,UK
7473,2025-06-26,UK
7474,2025-09-22,IN
7475,2025-06-18,US
7476,2025-08-10,UK
7477,2025-09-27,IN
7478,2025-07-01,AE
7479,2025-06-10,SG
7480,2025-09-24,SG
7481,2025-08-29,IN
7482,2025-07-15,IN
7483,2025-07-24,SG
7484,2025-09-03,SG
7485,2025-09-27,IN
7486,2025-09-22,SG
7487,2025-08-01,US
7488,2025-07-05,IN
7489,2025-06-14,IN
7490,2025-08-03,SG
7491,2025-06-29,UK
7492,2025-07-26,AE
7493,2025-07-09,US
7494,2025-06-03,IN
7495,2025-06-04,US
7496,2025-08-08,SG
7497,2025-09-19,AE
7498,2025-08-27,IN
7499,2025-08-10,AE
7500,2025-06-07,AE
7501,2025-09-07,AE
7502,2025-08-29,US
7503,2025-07-26,AE
7504,2025-08-10,US
7505,2025-06-15,AE
7506,2025-06-16,SG
7507,2025-09-24,UK
7508,2025-07-16,US
7509,2025-07-14,AE
7510,2025-09-26,IN
7511,2025-07-01,US
7512,2025-06-12,SG
7513,2025-06-02,US
7514,2025-07-23,SG
7515,2025-08-12,IN
7516,2025-09-11,IN
7517,2025-09-20,US
7518,2025-09-13,IN
7519,2025-06-10,IN
7520,2025-06-17,AE
7521,2025-06-24,UK
7522,2025-06-06,UK
7523,2025-07-15,SG
7524,2025-08-23,US
7525,2025-07-08,US
7526,2025-08-17,AE
7527,2025-08-01,IN
7528,2025-08-24,IN
7529,2025-06-10,UK
7530,2025-08-09,US
7531,2025-08-03,UK
7532,2025-09-23,US
7533,2025-07-27,UK
7534,2025-07-17,SG
7535,2025-07-08,US
7536,2025-08-07,UK
7537,2025-07-11,SG
7538,2025-08-04,IN
7539,2025-06-07,UK
7540,2025-09-24,AE
7541,2025-08-30,SG
7542,2025-08-02,UK
7543,2025-06-11,US
7544,2025-09-25,US
7545,2025-09-16,SG
7546,2025-06-30,UK
7547,2025-09-03,SG
7548,2025-06-27,IN
7549,2025-07-18,US
7550,2025-06-05,US
7551,2025-08-29,AE
7552,2025-08-23,AE
7553,2025-06-15,IN
7554,2025-08-03,IN
7555,2025-07-05,UK
7556,2025-08-15,AE
7557,2025-07-09,IN
7558,2025-06-08,UK
7559,2025-09-18,SG
7560,2025-07-20,AE
7561,2025-06-03,AE
7562,2025-07-20,AE
7563,2025-06-06,US
7564,2025-06-27,AE
7565,2025-06-24,AE
7566,2025-08-08,IN
7567,2025-08-24,UK
7568,2025-06-05,SG
7569,2025-09-06,UK
7570,2025-09-28,IN
7571,2025-09-25,SG
7572,2025-09-05,UK
7573,2025-09-27,UK
7574,2025-09-12,SG
7575,2025-06-28,IN
7576,2025-07-14,SG
7577,2025-07-26,AE
7578,2025-09-09,IN
7579,2025-09-12,IN
7580,2025-08-10,AE
7581,2025-09-01,UK
7582,2025-09-18,SG
7583,2025-07-30,AE
7584,2025-08-13,SG
7585,2025-09-07,SG
7586,2025-07-04,US
7587,2025-07-19,AE
7588,2025-09-04,US
7589,2025-06-17,IN
7590,2025-07-06,UK
7591,2025-06-11,US
7592,2025-09-07,SG
7593,2025-07-08,UK
7594,2025-08-13,AE
7595,2025-06-05,SG
7596,2025-07-06,UK
7597,2025-07-05,UK
7598,2025-09-09,SG
7599,2025-06-02,IN
7600,2025-07-10,SG
7601,2025-08-24,UK
7602,2025-09-16,UK
7603,2025-09-17,US
7604,2025-07-27,AE
7605,2025-06-03,AE
7606,2025-06-02,AE
7607,2025-06-05,UK
7608,2025-08-01,SG
7609,2025-06-28,AE
7610,2025-06-08,SG
7611,2025-06-11,UK
7612,2025-09-23,SG
7613,2025-08-10,UK
7614,2025-06-09,AE
7615,2025-06-24,UK
7616,2025-09-07,UK
7617,2025-07-04,AE
7618,2025-06-17,US
7619,2025-08-20,US
7620,2025-06-19,SG
7621,2025-08-23,IN
7622,2025-06-30,IN
7623,2025-08-23,IN
7624,2025-06-24,SG
7625,2025-09-19,AE
7626,2025-08-14,UK
7627,2025-06-06,SG
7628,2025-08-31,US
7629,2025-06-08,UK
7630,2025-07-03,IN
7631,2025-08-26,UK
7632,2025-08-09,IN
7633,2025-08-16,US
7634,2025-07-15,IN
7635,2025-06-10,SG
7636,2025-07-27,IN
7637,2025-08-05,IN
7638,2025-07-01,US
7639,2025-07-12,SG
7640,2025-07-18,AE
7641,2025-06-10,AE
7642,2025-09-21,UK
7643,2025-06-19,IN
7644,2025-07-12,SG
7645,2025-09-09,UK
7646,2025-07-13,AE
7647,2025-09-23,UK
7648,2025-07-31,UK
7649,2025-08-19,IN
7650,2025-06-21,UK
7651,2025-06-06,UK
7652,2025-09-28,US
7653,2025-09-25,SG
7654,2025-06-04,IN
7655,2025-08-17,US
7656,2025-09-12,UK
7657,2025-08-05,SG
7658,2025-09-09,SG
7659,2025-08-31,UK
7660,2025-06-28,AE
7661,2025-09-15,SG
7662,2025-06-05,US
7663,2025-07-19,IN
7664,2025-06-10,US
7665,2025-08-12,SG
7666,2025-08-13,SG
7667,2025-09-02,AE
7668,2025-08-08,IN
7669,2025-09-17,SG
7670,2025-09-11,IN
7671,2025-08-17,AE
7672,2025-08-24,SG
7673,2025-08-06,AE
7674,2025-07-11,UK
7675,2025-06-25,SG
7676,2025-07-08,US
7677,2025-07-13,US
7678,2025-09-11,UK
7679,2025-06-30,AE
7680,2025-07-11,IN
7681,2025-08-28,US
7682,2025-07-27,AE
7683,2025-07-17,IN
7684,2025-07-16,SG
7685,2025-08-04,IN
7686,2025-09-26,UK
7687,2025-08-23,AE
7688,2025-08-17,US
7689,2025-07-28,AE
7690,2025-06-30,SG
7691,2025-09-14,US
7692,2025-09-27,SG
7693,2025-07-02,AE
7694,2025-08-26,SG
7695,2025-08-25,US
7696,2025-08-17,UK
7697,2025-09-10,UK
7698,2025-07-14,UK
7699,2025-06-16,IN
7700,2025-07-23,AE
7701,2025-08-04,US
7702,2025-08-13,AE
7703,2025-08-20,US
7704,2025-09-24,US
7705,2025-09-21,AE
7706,2025-06-02,US
7707,2025-06-16,AE
7708,2025-07-04,SG
7709,2025-08-31,AE
7710,2025-09-04,IN
7711,2025-06-17,IN
7712,2025-09-15,AE
7713,2025-06-04,US
7714,2025-06-10,US
7715,2025-08-05,SG
7716,2025-09-26,AE
7717,2025-09-24,AE
7718,2025-07-16,US
7719,2025-07-22,SG
7720,2025-07-01,UK
7721,2025-06-16,UK
7722,2025-09-23,UK
7723,2025-08-15,SG
7724,2025-08-18,IN
7725,2025-09-01,IN
7726,2025-06-10,UK
7727,2025-07-28,AE
7728,2025-08-20,AE
7729,2025-09-03,AE
7730,2025-07-08,AE
7731,2025-08-29,US
7732,2025-09-02,US
7733,2025-09-01,SG
7734,2025-09-26,SG
7735,2025-06-11,US
7736,2025-09-23,IN
7737,2025-08-15,SG
7738,2025-07-18,AE
7739,2025-07-19,UK
7740,2025-07-27,US
7741,2025-08-05,SG
7742,2025-07-06,IN
7743,2025-06-30,UK
7744,2025-08-03,UK
7745,2025-06-07,SG
7746,2025-08-06,SG
7747,2025-08-14,SG
7748,2025-09-17,AE
7749,2025-07-07,UK
7750,2025-07-20,UK
7751,2025-09-05,US
7752,2025-06-19,IN
7753,2025-09-13,US
7754,2025-07-26,SG
7755,2025-07-06,SG
7756,2025-09-21,SG
7757,2025-07-11,IN
7758,2025-07-15,UK
7759,2025-06-22,IN
7760,2025-07-07,UK
7761,2025-08-02,AE
7762,2025-06-29,US
7763,2025-07-07,UK
7764,2025-08-17,IN
7765,2025-09-27,US
7766,2025-08-25,UK
7767,2025-06-19,IN
7768,2025-06-27,SG
7769,2025-09-16,SG
7770,2025-09-05,US
7771,2025-06-04,SG
7772,2025-09-24,IN
7773,2025-09-23,SG
7774,2025-08-08,US
7775,2025-06-01,AE
7776,2025-09-15,IN
7777,2025-07-18,US
7778,2025-07-07,SG
7779,2025-07-25,AE
7780,2025-08-06,US
7781,2025-09-15,AE
7782,2025-07-08,IN
7783,2025-08-31,IN
7784,2025-07-27,AE
7785,2025-08-03,UK
7786,2025-06-12,US
7787,2025-07-06,IN
7788,2025-07-16,IN
7789,2025-09-04,US
7790,2025-09-02,IN
7791,2025-07-12,US
7792,2025-08-04,UK
7793,2025-07-06,AE
7794,2025-08-20,SG
7795,2025-08-26,IN
7796,2025-08-30,UK
7797,2025-09-23,IN
7798,2025-07-26,IN
7799,2025-09-28,SG
7800,2025-07-11,US
7801,2025-09-16,SG
7802,2025-08-24,IN
7803,2025-08-21,IN
7804,2025-07-02,US
7805,2025-08-15,AE
7806,2025-09-20,US
7807,2025-08-26,US
7808,2025-07-04,AE
7809,2025-06-20,AE
7810,2025-09-13,US
7811,2025-09-02,AE
7812,2025-07-07,US
7813,2025-06-26,IN
7814,2025-08-06,US
7815,2025-06-01,AE
7816,2025-06-09,AE
7817,2025-08-11,SG
7818,2025-06-27,US
7819,2025-06-05,AE
7820,2025-08-28,UK
7821,2025-08-18,AE
7822,2025-08-20,SG
7823,2025-07-01,UK
7824,2025-08-01,SG
7825,2025-08-24,US
7826,2025-09-21,UK
7827,2025-09-16,US
7828,2025-09-21,UK
7829,2025-08-25,AE
7830,2025-08-02,AE
7831,2025-08-16,UK
7832,2025-08-09,AE
7833,2025-07-08,IN
7834,2025-06-29,IN
7835,2025-09-21,UK
7836,2025-07-24,AE
7837,2025-07-12,US
7838,2025-08-24,AE
7839,2025-06-15,US
7840,2025-07-30,UK
7841,2025-08-24,IN
7842,2025-07-15,AE
7843,2025-08-30,US
7844,2025-09-08,AE
7845,2025-09-16,AE
7846,2025-08-16,AE
7847,2025-08-27,US
7848,2025-06-04,UK
7849,2025-07-05,SG
7850,2025-06-28,AE
7851,2025-06-08,SG
7852,2025-09-07,UK
7853,2025-07-04,UK
7854,2025-07-23,AE
7855,2025-09-12,AE
7856,2025-07-25,AE
7857,2025-07-04,IN
7858,2025-07-05,AE
7859,2025-09-02,US
7860,2025-07-14,IN
7861,2025-07-10,AE
7862,2025-07-23,US
7863,2025-08-13,US
7864,2025-08-08,US
7865,2025-09-08,IN
7866,2025-08-18,SG
7867,2025-07-13,US
7868,2025-08-17,SG
7869,2025-06-03,IN
7870,2025-09-11,AE
7871,2025-06-12,UK
7872,2025-09-25,UK
7873,2025-09-07,SG
7874,2025-06-09,IN
7875,2025-08-06,US
7876,2025-07-17,SG
7877,2025-06-26,US
7878,2025-09-16,SG
7879,2025-07-21,US
7880,2025-07-08,US
7881,2025-09-25,UK
7882,2025-07-13,AE
7883,2025-06-28,SG
7884,2025-09-02,US
7885,2025-06-02,IN
7886,2025-09-17,IN
7887,2025-09-05,SG
7888,2025-06-14,SG
7889,2025-07-21,AE
7890,2025-06-06,US
7891,2025-07-07,UK
7892,2025-06-04,US
7893,2025-08-20,US
7894,2025-06-05,UK
7895,2025-09-04,IN
7896,2025-09-13,AE
7897,2025-08-23,AE
7898,2025-06-17,UK
7899,2025-09-19,IN
7900,2025-06-10,IN
7901,2025-08-04,AE
7902,2025-06-03,IN
7903,2025-09-04,SG
7904,2025-08-17,US
7905,2025-06-13,SG
7906,2025-09-10,AE
7907,2025-06-25,SG
7908,2025-09-18,UK
7909,2025-09-09,UK
7910,2025-07-25,SG
7911,2025-09-04,IN
7912,2025-07-09,UK
7913,2025-07-29,US
7914,2025-06-13,UK
7915,2025-08-23,SG
7916,2025-07-31,AE
7917,2025-07-08,AE
7918,2025-06-12,US
7919,2025-07-23,SG
7920,2025-07-06,AE
7921,2025-07-07,SG
7922,2025-08-04,US
7923,2025-07-19,IN
7924,2025-08-03,AE
7925,2025-07-18,SG
7926,2025-08-31,IN
7927,2025-07-28,US
7928,2025-08-13,IN
7929,2025-07-21,US
7930,2025-07-28,UK
7931,2025-08-01,SG
7932,2025-06-14,UK
7933,2025-07-13,US
7934,2025-09-12,IN
7935,2025-06-13,SG
7936,2025-06-22,US
7937,2025-09-19,AE
7938,2025-08-15,US
7939,2025-06-11,US
7940,2025-07-22,SG
7941,2025-09-16,AE
7942,2025-08-06,SG
7943,2025-09-06,US
7944,2025-06-08,AE
7945,2025-07-03,AE
7946,2025-07-10,UK
7947,2025-09-15,US
7948,2025-06-05,UK
7949,2025-08-28,SG
7950,2025-08-16,AE
7951,2025-09-20,IN
7952,2025-07-05,US
7953,2025-09-05,SG
7954,2025-09-10,AE
7955,2025-08-09,AE
7956,2025-07-11,US
7957,2025-07-12,AE
7958,2025-08-30,AE
7959,2025-08-05,SG
7960,2025-09-18,IN
7961,2025-09-26,IN
7962,2025-07-25,IN
7963,2025-07-19,US
7964,2025-09-05,IN
7965,2025-06-21,SG
7966,2025-09-04,IN
7967,2025-06-22,US
7968,2025-07-27,IN
7969,2025-06-05,AE
7970,2025-08-03,US
7971,2025-08-20,SG
7972,2025-08-02,US
7973,2025-09-04,SG
7974,2025-07-24,AE
7975,2025-06-02,UK
7976,2025-06-16,AE
7977,2025-07-08,UK
7978,2025-08-06,UK
7979,2025-08-18,UK
7980,2025-08-12,US
7981,2025-06-19,UK
7982,2025-08-06,US
7983,2025-09-11,SG
7984,2025-08-31,UK
7985,2025-08-06,SG
7986,2025-07-03,AE
7987,2025-07-30,US
7988,2025-09-28,UK
7989,2025-09-27,US
7990,2025-06-22,SG
7991,2025-08-31,AE
7992,2025-06-02,UK
7993,2025-07-24,US
7994,2025-06-20,AE
7995,2025-06-09,IN
7996,2025-07-10,US
7997,2025-06-26,IN
7998,2025-08-08,AE
7999,2025-07-13,IN
8000,2025-06-08,SG
