order_id,customer_id,order_date,channel,campaign,gross_amount,discount_amount,net_revenue,currency
1,5603,2025-06-01,affiliate,partner_blog,62.61,0.0,62.61,USD
2,3851,2025-06-01,organic,organic_direct,129.74,12.97,116.77,USD
3,2915,2025-06-01,affiliate,partner_blog,106.08,0.0,106.08,USD
4,4345,2025-06-01,email,newsletter_weekly,235.22,23.52,211.7,USD
5,406,2025-06-01,organic,organic_direct,27.67,0.0,27.67,USD
6,6176,2025-06-01,paid_social,meta_retarget,78.96,7.9,71.06,USD
7,555,2025-06-01,paid_social,tiktok_awareness,95.16,0.0,95.16,USD
8,2810,2025-06-01,organic,organic_direct,51.33,2.57,48.76,USD
9,7148,2025-06-01,paid_search,retargeting_search,180.46,0.0,180.46,USD
10,4785,2025-06-01,affiliate,partner_blog,50.19,0.0,50.19,USD
11,6529,2025-06-01,paid_search,generic_shoes,123.85,6.19,117.66,USD
12,7471,2025-06-01,paid_search,retargeting_search,196.06,0.0,196.06,USD
13,1002,2025-06-01,paid_search,retargeting_search,62.04,0.0,62.04,USD
14,5231,2025-06-01,organic,organic_direct,291.52,0.0,291.52,USD
15,2722,2025-06-01,organic,organic_direct,30.32,1.52,28.8,USD
16,1185,2025-06-01,paid_search,brand_search_q4,204.86,0.0,204.86,USD
17,4619,2025-06-01,organic,organic_direct,134.01,0.0,134.01,USD
18,7861,2025-06-01,organic,organic_direct,180.06,0.0,180.06,USD
19,3066,2025-06-01,organic,organic_direct,257.59,25.76,231.83,USD
20,613,2025-06-01,email,winback,185.12,18.51,166.61,USD
21,3085,2025-06-01,organic,organic_direct,220.29,33.04,187.25,USD
22,151,2025-06-01,paid_search,brand_search_q4,136.17,0.0,136.17,USD
23,7897,2025-06-01,organic,organic_direct,36.71,0.0,36.71,USD
24,5172,2025-06-01,paid_search,generic_shoes,161.55,8.08,153.47,USD
25,5293,2025-06-01,organic,organic_direct,133.69,6.68,127.01,USD
26,1423,2025-06-01,organic,organic_direct,44.19,0.0,44.19,USD
27,365,2025-06-01,organic,organic_direct,259.35,38.9,220.45,USD
28,6806,2025-06-01,paid_search,retargeting_search,45.02,6.75,38.27,USD
29,6754,2025-06-01,organic,organic_direct,130.4,13.04,117.36,USD
30,662,2025-06-01,organic,organic_direct,134.18,20.13,114.05,USD
31,5662,2025-06-01,paid_search,retargeting_search,74.35,0.0,74.35,USD
32,6938,2025-06-01,paid_search,retargeting_search,169.05,16.91,152.14,USD
33,4719,2025-06-01,paid_search,generic_shoes,19.92,0.0,19.92,USD
34,2265,2025-06-01,paid_search,brand_search_q4,247.77,12.39,235.38,USD
35,2309,2025-06-01,organic,organic_direct,188.88,28.33,160.55,USD
36,4533,2025-06-01,paid_social,tiktok_awareness,30.07,0.0,30.07,USD
37,3027,2025-06-01,affiliate,partner_blog,239.77,0.0,239.77,USD
38,550,2025-06-01,paid_search,retargeting_search,150.34,0.0,150.34,USD
39,1002,2025-06-01,organic,organic_direct,18.81,0.0,18.81,USD
40,3071,2025-06-01,paid_social,meta_prospecting,260.03,13.0,247.03,USD
41,2273,2025-06-01,paid_search,generic_shoes,22.85,0.0,22.85,USD
42,5097,2025-06-01,organic,organic_direct,220.95,11.05,209.9,USD
43,4037,2025-06-01,paid_search,generic_shoes,287.46,28.75,258.71,USD
44,2325,2025-06-01,organic,organic_direct,65.84,0.0,65.84,USD
45,1955,2025-06-01,email,winback,299.22,0.0,299.22,USD
46,5982,2025-06-01,paid_search,generic_shoes,124.36,6.22,118.14,USD
47,3826,2025-06-01,organic,organic_direct,117.92,17.69,100.23,USD
48,2828,2025-06-01,organic,organic_direct,66.85,0.0,66.85,USD
49,3536,2025-06-01,paid_social,tiktok_awareness,160.57,24.09,136.48,USD
50,5459,2025-06-01,paid_social,meta_prospecting,91.87,9.19,82.68,USD
51,702,2025-06-01,paid_search,retargeting_search,157.02,0.0,157.02,USD
52,3617,2025-06-01,paid_search,brand_search_q4,202.56,0.0,202.56,USD
53,6404,2025-06-01,email,newsletter_weekly,43.73,4.37,39.36,USD
54,4268,2025-06-01,email,winback,231.02,34.65,196.37,USD
55,3060,2025-06-01,paid_search,retargeting_search,80.89,0.0,80.89,USD
56,3228,2025-06-01,email,newsletter_weekly,170.23,25.53,144.7,USD
57,2607,2025-06-01,affiliate,partner_blog,162.04,16.2,145.84,USD
58,1673,2025-06-01,email,winback,150.9,22.64,128.26,USD
59,6902,2025-06-01,paid_search,generic_shoes,127.15,0.0,127.15,USD
60,1789,2025-06-02,paid_social,tiktok_awareness,34.17,0.0,34.17,USD
61,7378,2025-06-02,affiliate,partner_blog,88.44,13.27,75.17,USD
62,6989,2025-06-02,organic,organic_direct,166.57,8.33,158.24,USD
63,2372,2025-06-02,paid_search,retargeting_search,122.81,0.0,122.81,USD
64,763,2025-06-02,paid_social,tiktok_awareness,97.62,14.64,82.98,USD
65,1220,2025-06-02,organic,organic_direct,238.29,23.83,214.46,USD
66,1664,2025-06-02,organic,organic_direct,204.12,0.0,204.12,USD
67,5874,2025-06-02,paid_social,meta_retarget,34.51,1.73,32.78,USD
68,7708,2025-06-02,organic,organic_direct,88.24,4.41,83.83,USD
69,4075,2025-06-02,organic,organic_direct,74.66,0.0,74.66,USD
70,1517,2025-06-02,paid_search,generic_shoes,175.88,0.0,175.88,USD
71,2915,2025-06-02,organic,organic_direct,187.07,0.0,187.07,USD
72,1658,2025-06-02,email,winback,64.6,9.69,54.91,USD
73,608,2025-06-02,paid_social,tiktok_awareness,42.92,2.15,40.77,USD
74,7756,2025-06-02,paid_social,meta_prospecting,111.84,5.59,106.25,USD
75,4815,2025-06-02,paid_search,generic_shoes,277.04,27.7,249.34,USD
76,6547,2025-06-02,organic,organic_direct,14.84,1.48,13.36,USD
77,3053,2025-06-02,paid_social,meta_retarget,230.77,0.0,230.77,USD
78,6951,2025-06-02,paid_search,retargeting_search,38.46,0.0,38.46,USD
79,3567,2025-06-02,paid_social,meta_prospecting,84.62,0.0,84.62,USD
80,7634,2025-06-02,paid_search,generic_shoes,130.27,19.54,110.73,USD
81,7550,2025-06-02,organic,organic_direct,191.87,28.78,163.09,USD
82,5004,2025-06-02,organic,organic_direct,152.41,0.0,152.41,USD
83,5238,2025-06-02,organic,organic_direct,172.37,0.0,172.37,USD
84,2833,2025-06-02,organic,organic_direct,88.32,8.83,79.49,USD
85,7347,2025-06-02,email,cart_abandon,64.7,0.0,64.7,USD
86,7379,2025-06-02,affiliate,partner_blog,115.2,5.76,109.44,USD
87,884,2025-06-02,email,winback,60.16,0.0,60.16,USD
88,419,2025-06-02,paid_social,tiktok_awareness,222.8,0.0,222.8,USD
89,1206,2025-06-02,email,cart_abandon,49.89,0.0,49.89,USD
90,2924,2025-06-02,organic,organic_direct,119.94,0.0,119.94,USD
91,6607,2025-06-02,affiliate,coupon_site,63.75,6.38,57.37,USD
92,4710,2025-06-02,paid_search,retargeting_search,172.25,8.61,163.64,USD
93,7435,2025-06-02,paid_search,generic_shoes,22.11,1.11,21.0,USD
94,3812,2025-06-02,paid_social,meta_prospecting,67.07,10.06,57.01,USD
95,4115,2025-06-02,paid_search,retargeting_search,109.96,0.0,109.96,USD
96,1980,2025-06-02,email,winback,78.29,11.74,66.55,USD
97,7473,2025-06-02,paid_search,generic_shoes,96.37,0.0,96.37,USD
98,5481,2025-06-02,organic,organic_direct,187.55,0.0,187.55,USD
99,232,2025-06-02,paid_social,meta_retarget,157.25,0.0,157.25,USD
100,5219,2025-06-02,email,newsletter_weekly,224.99,0.0,224.99,USD
101,2696,2025-06-02,organic,organic_direct,85.32,4.27,81.05,USD
102,2364,2025-06-02,organic,organic_direct,44.35,6.65,37.7,USD
103,5896,2025-06-02,paid_search,retargeting_search,258.77,0.0,258.77,USD
104,5709,2025-06-02,email,cart_abandon,69.59,0.0,69.59,USD
105,2591,2025-06-02,paid_search,retargeting_search,192.28,28.84,163.44,USD
106,1234,2025-06-02,email,cart_abandon,144.89,21.73,123.16,USD
107,4543,2025-06-02,paid_search,brand_search_q4,16.57,0.0,16.57,USD
108,6894,2025-06-02,email,cart_abandon,214.82,0.0,214.82,USD
109,4360,2025-06-02,paid_social,tiktok_awareness,214.52,0.0,214.52,USD
110,2488,2025-06-02,affiliate,coupon_site,222.62,0.0,222.62,USD
111,6931,2025-06-02,paid_search,brand_search_q4,118.03,0.0,118.03,USD
112,4264,2025-06-02,email,newsletter_weekly,196.81,0.0,196.81,USD
113,3096,2025-06-02,paid_search,generic_shoes,131.58,19.74,111.84,USD
114,1141,2025-06-03,email,newsletter_weekly,151.31,7.57,143.74,USD
115,3679,2025-06-03,organic,organic_direct,108.89,16.33,92.56,USD
116,3360,2025-06-03,paid_social,meta_prospecting,179.23,8.96,170.27,USD
117,1586,2025-06-03,paid_search,brand_search_q4,75.74,0.0,75.74,USD
118,1089,2025-06-03,paid_social,meta_retarget,126.51,18.98,107.53,USD
119,2349,2025-06-03,paid_social,meta_prospecting,211.74,0.0,211.74,USD
120,2524,2025-06-03,paid_search,generic_shoes,163.32,24.5,138.82,USD
121,2524,2025-06-03,paid_search,retargeting_search,19.51,0.0,19.51,USD
122,4685,2025-06-03,affiliate,coupon_site,38.09,0.0,38.09,USD
123,5812,2025-06-03,paid_social,tiktok_awareness,259.25,0.0,259.25,USD
124,992,2025-06-03,organic,organic_direct,172.44,17.24,155.2,USD
125,5081,2025-06-03,organic,organic_direct,274.91,13.75,261.16,USD
126,7177,2025-06-03,paid_social,tiktok_awareness,272.61,13.63,258.98,USD
127,7081,2025-06-03,paid_social,tiktok_awareness,199.87,9.99,189.88,USD
128,477,2025-06-03,email,cart_abandon,182.83,0.0,182.83,USD
129,7892,2025-06-03,paid_search,generic_shoes,259.14,25.91,233.23,USD
130,7,2025-06-03,affiliate,partner_blog,42.48,0.0,42.48,USD
131,7069,2025-06-03,organic,organic_direct,205.14,10.26,194.88,USD
132,6479,2025-06-03,email,cart_abandon,236.0,0.0,236.0,USD
133,7394,2025-06-03,organic,organic_direct,214.69,0.0,214.69,USD
134,4228,2025-06-03,paid_search,brand_search_q4,146.7,14.67,132.03,USD
135,3830,2025-06-03,paid_social,meta_retarget,33.68,0.0,33.68,USD
136,1742,2025-06-03,paid_social,meta_retarget,156.47,23.47,133.0,USD
137,5188,2025-06-03,paid_social,tiktok_awareness,211.36,0.0,211.36,USD
138,4802,2025-06-03,paid_social,tiktok_awareness,215.88,21.59,194.29,USD
139,6279,2025-06-03,paid_social,tiktok_awareness,171.4,0.0,171.4,USD
140,6887,2025-06-03,email,winback,232.18,34.83,197.35,USD
141,6283,2025-06-03,paid_search,generic_shoes,151.66,0.0,151.66,USD
142,5267,2025-06-03,affiliate,coupon_site,188.95,28.34,160.61,USD
143,6942,2025-06-03,paid_search,generic_shoes,62.03,9.3,52.73,USD
144,5633,2025-06-03,paid_social,tiktok_awareness,259.63,0.0,259.63,USD
145,4764,2025-06-03,paid_search,brand_search_q4,126.24,0.0,126.24,USD
146,1318,2025-06-03,organic,organic_direct,235.01,35.25,199.76,USD
147,718,2025-06-03,paid_social,tiktok_awareness,222.79,11.14,211.65,USD
148,3509,2025-06-03,paid_search,generic_shoes,23.17,0.0,23.17,USD
149,7001,2025-06-03,organic,organic_direct,84.95,0.0,84.95,USD
150,675,2025-06-03,organic,organic_direct,111.07,11.11,99.96,USD
151,6761,2025-06-03,paid_search,brand_search_q4,242.26,0.0,242.26,USD
152,2896,2025-06-03,paid_search,retargeting_search,203.09,0.0,203.09,USD
153,3013,2025-06-03,email,winback,85.35,8.54,76.81,USD
154,4448,2025-06-03,paid_social,meta_prospecting,217.56,0.0,217.56,USD
155,2518,2025-06-03,affiliate,coupon_site,112.22,11.22,101.0,USD
156,1839,2025-06-03,affiliate,coupon_site,265.36,0.0,265.36,USD
157,7004,2025-06-03,paid_social,meta_prospecting,18.8,0.0,18.8,USD
158,4119,2025-06-03,paid_social,meta_prospecting,171.98,8.6,163.38,USD
159,2645,2025-06-03,email,cart_abandon,53.87,2.69,51.18,USD
160,4929,2025-06-03,email,cart_abandon,215.17,0.0,215.17,USD
161,266,2025-06-03,paid_social,meta_prospecting,175.01,0.0,175.01,USD
162,1141,2025-06-03,organic,organic_direct,148.95,22.34,126.61,USD
163,3517,2025-06-03,affiliate,coupon_site,100.11,0.0,100.11,USD
164,6327,2025-06-03,paid_social,tiktok_awareness,198.85,0.0,198.85,USD
165,874,2025-06-03,organic,organic_direct,123.85,12.38,111.47,USD
166,7099,2025-06-03,paid_social,meta_retarget,184.65,0.0,184.65,USD
167,3652,2025-06-03,paid_search,brand_search_q4,222.38,22.24,200.14,USD
168,2182,2025-06-03,paid_social,tiktok_awareness,55.3,0.0,55.3,USD
169,6662,2025-06-03,email,newsletter_weekly,219.37,10.97,208.4,USD
170,4346,2025-06-03,organic,organic_direct,182.82,9.14,173.68,USD
171,4686,2025-06-03,paid_social,meta_retarget,59.09,8.86,50.23,USD
172,2261,2025-06-03,organic,organic_direct,161.24,24.19,137.05,USD
173,2425,2025-06-03,organic,organic_direct,17.58,0.0,17.58,USD
174,2748,2025-06-03,paid_search,retargeting_search,248.84,12.44,236.4,USD
175,2154,2025-06-03,organic,organic_direct,58.85,8.83,50.02,USD
176,3273,2025-06-03,paid_social,meta_retarget,296.84,0.0,296.84,USD
177,3567,2025-06-03,paid_social,tiktok_awareness,29.13,0.0,29.13,USD
178,972,2025-06-03,organic,organic_direct,138.24,0.0,138.24,USD
179,3342,2025-06-03,paid_social,meta_prospecting,293.19,29.32,263.87,USD
180,2116,2025-06-03,paid_social,meta_prospecting,136.46,6.82,129.64,USD
181,278,2025-06-03,email,cart_abandon,81.93,4.1,77.83,USD
182,7965,2025-06-03,organic,organic_direct,281.97,14.1,267.87,USD
183,5201,2025-06-03,organic,organic_direct,215.87,32.38,183.49,USD
184,7580,2025-06-03,paid_search,retargeting_search,22.16,0.0,22.16,USD
185,7918,2025-06-04,organic,organic_direct,217.55,0.0,217.55,USD
186,6635,2025-06-04,paid_social,tiktok_awareness,94.61,14.19,80.42,USD
187,815,2025-06-04,affiliate,coupon_site,190.45,0.0,190.45,USD
188,5570,2025-06-04,paid_search,retargeting_search,292.86,14.64,278.22,USD
189,1902,2025-06-04,paid_search,generic_shoes,49.7,2.49,47.21,USD
190,5711,2025-06-04,paid_search,retargeting_search,265.12,26.51,238.61,USD
191,3574,2025-06-04,organic,organic_direct,183.81,0.0,183.81,USD
192,4838,2025-06-04,organic,organic_direct,253.85,25.39,228.46,USD
193,5977,2025-06-04,paid_search,brand_search_q4,198.71,0.0,198.71,USD
194,1805,2025-06-04,email,cart_abandon,38.21,0.0,38.21,USD
195,798,2025-06-04,paid_social,tiktok_awareness,267.72,0.0,267.72,USD
196,5755,2025-06-04,paid_search,retargeting_search,110.13,0.0,110.13,USD
197,5236,2025-06-04,organic,organic_direct,170.87,8.54,162.33,USD
198,7921,2025-06-04,organic,organic_direct,188.76,0.0,188.76,USD
199,6781,2025-06-04,organic,organic_direct,60.3,0.0,60.3,USD
200,1349,2025-06-04,affiliate,coupon_site,124.64,12.46,112.18,USD
201,3711,2025-06-04,email,newsletter_weekly,212.9,10.65,202.25,USD
202,4261,2025-06-04,paid_search,generic_shoes,147.83,14.78,133.05,USD
203,2790,2025-06-04,email,winback,65.51,6.55,58.96,USD
204,3644,2025-06-04,paid_search,retargeting_search,245.83,0.0,245.83,USD
205,5572,2025-06-04,organic,organic_direct,284.84,0.0,284.84,USD
206,1507,2025-06-04,organic,organic_direct,49.3,7.39,41.91,USD
207,554,2025-06-04,organic,organic_direct,277.35,13.87,263.48,USD
208,1040,2025-06-04,paid_search,generic_shoes,161.14,0.0,161.14,USD
209,2899,2025-06-04,paid_search,brand_search_q4,192.29,0.0,192.29,USD
210,2960,2025-06-04,email,cart_abandon,229.48,0.0,229.48,USD
211,617,2025-06-04,paid_search,brand_search_q4,46.11,6.92,39.19,USD
212,7827,2025-06-04,affiliate,partner_blog,17.51,0.0,17.51,USD
213,3231,2025-06-04,organic,organic_direct,235.29,0.0,235.29,USD
214,3440,2025-06-04,email,newsletter_weekly,156.73,23.51,133.22,USD
215,6505,2025-06-04,paid_social,tiktok_awareness,167.81,0.0,167.81,USD
216,3533,2025-06-04,paid_search,generic_shoes,92.68,0.0,92.68,USD
217,2672,2025-06-04,paid_social,tiktok_awareness,167.75,0.0,167.75,USD
218,5129,2025-06-04,organic,organic_direct,86.77,0.0,86.77,USD
219,3573,2025-06-04,organic,organic_direct,130.27,0.0,130.27,USD
220,4871,2025-06-04,affiliate,coupon_site,203.76,0.0,203.76,USD
221,2251,2025-06-04,affiliate,coupon_site,130.71,13.07,117.64,USD
222,6057,2025-06-04,organic,organic_direct,135.82,13.58,122.24,USD
223,3521,2025-06-04,affiliate,partner_blog,165.66,8.28,157.38,USD
224,2504,2025-06-04,affiliate,partner_blog,21.8,0.0,21.8,USD
225,299,2025-06-04,email,newsletter_weekly,185.83,0.0,185.83,USD
226,4210,2025-06-04,email,newsletter_weekly,133.72,0.0,133.72,USD
227,2835,2025-06-04,organic,organic_direct,134.22,6.71,127.51,USD
228,7855,2025-06-04,affiliate,coupon_site,179.29,0.0,179.29,USD
229,293,2025-06-04,organic,organic_direct,40.21,6.03,34.18,USD
230,2081,2025-06-04,organic,organic_direct,121.33,0.0,121.33,USD
231,4403,2025-06-04,affiliate,partner_blog,173.12,0.0,173.12,USD
232,2774,2025-06-04,paid_social,meta_prospecting,58.03,5.8,52.23,USD
233,2193,2025-06-04,paid_social,meta_retarget,78.94,0.0,78.94,USD
234,6247,2025-06-04,organic,organic_direct,33.26,0.0,33.26,USD
235,1335,2025-06-04,paid_search,generic_shoes,247.73,37.16,210.57,USD
236,6258,2025-06-04,email,cart_abandon,182.94,0.0,182.94,USD
237,6755,2025-06-04,organic,organic_direct,81.39,4.07,77.32,USD
238,6276,2025-06-04,email,winback,235.64,0.0,235.64,USD
239,4493,2025-06-04,organic,organic_direct,184.74,27.71,157.03,USD
240,5956,2025-06-04,affiliate,partner_blog,72.3,0.0,72.3,USD
241,5901,2025-06-04,paid_social,meta_prospecting,243.86,12.19,231.67,USD
242,6354,2025-06-04,paid_search,retargeting_search,58.02,5.8,52.22,USD
243,479,2025-06-04,organic,organic_direct,239.27,11.96,227.31,USD
244,5123,2025-06-04,organic,organic_direct,177.6,17.76,159.84,USD
245,5146,2025-06-04,paid_search,retargeting_search,152.13,0.0,152.13,USD
246,5041,2025-06-04,paid_social,meta_prospecting,127.52,6.38,121.14,USD
247,1708,2025-06-04,paid_search,retargeting_search,256.57,0.0,256.57,USD
248,536,2025-06-04,paid_search,generic_shoes,197.26,0.0,197.26,USD
249,3499,2025-06-04,paid_search,generic_shoes,125.36,0.0,125.36,USD
250,4746,2025-06-04,affiliate,coupon_site,15.93,0.8,15.13,USD
251,4698,2025-06-04,paid_search,retargeting_search,52.39,5.24,47.15,USD
252,7239,2025-06-04,paid_social,meta_prospecting,193.27,28.99,164.28,USD
253,911,2025-06-04,paid_search,generic_shoes,198.52,0.0,198.52,USD
254,270,2025-06-04,paid_search,generic_shoes,27.94,0.0,27.94,USD
255,7164,2025-06-04,paid_social,tiktok_awareness,106.76,10.68,96.08,USD
256,5631,2025-06-04,email,cart_abandon,111.21,11.12,100.09,USD
257,7965,2025-06-04,organic,organic_direct,245.48,36.82,208.66,USD
258,130,2025-06-04,affiliate,coupon_site,19.73,0.99,18.74,USD
259,7296,2025-06-04,paid_search,retargeting_search,205.11,0.0,205.11,USD
260,5208,2025-06-04,email,winback,107.86,10.79,97.07,USD
261,3446,2025-06-04,organic,organic_direct,103.73,15.56,88.17,USD
262,4562,2025-06-04,email,winback,186.73,0.0,186.73,USD
263,6766,2025-06-04,organic,organic_direct,169.53,0.0,169.53,USD
264,7713,2025-06-04,organic,organic_direct,42.92,6.44,36.48,USD
265,1885,2025-06-04,paid_search,brand_search_q4,98.16,0.0,98.16,USD
266,6130,2025-06-04,affiliate,coupon_site,127.39,0.0,127.39,USD
267,4046,2025-06-04,organic,organic_direct,179.18,26.88,152.3,USD
268,627,2025-06-05,paid_search,brand_search_q4,136.69,20.5,116.19,USD
269,4802,2025-06-05,organic,organic_direct,62.81,3.14,59.67,USD
270,6111,2025-06-05,paid_search,generic_shoes,165.24,0.0,165.24,USD
271,3157,2025-06-05,affiliate,coupon_site,201.23,10.06,191.17,USD
272,5958,2025-06-05,organic,organic_direct,156.1,7.8,148.3,USD
273,2607,2025-06-05,email,cart_abandon,172.16,17.22,154.94,USD
274,1926,2025-06-05,organic,organic_direct,174.33,0.0,174.33,USD
275,439,2025-06-05,email,newsletter_weekly,109.83,5.49,104.34,USD
276,4640,2025-06-05,paid_social,meta_prospecting,133.39,20.01,113.38,USD
277,6865,2025-06-05,organic,organic_direct,107.1,0.0,107.1,USD
278,4965,2025-06-05,email,winback,238.87,0.0,238.87,USD
279,1075,2025-06-05,paid_search,retargeting_search,270.19,13.51,256.68,USD
280,3709,2025-06-05,paid_search,generic_shoes,163.16,0.0,163.16,USD
281,2974,2025-06-05,paid_social,tiktok_awareness,278.5,0.0,278.5,USD
282,5951,2025-06-05,paid_social,tiktok_awareness,233.63,0.0,233.63,USD
283,1129,2025-06-05,organic,organic_direct,49.47,7.42,42.05,USD
284,152,2025-06-05,organic,organic_direct,271.7,27.17,244.53,USD
285,3506,2025-06-05,paid_search,generic_shoes,132.45,0.0,132.45,USD
286,5201,2025-06-05,paid_search,brand_search_q4,42.97,2.15,40.82,USD
287,7644,2025-06-05,paid_search,retargeting_search,107.65,10.77,96.88,USD
288,860,2025-06-05,organic,organic_direct,166.2,24.93,141.27,USD
289,303,2025-06-05,organic,organic_direct,192.2,9.61,182.59,USD
290,2295,2025-06-05,paid_social,meta_prospecting,96.56,4.83,91.73,USD
291,5201,2025-06-05,email,newsletter_weekly,155.37,15.54,139.83,USD
292,3078,2025-06-05,email,cart_abandon,260.19,26.02,234.17,USD
293,2722,2025-06-05,paid_social,tiktok_awareness,271.93,0.0,271.93,USD
294,7085,2025-06-05,paid_search,generic_shoes,112.99,0.0,112.99,USD
295,2147,2025-06-05,organic,organic_direct,100.21,0.0,100.21,USD
296,7935,2025-06-05,paid_search,generic_shoes,107.38,5.37,102.01,USD
297,6588,2025-06-05,email,winback,154.45,7.72,146.73,USD
298,951,2025-06-05,email,winback,292.75,29.28,263.47,USD
299,289,2025-06-05,organic,organic_direct,47.47,7.12,40.35,USD
300,6059,2025-06-05,organic,organic_direct,139.37,20.91,118.46,USD
301,6863,2025-06-05,paid_search,generic_shoes,273.14,0.0,273.14,USD
302,1454,2025-06-05,email,cart_abandon,216.68,32.5,184.18,USD
303,1969,2025-06-05,paid_social,meta_retarget,112.71,16.91,95.8,USD
304,6482,2025-06-05,affiliate,coupon_site,128.86,0.0,128.86,USD
305,6321,2025-06-05,paid_search,generic_shoes,147.67,0.0,147.67,USD
306,7336,2025-06-05,organic,organic_direct,191.47,28.72,162.75,USD
307,2701,2025-06-05,paid_search,retargeting_search,230.56,23.06,207.5,USD
308,2654,2025-06-05,email,cart_abandon,155.45,0.0,155.45,USD
309,889,2025-06-05,paid_social,meta_prospecting,257.82,0.0,257.82,USD
310,6209,2025-06-05,paid_search,retargeting_search,268.71,0.0,268.71,USD
311,7336,2025-06-05,paid_social,meta_retarget,163.1,8.15,154.95,USD
312,6497,2025-06-05,organic,organic_direct,218.13,0.0,218.13,USD
313,6135,2025-06-05,organic,organic_direct,161.53,0.0,161.53,USD
314,2337,2025-06-05,paid_search,brand_search_q4,135.23,0.0,135.23,USD
315,4487,2025-06-05,paid_social,meta_retarget,211.39,0.0,211.39,USD
316,5681,2025-06-05,paid_search,brand_search_q4,79.17,0.0,79.17,USD
317,86,2025-06-05,paid_social,tiktok_awareness,241.91,0.0,241.91,USD
318,2442,2025-06-05,affiliate,partner_blog,213.79,0.0,213.79,USD
319,7629,2025-06-05,paid_search,brand_search_q4,210.74,21.07,189.67,USD
320,4078,2025-06-05,organic,organic_direct,161.99,0.0,161.99,USD
321,7176,2025-06-05,organic,organic_direct,202.57,0.0,202.57,USD
322,442,2025-06-05,paid_social,tiktok_awareness,281.04,14.05,266.99,USD
323,449,2025-06-05,organic,organic_direct,32.29,3.23,29.06,USD
324,507,2025-06-05,paid_social,meta_retarget,205.68,0.0,205.68,USD
325,2045,2025-06-05,affiliate,partner_blog,148.68,0.0,148.68,USD
326,5921,2025-06-05,email,newsletter_weekly,199.73,0.0,199.73,USD
327,559,2025-06-05,paid_social,meta_retarget,263.55,0.0,263.55,USD
328,3688,2025-06-05,paid_social,meta_retarget,217.94,0.0,217.94,USD
329,6758,2025-06-05,affiliate,partner_blog,178.43,0.0,178.43,USD
330,6819,2025-06-05,organic,organic_direct,213.59,32.04,181.55,USD
331,7570,2025-06-05,paid_search,generic_shoes,101.02,0.0,101.02,USD
332,663,2025-06-05,paid_social,meta_prospecting,45.79,0.0,45.79,USD
333,7219,2025-06-05,paid_social,meta_prospecting,178.97,0.0,178.97,USD
334,1087,2025-06-05,paid_social,meta_retarget,224.98,22.5,202.48,USD
335,5848,2025-06-05,organic,organic_direct,247.79,0.0,247.79,USD
336,4251,2025-06-05,organic,organic_direct,267.71,13.39,254.32,USD
337,5588,2025-06-05,organic,organic_direct,191.59,0.0,191.59,USD
338,7195,2025-06-05,organic,organic_direct,29.24,4.39,24.85,USD
339,4795,2025-06-05,paid_social,tiktok_awareness,183.76,27.56,156.2,USD
340,5719,2025-06-05,organic,organic_direct,106.21,10.62,95.59,USD
341,6840,2025-06-05,paid_search,retargeting_search,224.98,0.0,224.98,USD
342,3089,2025-06-05,affiliate,coupon_site,130.14,0.0,130.14,USD
343,5327,2025-06-05,paid_search,retargeting_search,178.13,0.0,178.13,USD
344,7618,2025-06-05,affiliate,partner_blog,106.17,0.0,106.17,USD
345,4151,2025-06-05,organic,organic_direct,127.25,0.0,127.25,USD
346,7238,2025-06-05,affiliate,partner_blog,205.6,30.84,174.76,USD
347,4545,2025-06-05,paid_search,brand_search_q4,135.29,0.0,135.29,USD
348,1496,2025-06-05,paid_social,meta_prospecting,18.62,0.0,18.62,USD
349,3049,2025-06-05,paid_social,meta_prospecting,225.1,0.0,225.1,USD
350,2707,2025-06-05,email,cart_abandon,22.31,1.12,21.19,USD
351,3804,2025-06-05,email,winback,67.15,0.0,67.15,USD
352,5300,2025-06-05,paid_social,tiktok_awareness,80.27,0.0,80.27,USD
353,5636,2025-06-05,organic,organic_direct,111.65,0.0,111.65,USD
354,136,2025-06-05,paid_search,generic_shoes,112.76,0.0,112.76,USD
355,7730,2025-06-05,organic,organic_direct,187.51,0.0,187.51,USD
356,7763,2025-06-05,organic,organic_direct,244.54,0.0,244.54,USD
357,3530,2025-06-05,affiliate,partner_blog,139.56,0.0,139.56,USD
358,136,2025-06-05,organic,organic_direct,213.93,32.09,181.84,USD
359,6289,2025-06-06,paid_search,retargeting_search,18.38,2.76,15.62,USD
360,3916,2025-06-06,paid_social,meta_prospecting,141.18,0.0,141.18,USD
361,3570,2025-06-06,paid_social,tiktok_awareness,222.9,0.0,222.9,USD
362,6945,2025-06-06,paid_social,meta_prospecting,107.61,5.38,102.23,USD
363,1555,2025-06-06,affiliate,coupon_site,218.49,32.77,185.72,USD
364,6858,2025-06-06,paid_social,meta_prospecting,229.33,22.93,206.4,USD
365,4700,2025-06-06,paid_social,meta_retarget,113.43,0.0,113.43,USD
366,5655,2025-06-06,organic,organic_direct,157.42,0.0,157.42,USD
367,1175,2025-06-06,paid_search,retargeting_search,84.81,0.0,84.81,USD
368,2866,2025-06-06,affiliate,partner_blog,91.61,0.0,91.61,USD
369,4757,2025-06-06,email,winback,35.23,0.0,35.23,USD
370,2647,2025-06-06,paid_social,meta_retarget,190.38,9.52,180.86,USD
371,3136,2025-06-06,affiliate,partner_blog,75.03,0.0,75.03,USD
372,1606,2025-06-06,paid_social,meta_prospecting,217.49,10.87,206.62,USD
373,986,2025-06-06,affiliate,coupon_site,162.76,16.28,146.48,USD
374,5806,2025-06-06,organic,organic_direct,216.14,21.61,194.53,USD
375,6422,2025-06-06,paid_social,meta_retarget,278.38,27.84,250.54,USD
376,277,2025-06-06,paid_search,retargeting_search,221.91,11.1,210.81,USD
377,6381,2025-06-06,paid_social,meta_prospecting,37.6,0.0,37.6,USD
378,5514,2025-06-06,organic,organic_direct,23.71,0.0,23.71,USD
379,139,2025-06-06,paid_social,tiktok_awareness,90.65,13.6,77.05,USD
380,6513,2025-06-06,email,newsletter_weekly,205.92,10.3,195.62,USD
381,7181,2025-06-06,paid_search,brand_search_q4,250.73,25.07,225.66,USD
382,268,2025-06-06,affiliate,coupon_site,204.62,0.0,204.62,USD
383,7369,2025-06-06,email,newsletter_weekly,270.98,27.1,243.88,USD
384,1419,2025-06-06,organic,organic_direct,221.35,11.07,210.28,USD
385,1902,2025-06-06,paid_search,brand_search_q4,246.47,0.0,246.47,USD
386,3069,2025-06-06,paid_search,retargeting_search,243.82,0.0,243.82,USD
387,6783,2025-06-06,paid_search,generic_shoes,75.18,11.28,63.9,USD
388,1861,2025-06-06,paid_social,tiktok_awareness,30.2,4.53,25.67,USD
389,5293,2025-06-06,paid_search,retargeting_search,174.27,8.71,165.56,USD
390,4612,2025-06-06,email,newsletter_weekly,109.48,0.0,109.48,USD
391,3197,2025-06-06,paid_search,generic_shoes,84.0,0.0,84.0,USD
392,935,2025-06-06,organic,organic_direct,76.83,7.68,69.15,USD
393,7510,2025-06-06,paid_search,brand_search_q4,173.72,0.0,173.72,USD
394,1708,2025-06-06,email,winback,210.91,10.55,200.36,USD
395,2424,2025-06-06,organic,organic_direct,27.08,0.0,27.08,USD
396,1080,2025-06-06,affiliate,partner_blog,125.51,0.0,125.51,USD
397,3628,2025-06-06,paid_search,retargeting_search,78.22,7.82,70.4,USD
398,917,2025-06-06,paid_social,meta_prospecting,239.92,0.0,239.92,USD
399,7197,2025-06-07,email,cart_abandon,62.29,0.0,62.29,USD
400,399,2025-06-07,affiliate,partner_blog,234.95,0.0,234.95,USD
401,1108,2025-06-07,paid_search,generic_shoes,213.58,21.36,192.22,USD
402,1454,2025-06-07,organic,organic_direct,75.7,0.0,75.7,USD
403,3438,2025-06-07,affiliate,coupon_site,198.01,0.0,198.01,USD
404,5779,2025-06-07,email,winback,187.61,18.76,168.85,USD
405,5479,2025-06-07,paid_social,tiktok_awareness,51.58,0.0,51.58,USD
406,898,2025-06-07,paid_social,meta_prospecting,79.19,7.92,71.27,USD
407,459,2025-06-07,paid_social,meta_retarget,217.18,0.0,217.18,USD
408,6341,2025-06-07,affiliate,coupon_site,266.97,0.0,266.97,USD
409,952,2025-06-07,affiliate,coupon_site,29.16,2.92,26.24,USD
410,6972,2025-06-07,paid_social,meta_retarget,58.73,0.0,58.73,USD
411,3563,2025-06-07,organic,organic_direct,116.38,11.64,104.74,USD
412,7156,2025-06-07,organic,organic_direct,227.88,0.0,227.88,USD
413,6975,2025-06-07,paid_social,meta_retarget,117.54,11.75,105.79,USD
414,5287,2025-06-07,email,cart_abandon,145.4,7.27,138.13,USD
415,7245,2025-06-07,paid_search,brand_search_q4,79.14,0.0,79.14,USD
416,6871,2025-06-07,paid_search,generic_shoes,195.18,0.0,195.18,USD
417,2771,2025-06-07,paid_social,meta_retarget,229.63,11.48,218.15,USD
418,3683,2025-06-07,affiliate,partner_blog,187.36,18.74,168.62,USD
419,2082,2025-06-07,organic,organic_direct,119.29,0.0,119.29,USD
420,2600,2025-06-07,organic,organic_direct,256.76,0.0,256.76,USD
421,5119,2025-06-07,paid_social,meta_prospecting,121.21,0.0,121.21,USD
422,4565,2025-06-07,affiliate,partner_blog,151.47,0.0,151.47,USD
423,6563,2025-06-07,email,newsletter_weekly,148.7,0.0,148.7,USD
424,2678,2025-06-07,organic,organic_direct,77.97,0.0,77.97,USD
425,5924,2025-06-07,email,winback,103.1,10.31,92.79,USD
426,462,2025-06-07,organic,organic_direct,19.21,0.0,19.21,USD
427,1977,2025-06-07,affiliate,partner_blog,17.7,0.89,16.81,USD
428,5399,2025-06-07,email,newsletter_weekly,126.55,0.0,126.55,USD
429,2670,2025-06-07,paid_social,meta_prospecting,227.96,0.0,227.96,USD
430,5312,2025-06-07,affiliate,coupon_site,119.15,11.92,107.23,USD
431,6666,2025-06-07,paid_social,tiktok_awareness,118.77,17.82,100.95,USD
432,6537,2025-06-07,organic,organic_direct,143.31,0.0,143.31,USD
433,2332,2025-06-07,organic,organic_direct,233.73,0.0,233.73,USD
434,4196,2025-06-07,organic,organic_direct,16.9,0.0,16.9,USD
435,2268,2025-06-07,affiliate,coupon_site,164.46,24.67,139.79,USD
436,6171,2025-06-07,organic,organic_direct,225.78,22.58,203.2,USD
437,3454,2025-06-07,paid_social,meta_prospecting,226.4,0.0,226.4,USD
438,2181,2025-06-07,organic,organic_direct,81.16,0.0,81.16,USD
439,6716,2025-06-07,paid_search,generic_shoes,175.38,8.77,166.61,USD
440,3994,2025-06-07,paid_search,generic_shoes,193.76,29.06,164.7,USD
441,2217,2025-06-07,paid_social,meta_prospecting,192.41,9.62,182.79,USD
442,6377,2025-06-07,paid_social,tiktok_awareness,173.02,17.3,155.72,USD
443,6912,2025-06-07,paid_search,retargeting_search,291.61,0.0,291.61,USD
444,1025,2025-06-07,email,winback,34.16,5.12,29.04,USD
445,3699,2025-06-07,organic,organic_direct,51.16,0.0,51.16,USD
446,2172,2025-06-07,affiliate,coupon_site,263.53,39.53,224.0,USD
447,4517,2025-06-07,paid_search,generic_shoes,262.7,0.0,262.7,USD
448,1299,2025-06-07,organic,organic_direct,61.04,0.0,61.04,USD
449,206,2025-06-07,paid_search,generic_shoes,61.64,0.0,61.64,USD
450,1269,2025-06-07,paid_search,brand_search_q4,76.69,3.83,72.86,USD
451,1553,2025-06-07,paid_social,tiktok_awareness,179.32,26.9,152.42,USD
452,6564,2025-06-07,paid_social,meta_retarget,23.53,0.0,23.53,USD
453,571,2025-06-07,paid_search,generic_shoes,70.32,10.55,59.77,USD
454,542,2025-06-07,organic,organic_direct,205.99,10.3,195.69,USD
455,4584,2025-06-07,organic,organic_direct,180.39,18.04,162.35,USD
456,1255,2025-06-07,paid_search,retargeting_search,98.72,14.81,83.91,USD
457,5523,2025-06-07,organic,organic_direct,121.37,0.0,121.37,USD
458,4601,2025-06-07,paid_search,brand_search_q4,151.22,0.0,151.22,USD
459,2442,2025-06-07,organic,organic_direct,90.25,13.54,76.71,USD
460,2961,2025-06-07,organic,organic_direct,65.56,6.56,59.0,USD
461,400,2025-06-07,paid_social,tiktok_awareness,25.58,2.56,23.02,USD
462,636,2025-06-07,paid_search,retargeting_search,234.98,35.25,199.73,USD
463,5969,2025-06-07,email,winback,125.0,0.0,125.0,USD
464,6315,2025-06-07,paid_search,generic_shoes,253.4,38.01,215.39,USD
465,2532,2025-06-07,affiliate,partner_blog,134.28,0.0,134.28,USD
466,6263,2025-06-07,paid_social,meta_prospecting,43.45,0.0,43.45,USD
467,1304,2025-06-07,organic,organic_direct,264.84,0.0,264.84,USD
468,6377,2025-06-07,email,winback,53.0,5.3,47.7,USD
469,6410,2025-06-07,email,newsletter_weekly,220.36,0.0,220.36,USD
470,3211,2025-06-07,affiliate,coupon_site,211.54,31.73,179.81,USD
471,6670,2025-06-07,paid_search,retargeting_search,113.51,0.0,113.51,USD
472,5102,2025-06-07,email,cart_abandon,122.6,6.13,116.47,USD
473,7593,2025-06-07,paid_search,brand_search_q4,227.2,34.08,193.12,USD
474,5014,2025-06-07,organic,organic_direct,137.41,0.0,137.41,USD
475,4776,2025-06-07,paid_search,generic_shoes,281.78,0.0,281.78,USD
476,1934,2025-06-07,paid_search,generic_shoes,208.03,10.4,197.63,USD
477,3303,2025-06-07,paid_search,brand_search_q4,164.45,0.0,164.45,USD
478,6235,2025-06-07,organic,organic_direct,158.47,23.77,134.7,USD
479,2461,2025-06-07,organic,organic_direct,89.18,8.92,80.26,USD
480,3725,2025-06-07,paid_social,meta_retarget,181.37,0.0,181.37,USD
481,164,2025-06-07,paid_social,meta_retarget,236.7,11.84,224.86,USD
482,3505,2025-06-07,organic,organic_direct,200.96,0.0,200.96,USD
483,6409,2025-06-07,paid_social,tiktok_awareness,239.79,0.0,239.79,USD
484,5441,2025-06-07,paid_search,retargeting_search,121.89,6.09,115.8,USD
485,1795,2025-06-07,paid_search,generic_shoes,63.55,0.0,63.55,USD
486,5412,2025-06-07,affiliate,partner_blog,264.15,39.62,224.53,USD
487,6111,2025-06-07,paid_social,meta_retarget,238.59,0.0,238.59,USD
488,1999,2025-06-07,email,newsletter_weekly,32.3,4.84,27.46,USD
489,6306,2025-06-07,affiliate,coupon_site,162.3,0.0,162.3,USD
490,2021,2025-06-07,paid_search,brand_search_q4,175.86,0.0,175.86,USD
491,6255,2025-06-07,organic,organic_direct,107.84,0.0,107.84,USD
492,5955,2025-06-07,paid_social,meta_retarget,143.6,21.54,122.06,USD
493,4334,2025-06-07,paid_search,brand_search_q4,45.66,0.0,45.66,USD
494,2525,2025-06-07,paid_search,generic_shoes,198.42,0.0,198.42,USD
495,6289,2025-06-07,paid_social,meta_retarget,130.72,13.07,117.65,USD
496,7320,2025-06-07,paid_search,brand_search_q4,71.98,0.0,71.98,USD
497,5314,2025-06-07,organic,organic_direct,120.0,6.0,114.0,USD
498,5879,2025-06-07,paid_search,generic_shoes,87.84,0.0,87.84,USD
499,148,2025-06-07,paid_search,retargeting_search,75.75,3.79,71.96,USD
500,7466,2025-06-07,organic,organic_direct,148.44,0.0,148.44,USD
501,4313,2025-06-07,affiliate,partner_blog,245.05,12.25,232.8,USD
502,2131,2025-06-07,paid_social,meta_prospecting,124.94,0.0,124.94,USD
503,480,2025-06-07,organic,organic_direct,133.8,20.07,113.73,USD
504,5026,2025-06-07,organic,organic_direct,18.08,0.9,17.18,USD
505,1869,2025-06-07,organic,organic_direct,49.92,0.0,49.92,USD
506,2477,2025-06-07,paid_search,brand_search_q4,126.71,12.67,114.04,USD
507,4818,2025-06-07,paid_social,tiktok_awareness,78.15,3.91,74.24,USD
508,7797,2025-06-07,affiliate,partner_blog,173.11,0.0,173.11,USD
509,6419,2025-06-08,paid_social,tiktok_awareness,140.99,21.15,119.84,USD
510,1542,2025-06-08,paid_search,generic_shoes,74.71,11.21,63.5,USD
511,4529,2025-06-08,paid_social,meta_retarget,173.77,17.38,156.39,USD
512,7851,2025-06-08,email,winback,23.4,2.34,21.06,USD
513,4698,2025-06-08,email,cart_abandon,154.43,0.0,154.43,USD
514,3366,2025-06-08,affiliate,coupon_site,169.33,16.93,152.4,USD
515,215,2025-06-08,organic,organic_direct,118.17,0.0,118.17,USD
516,2888,2025-06-08,organic,organic_direct,130.0,0.0,130.0,USD
517,6704,2025-06-08,organic,organic_direct,207.53,0.0,207.53,USD
518,3546,2025-06-08,affiliate,partner_blog,199.16,29.87,169.29,USD
519,7427,2025-06-08,email,cart_abandon,65.92,6.59,59.33,USD
520,1073,2025-06-08,organic,organic_direct,23.2,2.32,20.88,USD
521,3334,2025-06-08,paid_search,brand_search_q4,138.76,0.0,138.76,USD
522,1652,2025-06-08,paid_search,brand_search_q4,135.93,20.39,115.54,USD
523,1698,2025-06-08,paid_social,meta_prospecting,179.48,8.97,170.51,USD
524,897,2025-06-08,paid_search,retargeting_search,232.7,0.0,232.7,USD
525,6310,2025-06-08,organic,organic_direct,122.3,0.0,122.3,USD
526,7137,2025-06-08,paid_search,generic_shoes,207.32,10.37,196.95,USD
527,1182,2025-06-08,paid_social,meta_retarget,239.78,23.98,215.8,USD
528,3719,2025-06-08,email,newsletter_weekly,158.46,0.0,158.46,USD
529,225,2025-06-08,paid_social,meta_retarget,257.24,12.86,244.38,USD
530,4766,2025-06-08,paid_search,generic_shoes,189.18,0.0,189.18,USD
531,3498,2025-06-08,paid_social,meta_prospecting,202.84,0.0,202.84,USD
532,5505,2025-06-08,organic,organic_direct,235.85,0.0,235.85,USD
533,3228,2025-06-08,organic,organic_direct,118.73,5.94,112.79,USD
534,2353,2025-06-08,paid_social,meta_retarget,248.63,37.29,211.34,USD
535,2588,2025-06-08,paid_social,meta_prospecting,30.92,0.0,30.92,USD
536,3955,2025-06-08,paid_search,brand_search_q4,141.58,0.0,141.58,USD
537,1355,2025-06-08,paid_search,retargeting_search,213.39,21.34,192.05,USD
538,4191,2025-06-08,affiliate,coupon_site,224.04,22.4,201.64,USD
539,6107,2025-06-08,organic,organic_direct,64.5,6.45,58.05,USD
540,975,2025-06-08,organic,organic_direct,245.73,24.57,221.16,USD
541,310,2025-06-08,email,winback,25.48,3.82,21.66,USD
542,4548,2025-06-08,paid_search,generic_shoes,115.69,0.0,115.69,USD
543,7493,2025-06-08,organic,organic_direct,79.74,3.99,75.75,USD
544,1912,2025-06-08,paid_search,generic_shoes,141.9,0.0,141.9,USD
545,148,2025-06-08,paid_search,brand_search_q4,97.56,9.76,87.8,USD
546,3373,2025-06-08,affiliate,coupon_site,23.95,3.59,20.36,USD
547,4894,2025-06-08,organic,organic_direct,243.37,0.0,243.37,USD
548,6031,2025-06-08,paid_search,brand_search_q4,86.92,0.0,86.92,USD
549,5950,2025-06-08,organic,organic_direct,79.73,0.0,79.73,USD
550,6320,2025-06-08,paid_search,brand_search_q4,20.16,0.0,20.16,USD
551,4958,2025-06-08,affiliate,coupon_site,181.7,18.17,163.53,USD
552,3693,2025-06-08,paid_search,retargeting_search,186.33,9.32,177.01,USD
553,1932,2025-06-08,paid_search,retargeting_search,221.14,22.11,199.03,USD
554,2948,2025-06-08,paid_social,meta_retarget,15.82,0.79,15.03,USD
555,7212,2025-06-08,paid_search,generic_shoes,233.58,11.68,221.9,USD
556,2126,2025-06-08,organic,organic_direct,186.43,9.32,177.11,USD
557,6482,2025-06-08,paid_social,meta_prospecting,196.7,29.5,167.2,USD
558,6055,2025-06-08,organic,organic_direct,295.56,14.78,280.78,USD
559,489,2025-06-08,organic,organic_direct,53.07,5.31,47.76,USD
560,4804,2025-06-08,paid_search,brand_search_q4,245.05,0.0,245.05,USD
561,1336,2025-06-08,affiliate,partner_blog,171.32,0.0,171.32,USD
562,4731,2025-06-08,paid_social,meta_retarget,204.01,10.2,193.81,USD
563,4625,2025-06-08,paid_social,meta_retarget,115.37,5.77,109.6,USD
564,3202,2025-06-08,email,cart_abandon,23.26,2.33,20.93,USD
565,4653,2025-06-08,organic,organic_direct,258.75,12.94,245.81,USD
566,4986,2025-06-08,affiliate,coupon_site,232.44,0.0,232.44,USD
567,7098,2025-06-08,paid_social,tiktok_awareness,60.64,0.0,60.64,USD
568,6614,2025-06-08,affiliate,partner_blog,235.79,0.0,235.79,USD
569,7076,2025-06-08,paid_search,retargeting_search,270.82,0.0,270.82,USD
570,3687,2025-06-08,organic,organic_direct,155.5,7.78,147.72,USD
571,7829,2025-06-08,paid_social,tiktok_awareness,80.34,0.0,80.34,USD
572,6964,2025-06-08,paid_social,meta_retarget,85.71,0.0,85.71,USD
573,4647,2025-06-08,paid_search,retargeting_search,234.87,23.49,211.38,USD
574,3682,2025-06-08,email,newsletter_weekly,55.4,0.0,55.4,USD
575,2114,2025-06-08,email,winback,43.05,4.3,38.75,USD
576,2547,2025-06-09,email,winback,76.06,3.8,72.26,USD
577,4032,2025-06-09,paid_search,generic_shoes,66.17,9.93,56.24,USD
578,804,2025-06-09,organic,organic_direct,108.61,5.43,103.18,USD
579,3851,2025-06-09,organic,organic_direct,43.95,6.59,37.36,USD
580,5721,2025-06-09,paid_search,generic_shoes,182.14,27.32,154.82,USD
581,4620,2025-06-09,organic,organic_direct,242.51,24.25,218.26,USD
582,6052,2025-06-09,organic,organic_direct,119.61,0.0,119.61,USD
583,4952,2025-06-09,paid_social,meta_retarget,111.94,16.79,95.15,USD
584,4610,2025-06-09,paid_social,meta_prospecting,85.38,8.54,76.84,USD
585,1560,2025-06-09,organic,organic_direct,155.27,0.0,155.27,USD
586,5716,2025-06-09,affiliate,coupon_site,173.7,8.69,165.01,USD
587,1116,2025-06-09,organic,organic_direct,211.22,0.0,211.22,USD
588,6305,2025-06-09,paid_social,tiktok_awareness,164.04,0.0,164.04,USD
589,2159,2025-06-09,email,winback,213.3,32.0,181.3,USD
590,7944,2025-06-09,paid_social,meta_prospecting,76.56,0.0,76.56,USD
591,5359,2025-06-09,paid_search,brand_search_q4,160.57,0.0,160.57,USD
592,7402,2025-06-09,paid_social,tiktok_awareness,69.44,0.0,69.44,USD
593,7032,2025-06-09,paid_social,meta_prospecting,164.32,0.0,164.32,USD
594,6095,2025-06-09,organic,organic_direct,142.0,0.0,142.0,USD
595,2514,2025-06-09,paid_search,retargeting_search,27.59,0.0,27.59,USD
596,5033,2025-06-09,email,newsletter_weekly,265.72,13.29,252.43,USD
597,2011,2025-06-09,organic,organic_direct,281.43,0.0,281.43,USD
598,7464,2025-06-09,organic,organic_direct,274.86,0.0,274.86,USD
599,6922,2025-06-09,affiliate,coupon_site,135.51,6.78,128.73,USD
600,2649,2025-06-09,organic,organic_direct,268.11,13.41,254.7,USD
601,4370,2025-06-09,organic,organic_direct,216.5,10.83,205.67,USD
602,2519,2025-06-09,organic,organic_direct,46.95,0.0,46.95,USD
603,6033,2025-06-09,organic,organic_direct,109.68,0.0,109.68,USD
604,2953,2025-06-09,email,winback,121.71,0.0,121.71,USD
605,4317,2025-06-09,paid_search,generic_shoes,194.23,29.13,165.1,USD
606,7655,2025-06-09,organic,organic_direct,233.44,0.0,233.44,USD
607,7159,2025-06-09,organic,organic_direct,115.57,0.0,115.57,USD
608,6416,2025-06-09,organic,organic_direct,65.27,0.0,65.27,USD
609,5594,2025-06-09,email,winback,202.53,0.0,202.53,USD
610,6457,2025-06-09,organic,organic_direct,140.18,0.0,140.18,USD
611,191,2025-06-09,organic,organic_direct,167.93,0.0,167.93,USD
612,1482,2025-06-09,email,winback,136.39,0.0,136.39,USD
613,6335,2025-06-09,paid_search,generic_shoes,125.12,0.0,125.12,USD
614,3928,2025-06-09,organic,organic_direct,174.01,0.0,174.01,USD
615,2530,2025-06-09,email,winback,125.85,0.0,125.85,USD
616,5506,2025-06-09,organic,organic_direct,179.72,26.96,152.76,USD
617,5765,2025-06-09,paid_social,tiktok_awareness,164.82,0.0,164.82,USD
618,7460,2025-06-09,paid_social,meta_retarget,249.6,0.0,249.6,USD
619,5187,2025-06-09,affiliate,partner_blog,35.08,5.26,29.82,USD
620,6665,2025-06-09,paid_social,meta_prospecting,252.41,0.0,252.41,USD
621,5593,2025-06-09,organic,organic_direct,281.16,0.0,281.16,USD
622,5969,2025-06-09,organic,organic_direct,53.55,0.0,53.55,USD
623,5044,2025-06-09,paid_social,tiktok_awareness,19.74,0.0,19.74,USD
624,1770,2025-06-09,paid_search,retargeting_search,21.34,0.0,21.34,USD
625,1030,2025-06-09,organic,organic_direct,169.21,0.0,169.21,USD
626,7030,2025-06-09,paid_search,brand_search_q4,14.63,2.19,12.44,USD
627,605,2025-06-09,email,newsletter_weekly,73.34,7.33,66.01,USD
628,396,2025-06-09,paid_search,brand_search_q4,63.34,0.0,63.34,USD
629,4016,2025-06-09,paid_search,generic_shoes,182.51,0.0,182.51,USD
630,6861,2025-06-09,paid_search,brand_search_q4,47.3,7.09,40.21,USD
631,2818,2025-06-09,email,winback,253.01,25.3,227.71,USD
632,2068,2025-06-09,paid_social,meta_retarget,257.59,0.0,257.59,USD
633,7667,2025-06-09,organic,organic_direct,93.1,0.0,93.1,USD
634,6033,2025-06-09,paid_search,brand_search_q4,114.11,17.12,96.99,USD
635,7488,2025-06-09,email,winback,244.89,36.73,208.16,USD
636,4894,2025-06-09,paid_search,generic_shoes,293.13,14.66,278.47,USD
637,6653,2025-06-09,organic,organic_direct,35.38,5.31,30.07,USD
638,7513,2025-06-09,affiliate,partner_blog,255.36,12.77,242.59,USD
639,6396,2025-06-09,paid_search,brand_search_q4,84.55,4.23,80.32,USD
640,1839,2025-06-09,paid_social,tiktok_awareness,229.65,0.0,229.65,USD
641,4284,2025-06-09,paid_search,retargeting_search,109.26,0.0,109.26,USD
642,163,2025-06-09,affiliate,partner_blog,219.2,0.0,219.2,USD
643,1453,2025-06-09,organic,organic_direct,142.69,0.0,142.69,USD
644,4076,2025-06-09,paid_search,retargeting_search,57.8,2.89,54.91,USD
645,6556,2025-06-09,paid_search,retargeting_search,264.09,26.41,237.68,USD
646,5807,2025-06-09,paid_social,meta_prospecting,188.62,0.0,188.62,USD
647,705,2025-06-09,paid_social,meta_prospecting,267.34,26.73,240.61,USD
648,1818,2025-06-09,organic,organic_direct,257.32,38.6,218.72,USD
649,416,2025-06-09,organic,organic_direct,281.29,28.13,253.16,USD
650,5364,2025-06-09,email,newsletter_weekly,177.28,26.59,150.69,USD
651,1073,2025-06-09,email,cart_abandon,74.87,7.49,67.38,USD
652,7596,2025-06-09,paid_search,generic_shoes,133.93,0.0,133.93,USD
653,3360,2025-06-09,organic,organic_direct,222.43,33.36,189.07,USD
654,6433,2025-06-09,paid_search,generic_shoes,138.76,6.94,131.82,USD
655,1054,2025-06-10,email,cart_abandon,118.67,0.0,118.67,USD
656,1910,2025-06-10,organic,organic_direct,123.13,12.31,110.82,USD
657,2081,2025-06-10,email,newsletter_weekly,115.04,0.0,115.04,USD
658,7929,2025-06-10,organic,organic_direct,32.63,0.0,32.63,USD
659,88,2025-06-10,organic,organic_direct,185.72,0.0,185.72,USD
660,2040,2025-06-10,email,cart_abandon,175.31,0.0,175.31,USD
661,1222,2025-06-10,paid_search,generic_shoes,74.13,3.71,70.42,USD
662,3849,2025-06-10,organic,organic_direct,87.67,13.15,74.52,USD
663,2492,2025-06-10,paid_social,meta_retarget,254.59,38.19,216.4,USD
664,7632,2025-06-10,organic,organic_direct,192.63,0.0,192.63,USD
665,1599,2025-06-10,paid_social,meta_prospecting,245.31,24.53,220.78,USD
666,2006,2025-06-10,paid_search,generic_shoes,198.58,29.79,168.79,USD
667,7881,2025-06-10,paid_search,generic_shoes,151.69,0.0,151.69,USD
668,3783,2025-06-10,organic,organic_direct,291.67,29.17,262.5,USD
669,2898,2025-06-10,paid_search,retargeting_search,131.94,0.0,131.94,USD
670,800,2025-06-10,paid_search,generic_shoes,199.63,9.98,189.65,USD
671,5635,2025-06-10,paid_search,generic_shoes,202.22,0.0,202.22,USD
672,3174,2025-06-10,email,newsletter_weekly,55.85,0.0,55.85,USD
673,3443,2025-06-10,paid_search,retargeting_search,101.0,10.1,90.9,USD
674,1683,2025-06-10,organic,organic_direct,32.69,3.27,29.42,USD
675,6532,2025-06-10,affiliate,coupon_site,118.47,11.85,106.62,USD
676,6033,2025-06-10,paid_social,meta_retarget,274.36,0.0,274.36,USD
677,1343,2025-06-10,organic,organic_direct,271.28,0.0,271.28,USD
678,1493,2025-06-10,email,winback,213.7,21.37,192.33,USD
679,6918,2025-06-10,affiliate,partner_blog,60.56,0.0,60.56,USD
680,5319,2025-06-10,organic,organic_direct,195.62,9.78,185.84,USD
681,967,2025-06-10,organic,organic_direct,132.34,0.0,132.34,USD
682,3066,2025-06-10,paid_social,tiktok_awareness,175.65,26.35,149.3,USD
683,2458,2025-06-10,paid_search,retargeting_search,201.75,0.0,201.75,USD
684,1161,2025-06-10,paid_social,meta_retarget,15.13,1.51,13.62,USD
685,4738,2025-06-10,paid_social,meta_retarget,92.92,9.29,83.63,USD
686,3773,2025-06-10,paid_search,retargeting_search,188.74,0.0,188.74,USD
687,1306,2025-06-10,email,cart_abandon,41.8,6.27,35.53,USD
688,7873,2025-06-10,paid_social,tiktok_awareness,237.64,0.0,237.64,USD
689,7389,2025-06-10,organic,organic_direct,272.3,27.23,245.07,USD
690,541,2025-06-10,paid_social,meta_prospecting,29.55,2.96,26.59,USD
691,2481,2025-06-10,paid_search,retargeting_search,60.3,6.03,54.27,USD
692,5668,2025-06-10,paid_search,retargeting_search,241.91,0.0,241.91,USD
693,1310,2025-06-10,paid_search,retargeting_search,251.75,12.59,239.16,USD
694,977,2025-06-10,organic,organic_direct,73.02,0.0,73.02,USD
695,4415,2025-06-10,paid_social,meta_retarget,265.29,13.26,252.03,USD
696,2911,2025-06-10,paid_social,meta_retarget,202.45,30.37,172.08,USD
697,6419,2025-06-10,paid_search,retargeting_search,135.17,0.0,135.17,USD
698,5176,2025-06-10,organic,organic_direct,165.32,0.0,165.32,USD
699,6102,2025-06-10,paid_search,generic_shoes,139.79,0.0,139.79,USD
700,5578,2025-06-10,paid_search,brand_search_q4,110.51,0.0,110.51,USD
701,2124,2025-06-10,organic,organic_direct,191.52,0.0,191.52,USD
702,1030,2025-06-10,paid_search,generic_shoes,73.39,0.0,73.39,USD
703,551,2025-06-10,paid_social,meta_retarget,144.76,7.24,137.52,USD
704,6188,2025-06-10,affiliate,partner_blog,76.88,0.0,76.88,USD
705,5707,2025-06-10,email,newsletter_weekly,21.99,3.3,18.69,USD
706,1785,2025-06-10,organic,organic_direct,256.12,38.42,217.7,USD
707,4033,2025-06-10,paid_social,meta_prospecting,250.21,25.02,225.19,USD
708,6110,2025-06-10,paid_search,generic_shoes,283.42,0.0,283.42,USD
709,2096,2025-06-10,organic,organic_direct,156.98,0.0,156.98,USD
710,6357,2025-06-10,organic,organic_direct,108.32,0.0,108.32,USD
711,1446,2025-06-10,affiliate,coupon_site,174.79,8.74,166.05,USD
712,5986,2025-06-10,email,cart_abandon,134.51,0.0,134.51,USD
713,1006,2025-06-10,paid_search,brand_search_q4,85.52,8.55,76.97,USD
714,6663,2025-06-10,paid_search,brand_search_q4,174.55,26.18,148.37,USD
715,712,2025-06-10,organic,organic_direct,223.19,11.16,212.03,USD
716,3756,2025-06-10,paid_search,retargeting_search,137.83,0.0,137.83,USD
717,5476,2025-06-10,paid_search,brand_search_q4,262.54,13.13,249.41,USD
718,3825,2025-06-10,paid_social,meta_prospecting,126.88,19.03,107.85,USD
719,1614,2025-06-10,paid_search,brand_search_q4,128.26,0.0,128.26,USD
720,599,2025-06-10,email,winback,47.83,0.0,47.83,USD
721,2539,2025-06-10,organic,organic_direct,137.13,13.71,123.42,USD
722,7163,2025-06-10,email,cart_abandon,291.86,0.0,291.86,USD
723,464,2025-06-10,email,newsletter_weekly,109.67,16.45,93.22,USD
724,6856,2025-06-10,paid_social,meta_prospecting,33.02,3.3,29.72,USD
725,706,2025-06-10,email,cart_abandon,221.62,0.0,221.62,USD
726,5787,2025-06-10,organic,organic_direct,29.3,0.0,29.3,USD
727,682,2025-06-10,paid_social,tiktok_awareness,203.48,0.0,203.48,USD
728,7878,2025-06-10,paid_search,generic_shoes,127.34,19.1,108.24,USD
729,3001,2025-06-10,email,winback,204.78,0.0,204.78,USD
730,5004,2025-06-10,paid_social,meta_prospecting,262.21,39.33,222.88,USD
731,3267,2025-06-10,organic,organic_direct,165.91,8.3,157.61,USD
732,3862,2025-06-10,email,newsletter_weekly,98.86,4.94,93.92,USD
733,2545,2025-06-10,paid_search,retargeting_search,244.91,0.0,244.91,USD
734,6407,2025-06-10,paid_search,brand_search_q4,87.97,0.0,87.97,USD
735,5621,2025-06-10,affiliate,coupon_site,248.2,0.0,248.2,USD
736,5229,2025-06-10,affiliate,partner_blog,191.72,19.17,172.55,USD
737,2105,2025-06-10,affiliate,partner_blog,240.87,36.13,204.74,USD
738,7578,2025-06-10,paid_social,meta_retarget,133.33,0.0,133.33,USD
739,2292,2025-06-10,email,cart_abandon,115.76,0.0,115.76,USD
740,1060,2025-06-10,paid_search,retargeting_search,132.1,0.0,132.1,USD
741,5808,2025-06-10,organic,organic_direct,167.2,16.72,150.48,USD
742,6861,2025-06-10,paid_search,generic_shoes,28.4,2.84,25.56,USD
743,139,2025-06-10,paid_search,brand_search_q4,230.31,23.03,207.28,USD
744,644,2025-06-10,organic,organic_direct,43.33,2.17,41.16,USD
745,6138,2025-06-10,organic,organic_direct,103.36,0.0,103.36,USD
746,3916,2025-06-10,email,winback,221.24,0.0,221.24,USD
747,240,2025-06-10,paid_social,meta_retarget,266.06,0.0,266.06,USD
748,98,2025-06-10,organic,organic_direct,258.87,12.94,245.93,USD
749,3100,2025-06-10,email,cart_abandon,260.28,0.0,260.28,USD
750,3664,2025-06-10,email,newsletter_weekly,63.67,0.0,63.67,USD
751,2528,2025-06-10,organic,organic_direct,154.65,7.73,146.92,USD
752,6902,2025-06-10,paid_social,meta_retarget,203.81,0.0,203.81,USD
753,5658,2025-06-10,paid_social,meta_retarget,26.91,4.04,22.87,USD
754,4461,2025-06-10,organic,organic_direct,38.3,1.92,36.38,USD
755,5706,2025-06-10,organic,organic_direct,215.5,21.55,193.95,USD
756,292,2025-06-10,organic,organic_direct,98.04,0.0,98.04,USD
757,327,2025-06-10,paid_search,retargeting_search,111.12,0.0,111.12,USD
758,1827,2025-06-10,organic,organic_direct,184.54,0.0,184.54,USD
759,5873,2025-06-10,paid_search,brand_search_q4,106.18,0.0,106.18,USD
760,4275,2025-06-10,paid_social,meta_prospecting,255.25,25.53,229.72,USD
761,2289,2025-06-10,email,newsletter_weekly,95.25,9.53,85.72,USD
762,5856,2025-06-10,organic,organic_direct,227.15,11.36,215.79,USD
763,7737,2025-06-10,paid_search,generic_shoes,254.42,0.0,254.42,USD
764,6651,2025-06-10,organic,organic_direct,224.22,0.0,224.22,USD
765,2260,2025-06-11,email,winback,91.11,4.56,86.55,USD
766,2558,2025-06-11,email,winback,227.07,0.0,227.07,USD
767,1541,2025-06-11,email,newsletter_weekly,223.67,0.0,223.67,USD
768,6671,2025-06-11,organic,organic_direct,74.22,0.0,74.22,USD
769,5285,2025-06-11,organic,organic_direct,32.3,1.61,30.69,USD
770,1000,2025-06-11,paid_search,generic_shoes,152.18,0.0,152.18,USD
771,6977,2025-06-11,email,newsletter_weekly,18.15,2.72,15.43,USD
772,1012,2025-06-11,paid_social,meta_retarget,57.09,8.56,48.53,USD
773,4769,2025-06-11,organic,organic_direct,89.72,0.0,89.72,USD
774,2406,2025-06-11,paid_search,generic_shoes,156.73,23.51,133.22,USD
775,905,2025-06-11,paid_social,tiktok_awareness,55.67,2.78,52.89,USD
776,5123,2025-06-11,paid_search,generic_shoes,98.73,0.0,98.73,USD
777,6895,2025-06-11,organic,organic_direct,130.87,19.63,111.24,USD
778,1690,2025-06-11,paid_search,brand_search_q4,143.6,7.18,136.42,USD
779,5069,2025-06-11,paid_social,meta_retarget,274.6,0.0,274.6,USD
780,890,2025-06-11,organic,organic_direct,61.27,0.0,61.27,USD
781,6160,2025-06-11,organic,organic_direct,18.26,0.91,17.35,USD
782,6303,2025-06-11,paid_search,brand_search_q4,256.83,0.0,256.83,USD
783,933,2025-06-11,email,cart_abandon,121.76,12.18,109.58,USD
784,5818,2025-06-11,organic,organic_direct,101.78,0.0,101.78,USD
785,4776,2025-06-11,organic,organic_direct,230.31,23.03,207.28,USD
786,3801,2025-06-11,paid_social,meta_retarget,167.33,0.0,167.33,USD
787,4627,2025-06-11,email,winback,138.25,0.0,138.25,USD
788,6010,2025-06-11,affiliate,coupon_site,142.76,0.0,142.76,USD
789,2775,2025-06-11,paid_search,brand_search_q4,242.86,12.14,230.72,USD
790,7670,2025-06-11,paid_search,retargeting_search,190.78,28.62,162.16,USD
791,536,2025-06-11,email,newsletter_weekly,259.35,12.97,246.38,USD
792,4041,2025-06-11,affiliate,coupon_site,25.09,0.0,25.09,USD
793,4540,2025-06-11,organic,organic_direct,91.11,9.11,82.0,USD
794,1215,2025-06-11,paid_search,retargeting_search,117.15,0.0,117.15,USD
795,6470,2025-06-11,paid_search,brand_search_q4,117.15,0.0,117.15,USD
796,32,2025-06-11,paid_search,generic_shoes,168.7,8.44,160.26,USD
797,4949,2025-06-11,organic,organic_direct,18.95,0.0,18.95,USD
798,2283,2025-06-11,email,cart_abandon,277.18,41.58,235.6,USD
799,5715,2025-06-11,paid_search,generic_shoes,78.31,11.75,66.56,USD
800,4341,2025-06-11,paid_social,tiktok_awareness,24.22,0.0,24.22,USD
801,6689,2025-06-11,email,winback,289.45,0.0,289.45,USD
802,3429,2025-06-11,paid_search,retargeting_search,287.67,0.0,287.67,USD
803,3647,2025-06-11,paid_search,generic_shoes,143.77,7.19,136.58,USD
804,403,2025-06-11,organic,organic_direct,253.44,0.0,253.44,USD
805,6162,2025-06-11,paid_search,generic_shoes,221.0,11.05,209.95,USD
806,5111,2025-06-11,organic,organic_direct,73.03,10.95,62.08,USD
807,5712,2025-06-11,organic,organic_direct,131.41,19.71,111.7,USD
808,6107,2025-06-11,paid_social,tiktok_awareness,268.13,40.22,227.91,USD
809,5746,2025-06-11,paid_search,brand_search_q4,89.53,8.95,80.58,USD
810,1691,2025-06-11,organic,organic_direct,42.35,0.0,42.35,USD
811,2473,2025-06-11,email,cart_abandon,51.4,2.57,48.83,USD
812,6762,2025-06-11,organic,organic_direct,245.4,0.0,245.4,USD
813,6569,2025-06-11,paid_search,generic_shoes,191.14,0.0,191.14,USD
814,5755,2025-06-11,organic,organic_direct,210.72,0.0,210.72,USD
815,1748,2025-06-11,paid_search,retargeting_search,145.26,0.0,145.26,USD
816,5372,2025-06-11,paid_search,generic_shoes,74.37,11.16,63.21,USD
817,699,2025-06-11,email,winback,97.71,4.89,92.82,USD
818,5458,2025-06-11,email,winback,37.97,3.8,34.17,USD
819,2957,2025-06-11,paid_search,generic_shoes,76.74,7.67,69.07,USD
820,310,2025-06-11,affiliate,coupon_site,142.33,7.12,135.21,USD
821,4220,2025-06-11,paid_search,generic_shoes,87.84,13.18,74.66,USD
822,2388,2025-06-11,email,newsletter_weekly,73.75,0.0,73.75,USD
823,2227,2025-06-11,organic,organic_direct,26.15,1.31,24.84,USD
824,346,2025-06-11,affiliate,partner_blog,69.05,0.0,69.05,USD
825,4029,2025-06-11,paid_social,tiktok_awareness,31.88,3.19,28.69,USD
826,1921,2025-06-11,paid_search,brand_search_q4,187.87,9.39,178.48,USD
827,1010,2025-06-11,paid_search,retargeting_search,133.08,6.65,126.43,USD
828,97,2025-06-11,organic,organic_direct,207.19,10.36,196.83,USD
829,5220,2025-06-11,email,cart_abandon,18.49,1.85,16.64,USD
830,6272,2025-06-11,paid_social,meta_prospecting,190.44,0.0,190.44,USD
831,5778,2025-06-11,email,winback,16.74,2.51,14.23,USD
832,2733,2025-06-11,paid_social,meta_prospecting,228.53,34.28,194.25,USD
833,4710,2025-06-11,paid_search,generic_shoes,57.7,0.0,57.7,USD
834,960,2025-06-11,paid_search,retargeting_search,102.7,5.14,97.56,USD
835,4022,2025-06-11,paid_search,retargeting_search,16.84,1.68,15.16,USD
836,4065,2025-06-11,paid_search,generic_shoes,27.94,4.19,23.75,USD
837,4720,2025-06-11,organic,organic_direct,20.2,1.01,19.19,USD
838,3783,2025-06-11,paid_social,tiktok_awareness,218.54,10.93,207.61,USD
839,6019,2025-06-11,paid_social,tiktok_awareness,15.68,0.0,15.68,USD
840,1986,2025-06-11,paid_search,generic_shoes,29.45,0.0,29.45,USD
841,4473,2025-06-11,organic,organic_direct,98.05,14.71,83.34,USD
842,3106,2025-06-11,organic,organic_direct,87.47,0.0,87.47,USD
843,2516,2025-06-11,paid_social,meta_prospecting,138.12,0.0,138.12,USD
844,2031,2025-06-11,paid_search,generic_shoes,88.36,8.84,79.52,USD
845,6910,2025-06-11,paid_search,generic_shoes,246.24,12.31,233.93,USD
846,4608,2025-06-11,paid_search,retargeting_search,254.68,38.2,216.48,USD
847,7194,2025-06-11,paid_social,tiktok_awareness,203.43,30.51,172.92,USD
848,2431,2025-06-11,organic,organic_direct,180.76,0.0,180.76,USD
849,4577,2025-06-11,paid_social,meta_retarget,110.85,0.0,110.85,USD
850,7310,2025-06-11,email,newsletter_weekly,132.45,0.0,132.45,USD
851,7001,2025-06-11,paid_social,meta_retarget,56.81,5.68,51.13,USD
852,3350,2025-06-11,paid_social,tiktok_awareness,104.2,0.0,104.2,USD
853,4525,2025-06-11,organic,organic_direct,30.17,0.0,30.17,USD
854,1722,2025-06-11,paid_social,meta_retarget,173.11,0.0,173.11,USD
855,2166,2025-06-11,organic,organic_direct,120.4,0.0,120.4,USD
856,6591,2025-06-11,paid_social,meta_retarget,87.49,0.0,87.49,USD
857,6684,2025-06-11,paid_search,generic_shoes,254.78,0.0,254.78,USD
858,1623,2025-06-11,paid_social,tiktok_awareness,237.9,0.0,237.9,USD
859,5654,2025-06-11,organic,organic_direct,151.03,15.1,135.93,USD
860,308,2025-06-11,paid_search,generic_shoes,74.18,0.0,74.18,USD
861,7776,2025-06-11,paid_search,retargeting_search,217.68,0.0,217.68,USD
862,3872,2025-06-11,paid_social,meta_retarget,142.6,0.0,142.6,USD
863,7839,2025-06-12,paid_social,tiktok_awareness,245.25,24.53,220.72,USD
864,7815,2025-06-12,organic,organic_direct,40.4,0.0,40.4,USD
865,3952,2025-06-12,email,newsletter_weekly,165.22,8.26,156.96,USD
866,834,2025-06-12,paid_search,brand_search_q4,256.67,0.0,256.67,USD
867,3345,2025-06-12,email,cart_abandon,240.04,0.0,240.04,USD
868,7869,2025-06-12,paid_social,tiktok_awareness,97.44,0.0,97.44,USD
869,4646,2025-06-12,paid_search,generic_shoes,212.05,21.21,190.84,USD
870,6566,2025-06-12,email,winback,283.59,42.54,241.05,USD
871,3951,2025-06-12,paid_search,retargeting_search,166.33,0.0,166.33,USD
872,5004,2025-06-12,paid_social,meta_prospecting,77.96,3.9,74.06,USD
873,7671,2025-06-12,organic,organic_direct,41.39,0.0,41.39,USD
874,196,2025-06-12,email,newsletter_weekly,185.92,18.59,167.33,USD
875,5561,2025-06-12,paid_search,brand_search_q4,40.94,2.05,38.89,USD
876,6022,2025-06-12,paid_social,meta_retarget,29.21,4.38,24.83,USD
877,6463,2025-06-12,email,cart_abandon,253.22,37.98,215.24,USD
878,5883,2025-06-12,affiliate,coupon_site,26.82,4.02,22.8,USD
879,6584,2025-06-12,paid_social,meta_prospecting,64.6,6.46,58.14,USD
880,1892,2025-06-12,paid_search,brand_search_q4,223.79,22.38,201.41,USD
881,1039,2025-06-12,paid_social,meta_prospecting,289.83,0.0,289.83,USD
882,7889,2025-06-12,organic,organic_direct,54.43,0.0,54.43,USD
883,2708,2025-06-12,affiliate,coupon_site,161.12,0.0,161.12,USD
884,7518,2025-06-12,paid_social,meta_retarget,66.73,0.0,66.73,USD
885,972,2025-06-12,organic,organic_direct,176.69,17.67,159.02,USD
886,5398,2025-06-12,paid_search,retargeting_search,130.51,19.58,110.93,USD
887,100,2025-06-12,affiliate,partner_blog,285.71,0.0,285.71,USD
888,631,2025-06-12,paid_search,retargeting_search,173.8,17.38,156.42,USD
889,6169,2025-06-12,affiliate,partner_blog,110.18,0.0,110.18,USD
890,5044,2025-06-12,organic,organic_direct,148.58,0.0,148.58,USD
891,4945,2025-06-12,organic,organic_direct,279.93,41.99,237.94,USD
892,3697,2025-06-12,paid_search,brand_search_q4,119.72,0.0,119.72,USD
893,1617,2025-06-12,paid_search,generic_shoes,272.44,0.0,272.44,USD
894,2283,2025-06-12,paid_social,meta_prospecting,241.11,36.17,204.94,USD
895,1414,2025-06-12,organic,organic_direct,158.21,0.0,158.21,USD
896,7832,2025-06-12,organic,organic_direct,110.1,5.5,104.6,USD
897,3628,2025-06-12,paid_social,meta_prospecting,154.93,0.0,154.93,USD
898,2277,2025-06-12,paid_social,meta_prospecting,270.71,0.0,270.71,USD
899,143,2025-06-12,paid_search,brand_search_q4,97.47,0.0,97.47,USD
900,3232,2025-06-12,paid_search,retargeting_search,229.13,0.0,229.13,USD
901,6693,2025-06-12,organic,organic_direct,206.71,20.67,186.04,USD
902,6838,2025-06-12,paid_social,meta_prospecting,205.57,0.0,205.57,USD
903,7995,2025-06-12,email,winback,284.23,0.0,284.23,USD
904,4478,2025-06-13,organic,organic_direct,58.52,2.93,55.59,USD
905,2330,2025-06-13,organic,organic_direct,18.03,0.0,18.03,USD
906,4159,2025-06-13,email,cart_abandon,265.78,0.0,265.78,USD
907,4510,2025-06-13,paid_search,generic_shoes,198.66,19.87,178.79,USD
908,4418,2025-06-13,email,cart_abandon,213.68,10.68,203.0,USD
909,7337,2025-06-13,affiliate,partner_blog,25.51,3.83,21.68,USD
910,1588,2025-06-13,email,winback,111.25,0.0,111.25,USD
911,4803,2025-06-13,email,cart_abandon,47.32,4.73,42.59,USD
912,1750,2025-06-13,affiliate,coupon_site,64.24,0.0,64.24,USD
913,4970,2025-06-13,organic,organic_direct,218.39,0.0,218.39,USD
914,7174,2025-06-13,affiliate,coupon_site,66.98,0.0,66.98,USD
915,4381,2025-06-13,organic,organic_direct,33.97,3.4,30.57,USD
916,7148,2025-06-13,organic,organic_direct,126.69,12.67,114.02,USD
917,3736,2025-06-13,email,winback,211.24,0.0,211.24,USD
918,6158,2025-06-13,organic,organic_direct,122.19,0.0,122.19,USD
919,4850,2025-06-13,paid_social,tiktok_awareness,126.42,0.0,126.42,USD
920,3051,2025-06-13,paid_social,tiktok_awareness,265.53,13.28,252.25,USD
921,2416,2025-06-13,organic,organic_direct,75.15,7.52,67.63,USD
922,1208,2025-06-13,organic,organic_direct,18.62,0.0,18.62,USD
923,7765,2025-06-13,organic,organic_direct,168.51,25.28,143.23,USD
924,2610,2025-06-13,organic,organic_direct,65.94,0.0,65.94,USD
925,3198,2025-06-13,paid_search,retargeting_search,47.42,0.0,47.42,USD
926,4,2025-06-13,organic,organic_direct,295.5,14.78,280.72,USD
927,6243,2025-06-13,affiliate,partner_blog,22.37,0.0,22.37,USD
928,7419,2025-06-13,organic,organic_direct,106.98,0.0,106.98,USD
929,7191,2025-06-13,paid_search,retargeting_search,158.84,0.0,158.84,USD
930,1486,2025-06-13,paid_social,meta_prospecting,186.23,27.93,158.3,USD
931,4457,2025-06-13,email,newsletter_weekly,195.66,29.35,166.31,USD
932,6340,2025-06-13,email,winback,36.41,0.0,36.41,USD
933,3902,2025-06-13,paid_search,brand_search_q4,134.05,0.0,134.05,USD
934,5034,2025-06-13,paid_search,generic_shoes,129.14,12.91,116.23,USD
935,5288,2025-06-13,paid_search,brand_search_q4,275.96,27.6,248.36,USD
936,2818,2025-06-13,organic,organic_direct,105.17,0.0,105.17,USD
937,7914,2025-06-13,email,winback,186.97,9.35,177.62,USD
938,1636,2025-06-13,paid_search,brand_search_q4,248.22,12.41,235.81,USD
939,2416,2025-06-13,paid_social,meta_retarget,215.79,0.0,215.79,USD
940,2835,2025-06-13,paid_search,brand_search_q4,122.59,12.26,110.33,USD
941,427,2025-06-13,paid_search,brand_search_q4,165.19,0.0,165.19,USD
942,7051,2025-06-13,organic,organic_direct,82.17,8.22,73.95,USD
943,4570,2025-06-13,organic,organic_direct,164.54,0.0,164.54,USD
944,6648,2025-06-13,email,cart_abandon,171.77,0.0,171.77,USD
945,7424,2025-06-13,paid_social,meta_retarget,18.26,0.91,17.35,USD
946,1247,2025-06-13,organic,organic_direct,38.04,3.8,34.24,USD
947,7160,2025-06-13,affiliate,coupon_site,24.46,1.22,23.24,USD
948,2900,2025-06-13,organic,organic_direct,241.08,0.0,241.08,USD
949,4430,2025-06-13,paid_search,retargeting_search,25.56,2.56,23.0,USD
950,248,2025-06-13,paid_social,tiktok_awareness,115.11,0.0,115.11,USD
951,5421,2025-06-13,email,newsletter_weekly,223.9,0.0,223.9,USD
952,1034,2025-06-13,organic,organic_direct,259.86,12.99,246.87,USD
953,6331,2025-06-13,organic,organic_direct,215.37,21.54,193.83,USD
954,4132,2025-06-13,organic,organic_direct,269.26,13.46,255.8,USD
955,4456,2025-06-13,email,cart_abandon,36.09,0.0,36.09,USD
956,7210,2025-06-13,email,newsletter_weekly,163.82,24.57,139.25,USD
957,1000,2025-06-13,organic,organic_direct,269.95,0.0,269.95,USD
958,2711,2025-06-13,organic,organic_direct,155.15,15.52,139.63,USD
959,704,2025-06-13,email,winback,241.68,24.17,217.51,USD
960,6032,2025-06-13,paid_search,brand_search_q4,159.55,23.93,135.62,USD
961,7744,2025-06-13,organic,organic_direct,295.89,0.0,295.89,USD
962,949,2025-06-13,affiliate,coupon_site,219.48,21.95,197.53,USD
963,5047,2025-06-13,affiliate,coupon_site,142.16,0.0,142.16,USD
964,1925,2025-06-13,paid_search,retargeting_search,202.0,20.2,181.8,USD
965,5009,2025-06-13,email,newsletter_weekly,72.62,0.0,72.62,USD
966,5352,2025-06-13,organic,organic_direct,183.99,0.0,183.99,USD
967,6029,2025-06-13,affiliate,partner_blog,72.56,7.26,65.3,USD
968,4673,2025-06-13,paid_social,tiktok_awareness,117.92,17.69,100.23,USD
969,5219,2025-06-14,email,cart_abandon,288.87,28.89,259.98,USD
970,7397,2025-06-14,affiliate,coupon_site,50.91,5.09,45.82,USD
971,595,2025-06-14,email,cart_abandon,96.73,0.0,96.73,USD
972,7314,2025-06-14,paid_social,meta_prospecting,94.0,0.0,94.0,USD
973,2898,2025-06-14,organic,organic_direct,91.47,0.0,91.47,USD
974,6322,2025-06-14,email,newsletter_weekly,145.65,0.0,145.65,USD
975,2825,2025-06-14,organic,organic_direct,76.32,0.0,76.32,USD
976,5131,2025-06-14,organic,organic_direct,267.84,13.39,254.45,USD
977,6536,2025-06-14,paid_search,generic_shoes,160.77,0.0,160.77,USD
978,813,2025-06-14,email,winback,194.83,0.0,194.83,USD
979,3728,2025-06-14,organic,organic_direct,112.02,5.6,106.42,USD
980,4622,2025-06-14,email,newsletter_weekly,237.63,35.64,201.99,USD
981,4666,2025-06-14,paid_search,brand_search_q4,200.32,0.0,200.32,USD
982,3097,2025-06-14,paid_social,meta_retarget,157.79,0.0,157.79,USD
983,2641,2025-06-14,organic,organic_direct,27.57,0.0,27.57,USD
984,6751,2025-06-14,organic,organic_direct,26.96,2.7,24.26,USD
985,7352,2025-06-14,organic,organic_direct,242.08,0.0,242.08,USD
986,6771,2025-06-14,organic,organic_direct,276.88,27.69,249.19,USD
987,3334,2025-06-14,paid_search,retargeting_search,144.08,21.61,122.47,USD
988,4922,2025-06-14,email,cart_abandon,171.11,0.0,171.11,USD
989,2354,2025-06-14,paid_social,meta_retarget,188.72,18.87,169.85,USD
990,7746,2025-06-14,paid_social,meta_prospecting,288.9,28.89,260.01,USD
991,1719,2025-06-14,paid_social,tiktok_awareness,115.73,11.57,104.16,USD
992,5195,2025-06-14,organic,organic_direct,59.27,0.0,59.27,USD
993,4973,2025-06-14,email,cart_abandon,230.06,0.0,230.06,USD
994,6434,2025-06-14,email,winback,23.05,0.0,23.05,USD
995,5205,2025-06-14,organic,organic_direct,34.89,0.0,34.89,USD
996,6028,2025-06-14,organic,organic_direct,85.65,12.85,72.8,USD
997,5416,2025-06-14,organic,organic_direct,242.16,0.0,242.16,USD
998,3899,2025-06-14,paid_search,generic_shoes,179.14,0.0,179.14,USD
999,7038,2025-06-14,paid_search,retargeting_search,220.67,0.0,220.67,USD
1000,6612,2025-06-14,organic,organic_direct,112.82,0.0,112.82,USD
1001,3616,2025-06-14,email,winback,152.35,7.62,144.73,USD
1002,3037,2025-06-14,paid_search,brand_search_q4,260.55,39.08,221.47,USD
1003,2528,2025-06-14,paid_social,meta_prospecting,15.42,2.31,13.11,USD
1004,1221,2025-06-14,organic,organic_direct,44.86,0.0,44.86,USD
1005,5853,2025-06-14,paid_social,tiktok_awareness,98.36,14.75,83.61,USD
1006,5551,2025-06-14,paid_search,retargeting_search,206.27,0.0,206.27,USD
1007,114,2025-06-14,paid_search,brand_search_q4,242.13,36.32,205.81,USD
1008,5317,2025-06-14,organic,organic_direct,218.76,32.81,185.95,USD
1009,358,2025-06-14,paid_social,meta_retarget,117.74,0.0,117.74,USD
1010,5421,2025-06-14,paid_search,generic_shoes,148.32,0.0,148.32,USD
1011,1545,2025-06-14,organic,organic_direct,101.57,0.0,101.57,USD
1012,68,2025-06-14,organic,organic_direct,30.81,4.62,26.19,USD
1013,1810,2025-06-14,affiliate,partner_blog,212.63,10.63,202.0,USD
1014,6846,2025-06-14,paid_social,meta_retarget,235.11,0.0,235.11,USD
1015,3885,2025-06-14,paid_search,retargeting_search,132.98,6.65,126.33,USD
1016,1968,2025-06-14,affiliate,partner_blog,211.26,0.0,211.26,USD
1017,6093,2025-06-14,affiliate,partner_blog,67.35,3.37,63.98,USD
1018,6324,2025-06-14,organic,organic_direct,228.86,22.89,205.97,USD
1019,148,2025-06-14,email,newsletter_weekly,36.91,1.85,35.06,USD
1020,6495,2025-06-14,organic,organic_direct,48.58,2.43,46.15,USD
1021,916,2025-06-14,paid_social,tiktok_awareness,46.74,7.01,39.73,USD
1022,5235,2025-06-14,paid_social,meta_prospecting,267.39,0.0,267.39,USD
1023,3979,2025-06-15,email,winback,252.02,25.2,226.82,USD
1024,15,2025-06-15,paid_social,meta_prospecting,280.45,42.07,238.38,USD
1025,6097,2025-06-15,paid_search,brand_search_q4,29.85,0.0,29.85,USD
1026,4527,2025-06-15,paid_search,retargeting_search,30.51,0.0,30.51,USD
1027,3780,2025-06-15,organic,organic_direct,129.6,0.0,129.6,USD
1028,4599,2025-06-15,email,winback,236.28,0.0,236.28,USD
1029,3488,2025-06-15,affiliate,coupon_site,132.86,0.0,132.86,USD
1030,1682,2025-06-15,email,newsletter_weekly,40.16,0.0,40.16,USD
1031,1442,2025-06-15,paid_social,meta_retarget,256.59,25.66,230.93,USD
1032,7526,2025-06-15,paid_social,tiktok_awareness,246.12,0.0,246.12,USD
1033,48,2025-06-15,paid_search,brand_search_q4,32.78,0.0,32.78,USD
1034,2604,2025-06-15,paid_search,generic_shoes,53.1,7.96,45.14,USD
1035,5681,2025-06-15,email,newsletter_weekly,184.39,27.66,156.73,USD
1036,2796,2025-06-15,paid_social,meta_prospecting,252.18,37.83,214.35,USD
1037,7308,2025-06-15,paid_search,retargeting_search,158.33,0.0,158.33,USD
1038,7215,2025-06-15,email,winback,197.05,0.0,197.05,USD
1039,4588,2025-06-15,organic,organic_direct,53.99,2.7,51.29,USD
1040,1715,2025-06-15,paid_search,retargeting_search,218.22,10.91,207.31,USD
1041,6784,2025-06-15,affiliate,partner_blog,37.2,0.0,37.2,USD
1042,3483,2025-06-15,organic,organic_direct,135.2,0.0,135.2,USD
1043,2335,2025-06-15,paid_social,meta_retarget,52.46,0.0,52.46,USD
1044,6310,2025-06-15,paid_search,brand_search_q4,230.3,0.0,230.3,USD
1045,5069,2025-06-15,paid_social,meta_retarget,211.0,0.0,211.0,USD
1046,1417,2025-06-15,paid_search,retargeting_search,87.38,13.11,74.27,USD
1047,4405,2025-06-15,organic,organic_direct,47.59,7.14,40.45,USD
1048,1214,2025-06-15,organic,organic_direct,203.17,0.0,203.17,USD
1049,775,2025-06-15,organic,organic_direct,241.49,36.22,205.27,USD
1050,5098,2025-06-15,paid_search,retargeting_search,231.02,34.65,196.37,USD
1051,6550,2025-06-15,paid_search,retargeting_search,80.85,0.0,80.85,USD
1052,1362,2025-06-15,paid_search,brand_search_q4,151.09,0.0,151.09,USD
1053,7638,2025-06-15,email,newsletter_weekly,278.28,0.0,278.28,USD
1054,4072,2025-06-15,paid_search,retargeting_search,116.72,11.67,105.05,USD
1055,1901,2025-06-15,paid_social,tiktok_awareness,171.67,0.0,171.67,USD
1056,5911,2025-06-15,paid_search,retargeting_search,124.35,0.0,124.35,USD
1057,598,2025-06-15,paid_search,generic_shoes,140.04,14.0,126.04,USD
1058,6271,2025-06-15,email,cart_abandon,98.78,9.88,88.9,USD
1059,44,2025-06-15,paid_social,tiktok_awareness,127.17,6.36,120.81,USD
1060,7566,2025-06-15,email,winback,93.85,14.08,79.77,USD
1061,7782,2025-06-15,organic,organic_direct,256.5,12.83,243.67,USD
1062,3668,2025-06-15,paid_search,brand_search_q4,22.91,2.29,20.62,USD
1063,6318,2025-06-15,paid_search,generic_shoes,125.13,0.0,125.13,USD
1064,2030,2025-06-15,paid_social,meta_retarget,148.21,0.0,148.21,USD
1065,6011,2025-06-15,organic,organic_direct,31.47,3.15,28.32,USD
1066,7717,2025-06-15,paid_social,meta_prospecting,242.63,12.13,230.5,USD
1067,3304,2025-06-15,paid_search,retargeting_search,155.22,0.0,155.22,USD
1068,3623,2025-06-15,email,newsletter_weekly,154.83,0.0,154.83,USD
1069,5694,2025-06-15,affiliate,coupon_site,178.95,0.0,178.95,USD
1070,1071,2025-06-15,affiliate,partner_blog,247.63,12.38,235.25,USD
1071,5672,2025-06-15,affiliate,partner_blog,258.67,0.0,258.67,USD
1072,2192,2025-06-15,organic,organic_direct,64.64,0.0,64.64,USD
1073,7460,2025-06-15,paid_social,meta_prospecting,63.4,6.34,57.06,USD
1074,4152,2025-06-15,affiliate,partner_blog,93.15,9.32,83.83,USD
1075,4886,2025-06-15,paid_social,meta_retarget,125.29,6.26,119.03,USD
1076,4426,2025-06-15,paid_search,brand_search_q4,79.13,7.91,71.22,USD
1077,7696,2025-06-15,organic,organic_direct,262.86,13.14,249.72,USD
1078,746,2025-06-15,organic,organic_direct,189.08,9.45,179.63,USD
1079,1971,2025-06-15,paid_search,brand_search_q4,159.88,15.99,143.89,USD
1080,6878,2025-06-15,affiliate,coupon_site,117.4,17.61,99.79,USD
1081,1453,2025-06-15,email,winback,131.65,0.0,131.65,USD
1082,2631,2025-06-15,organic,organic_direct,97.35,9.73,87.62,USD
1083,2342,2025-06-15,paid_search,generic_shoes,80.16,12.02,68.14,USD
1084,2583,2025-06-15,organic,organic_direct,70.02,0.0,70.02,USD
1085,1366,2025-06-15,paid_search,retargeting_search,147.33,22.1,125.23,USD
1086,965,2025-06-15,paid_search,brand_search_q4,208.12,20.81,187.31,USD
1087,6051,2025-06-15,paid_search,retargeting_search,282.62,0.0,282.62,USD
1088,5991,2025-06-16,paid_social,meta_retarget,42.03,0.0,42.03,USD
1089,2866,2025-06-16,paid_search,brand_search_q4,211.48,10.57,200.91,USD
1090,7761,2025-06-16,paid_social,meta_retarget,61.47,0.0,61.47,USD
1091,7509,2025-06-16,paid_search,brand_search_q4,165.73,24.86,140.87,USD
1092,668,2025-06-16,paid_social,tiktok_awareness,128.3,12.83,115.47,USD
1093,3579,2025-06-16,paid_social,tiktok_awareness,15.28,1.53,13.75,USD
1094,2715,2025-06-16,email,cart_abandon,230.41,0.0,230.41,USD
1095,5954,2025-06-16,paid_social,tiktok_awareness,177.42,0.0,177.42,USD
1096,4015,2025-06-16,affiliate,partner_blog,30.71,0.0,30.71,USD
1097,6705,2025-06-16,paid_social,meta_retarget,142.58,7.13,135.45,USD
1098,5037,2025-06-16,paid_social,tiktok_awareness,101.62,0.0,101.62,USD
1099,7207,2025-06-16,paid_search,retargeting_search,156.32,23.45,132.87,USD
1100,4885,2025-06-16,email,cart_abandon,153.65,7.68,145.97,USD
1101,4173,2025-06-16,paid_search,generic_shoes,210.09,10.5,199.59,USD
1102,6176,2025-06-16,paid_search,generic_shoes,190.01,0.0,190.01,USD
1103,4324,2025-06-16,organic,organic_direct,75.02,7.5,67.52,USD
1104,123,2025-06-16,paid_search,generic_shoes,93.07,0.0,93.07,USD
1105,7710,2025-06-16,email,newsletter_weekly,71.99,0.0,71.99,USD
1106,7591,2025-06-16,paid_search,generic_shoes,162.76,8.14,154.62,USD
1107,5612,2025-06-16,organic,organic_direct,210.68,0.0,210.68,USD
1108,3464,2025-06-16,affiliate,partner_blog,267.99,0.0,267.99,USD
1109,2772,2025-06-16,organic,organic_direct,67.75,0.0,67.75,USD
1110,837,2025-06-16,affiliate,coupon_site,39.53,0.0,39.53,USD
1111,5642,2025-06-16,email,newsletter_weekly,84.15,12.62,71.53,USD
1112,840,2025-06-16,organic,organic_direct,230.73,11.54,219.19,USD
1113,4021,2025-06-16,paid_search,retargeting_search,26.45,0.0,26.45,USD
1114,5142,2025-06-16,paid_social,tiktok_awareness,142.14,0.0,142.14,USD
1115,7885,2025-06-16,affiliate,partner_blog,168.36,0.0,168.36,USD
1116,1172,2025-06-16,paid_social,meta_prospecting,245.12,12.26,232.86,USD
1117,5658,2025-06-16,paid_search,retargeting_search,88.11,0.0,88.11,USD
1118,2918,2025-06-16,organic,organic_direct,15.55,2.33,13.22,USD
1119,1432,2025-06-16,organic,organic_direct,282.43,14.12,268.31,USD
1120,6559,2025-06-16,paid_social,meta_prospecting,31.32,3.13,28.19,USD
1121,6424,2025-06-16,paid_search,retargeting_search,146.67,7.33,139.34,USD
1122,4901,2025-06-16,email,winback,207.09,20.71,186.38,USD
1123,6347,2025-06-16,paid_social,meta_prospecting,155.95,7.8,148.15,USD
1124,1279,2025-06-16,paid_search,brand_search_q4,266.58,13.33,253.25,USD
1125,2304,2025-06-16,organic,organic_direct,106.01,0.0,106.01,USD
1126,6577,2025-06-16,affiliate,coupon_site,117.37,11.74,105.63,USD
1127,6979,2025-06-16,organic,organic_direct,109.1,5.46,103.64,USD
1128,7575,2025-06-16,paid_social,tiktok_awareness,294.29,0.0,294.29,USD
1129,3280,2025-06-16,affiliate,coupon_site,173.4,26.01,147.39,USD
1130,4525,2025-06-16,paid_social,meta_retarget,143.43,14.34,129.09,USD
1131,6550,2025-06-16,organic,organic_direct,210.63,21.06,189.57,USD
1132,6616,2025-06-16,paid_search,brand_search_q4,225.7,11.29,214.41,USD
1133,7206,2025-06-16,affiliate,partner_blog,206.31,0.0,206.31,USD
1134,757,2025-06-16,paid_social,meta_prospecting,72.38,3.62,68.76,USD
1135,2578,2025-06-16,organic,organic_direct,104.22,0.0,104.22,USD
1136,6136,2025-06-16,organic,organic_direct,151.55,0.0,151.55,USD
1137,6987,2025-06-16,paid_social,meta_retarget,243.17,36.48,206.69,USD
1138,5396,2025-06-16,paid_social,meta_prospecting,189.64,9.48,180.16,USD
1139,5888,2025-06-16,paid_social,tiktok_awareness,228.7,0.0,228.7,USD
1140,5814,2025-06-16,paid_social,meta_retarget,219.74,0.0,219.74,USD
1141,6132,2025-06-16,organic,organic_direct,201.58,0.0,201.58,USD
1142,3365,2025-06-16,paid_social,meta_retarget,93.95,0.0,93.95,USD
1143,6660,2025-06-16,paid_social,tiktok_awareness,182.67,0.0,182.67,USD
1144,191,2025-06-16,organic,organic_direct,242.71,0.0,242.71,USD
1145,5781,2025-06-16,paid_social,tiktok_awareness,45.23,6.78,38.45,USD
1146,5015,2025-06-16,organic,organic_direct,57.02,8.55,48.47,USD
1147,5012,2025-06-16,paid_social,meta_prospecting,237.78,11.89,225.89,USD
1148,5315,2025-06-16,organic,organic_direct,107.95,0.0,107.95,USD
1149,7615,2025-06-16,email,winback,249.58,24.96,224.62,USD
1150,2514,2025-06-16,affiliate,partner_blog,180.07,9.0,171.07,USD
1151,1460,2025-06-16,email,cart_abandon,129.03,6.45,122.58,USD
1152,3319,2025-06-16,organic,organic_direct,266.63,0.0,266.63,USD
1153,4177,2025-06-16,email,winback,153.16,22.97,130.19,USD
1154,4499,2025-06-16,organic,organic_direct,151.06,15.11,135.95,USD
1155,1744,2025-06-16,email,winback,297.49,14.87,282.62,USD
1156,5928,2025-06-16,paid_search,generic_shoes,111.72,0.0,111.72,USD
1157,2665,2025-06-16,organic,organic_direct,168.09,0.0,168.09,USD
1158,4188,2025-06-16,paid_search,generic_shoes,77.69,3.88,73.81,USD
1159,518,2025-06-16,organic,organic_direct,54.17,0.0,54.17,USD
1160,5716,2025-06-16,email,winback,55.97,8.4,47.57,USD
1161,4637,2025-06-16,paid_social,tiktok_awareness,272.09,0.0,272.09,USD
1162,6163,2025-06-16,organic,organic_direct,207.03,20.7,186.33,USD
1163,4758,2025-06-16,organic,organic_direct,42.76,6.41,36.35,USD
1164,4092,2025-06-16,organic,organic_direct,164.26,16.43,147.83,USD
1165,1108,2025-06-16,paid_search,generic_shoes,175.24,0.0,175.24,USD
1166,4381,2025-06-16,paid_search,brand_search_q4,175.18,17.52,157.66,USD
1167,665,2025-06-16,paid_search,retargeting_search,144.94,0.0,144.94,USD
1168,64,2025-06-16,organic,organic_direct,228.16,11.41,216.75,USD
1169,810,2025-06-16,organic,organic_direct,239.61,0.0,239.61,USD
1170,7921,2025-06-16,email,newsletter_weekly,206.79,0.0,206.79,USD
1171,1610,2025-06-17,paid_search,brand_search_q4,150.96,0.0,150.96,USD
1172,920,2025-06-17,organic,organic_direct,194.83,9.74,185.09,USD
1173,3267,2025-06-17,organic,organic_direct,203.59,0.0,203.59,USD
1174,6355,2025-06-17,organic,organic_direct,90.08,0.0,90.08,USD
1175,1565,2025-06-17,affiliate,coupon_site,92.4,13.86,78.54,USD
1176,6226,2025-06-17,paid_social,meta_retarget,208.67,0.0,208.67,USD
1177,948,2025-06-17,paid_search,retargeting_search,225.26,22.53,202.73,USD
1178,676,2025-06-17,paid_social,tiktok_awareness,202.91,20.29,182.62,USD
1179,1900,2025-06-17,paid_search,brand_search_q4,129.44,19.42,110.02,USD
1180,2993,2025-06-17,paid_search,brand_search_q4,91.98,0.0,91.98,USD
1181,148,2025-06-17,paid_search,brand_search_q4,155.67,23.35,132.32,USD
1182,3551,2025-06-17,paid_search,brand_search_q4,231.32,0.0,231.32,USD
1183,2926,2025-06-17,affiliate,partner_blog,115.78,5.79,109.99,USD
1184,2161,2025-06-17,organic,organic_direct,30.73,3.07,27.66,USD
1185,4238,2025-06-17,paid_search,retargeting_search,126.01,0.0,126.01,USD
1186,7570,2025-06-17,paid_search,retargeting_search,242.07,0.0,242.07,USD
1187,6633,2025-06-17,paid_search,brand_search_q4,280.94,42.14,238.8,USD
1188,5758,2025-06-17,paid_search,generic_shoes,101.03,0.0,101.03,USD
1189,4955,2025-06-17,paid_social,meta_retarget,283.07,0.0,283.07,USD
1190,4020,2025-06-17,paid_search,generic_shoes,29.97,1.5,28.47,USD
1191,3743,2025-06-17,organic,organic_direct,106.85,16.03,90.82,USD
1192,3069,2025-06-17,organic,organic_direct,38.56,0.0,38.56,USD
1193,4973,2025-06-17,organic,organic_direct,153.69,23.05,130.64,USD
1194,4269,2025-06-17,organic,organic_direct,180.49,0.0,180.49,USD
1195,4574,2025-06-17,organic,organic_direct,249.77,0.0,249.77,USD
1196,148,2025-06-17,organic,organic_direct,255.81,0.0,255.81,USD
1197,1666,2025-06-17,organic,organic_direct,235.33,35.3,200.03,USD
1198,3128,2025-06-17,email,winback,96.4,0.0,96.4,USD
1199,6463,2025-06-17,organic,organic_direct,74.04,7.4,66.64,USD
1200,3710,2025-06-17,paid_social,tiktok_awareness,189.89,0.0,189.89,USD
1201,6021,2025-06-17,affiliate,coupon_site,231.33,0.0,231.33,USD
1202,3687,2025-06-17,paid_social,meta_prospecting,248.88,0.0,248.88,USD
1203,4399,2025-06-17,paid_search,brand_search_q4,244.95,0.0,244.95,USD
1204,840,2025-06-17,paid_social,meta_prospecting,258.86,25.89,232.97,USD
1205,889,2025-06-17,organic,organic_direct,247.04,12.35,234.69,USD
1206,5840,2025-06-17,affiliate,partner_blog,27.76,0.0,27.76,USD
1207,1781,2025-06-17,email,winback,168.3,25.25,143.05,USD
1208,846,2025-06-17,paid_search,retargeting_search,185.4,0.0,185.4,USD
1209,4515,2025-06-17,paid_social,meta_prospecting,136.1,6.8,129.3,USD
1210,2608,2025-06-17,paid_search,generic_shoes,181.82,0.0,181.82,USD
1211,1944,2025-06-17,email,cart_abandon,127.97,19.2,108.77,USD
1212,1932,2025-06-17,affiliate,coupon_site,98.37,14.76,83.61,USD
1213,6744,2025-06-17,organic,organic_direct,206.7,0.0,206.7,USD
1214,1051,2025-06-17,organic,organic_direct,85.75,0.0,85.75,USD
1215,1329,2025-06-17,paid_social,meta_prospecting,161.44,16.14,145.3,USD
1216,6346,2025-06-17,paid_search,retargeting_search,70.54,0.0,70.54,USD
1217,3331,2025-06-17,paid_search,brand_search_q4,140.56,14.06,126.5,USD
1218,7501,2025-06-17,paid_social,meta_prospecting,240.62,24.06,216.56,USD
1219,1259,2025-06-17,paid_search,brand_search_q4,212.4,31.86,180.54,USD
1220,7595,2025-06-17,paid_search,generic_shoes,147.02,7.35,139.67,USD
1221,4734,2025-06-17,paid_search,retargeting_search,208.65,0.0,208.65,USD
1222,4392,2025-06-17,paid_social,tiktok_awareness,154.93,15.49,139.44,USD
1223,3449,2025-06-17,paid_search,brand_search_q4,236.08,0.0,236.08,USD
1224,4798,2025-06-17,organic,organic_direct,256.29,38.44,217.85,USD
1225,7154,2025-06-17,paid_search,brand_search_q4,194.13,0.0,194.13,USD
1226,6162,2025-06-17,paid_search,generic_shoes,209.93,20.99,188.94,USD
1227,6227,2025-06-17,paid_search,retargeting_search,54.07,2.7,51.37,USD
1228,1419,2025-06-17,organic,organic_direct,23.15,0.0,23.15,USD
1229,1065,2025-06-17,paid_search,brand_search_q4,152.61,7.63,144.98,USD
1230,5940,2025-06-17,organic,organic_direct,264.99,26.5,238.49,USD
1231,1564,2025-06-17,paid_social,meta_retarget,31.97,3.2,28.77,USD
1232,7307,2025-06-17,organic,organic_direct,203.58,0.0,203.58,USD
1233,4556,2025-06-17,organic,organic_direct,48.05,7.21,40.84,USD
1234,5144,2025-06-17,paid_search,brand_search_q4,73.14,7.31,65.83,USD
1235,5199,2025-06-17,affiliate,partner_blog,107.24,10.72,96.52,USD
1236,1360,2025-06-17,paid_social,meta_retarget,123.86,0.0,123.86,USD
1237,7267,2025-06-17,organic,organic_direct,293.88,14.69,279.19,USD
1238,4174,2025-06-17,paid_search,generic_shoes,149.23,7.46,141.77,USD
1239,6666,2025-06-17,organic,organic_direct,135.91,0.0,135.91,USD
1240,6593,2025-06-17,organic,organic_direct,218.65,0.0,218.65,USD
1241,4994,2025-06-17,paid_search,retargeting_search,17.15,0.0,17.15,USD
1242,3831,2025-06-17,paid_social,meta_prospecting,151.26,0.0,151.26,USD
1243,5200,2025-06-17,paid_social,tiktok_awareness,254.11,38.12,215.99,USD
1244,4479,2025-06-17,paid_search,brand_search_q4,146.36,21.95,124.41,USD
1245,7918,2025-06-17,organic,organic_direct,250.9,0.0,250.9,USD
1246,7829,2025-06-17,email,newsletter_weekly,176.25,0.0,176.25,USD
1247,1784,2025-06-17,paid_social,meta_retarget,138.65,0.0,138.65,USD
1248,6744,2025-06-17,paid_search,retargeting_search,291.62,29.16,262.46,USD
1249,3402,2025-06-17,email,winback,187.18,28.08,159.1,USD
1250,4483,2025-06-17,organic,organic_direct,34.39,0.0,34.39,USD
1251,3688,2025-06-17,paid_search,generic_shoes,51.33,0.0,51.33,USD
1252,4900,2025-06-17,affiliate,coupon_site,210.63,31.59,179.04,USD
1253,6170,2025-06-17,organic,organic_direct,88.36,4.42,83.94,USD
1254,5453,2025-06-17,paid_social,meta_retarget,276.43,27.64,248.79,USD
1255,4984,2025-06-17,paid_search,generic_shoes,278.27,0.0,278.27,USD
1256,1565,2025-06-17,email,newsletter_weekly,27.85,2.79,25.06,USD
1257,337,2025-06-17,organic,organic_direct,266.11,0.0,266.11,USD
1258,2689,2025-06-17,paid_search,generic_shoes,290.44,43.57,246.87,USD
1259,887,2025-06-17,email,newsletter_weekly,266.6,39.99,226.61,USD
1260,4013,2025-06-17,paid_search,brand_search_q4,54.7,0.0,54.7,USD
1261,6231,2025-06-17,organic,organic_direct,206.02,0.0,206.02,USD
1262,4115,2025-06-17,paid_social,meta_prospecting,243.31,12.17,231.14,USD
1263,980,2025-06-17,organic,organic_direct,47.88,2.39,45.49,USD
1264,4650,2025-06-17,organic,organic_direct,144.84,0.0,144.84,USD
1265,5418,2025-06-17,email,winback,238.96,0.0,238.96,USD
1266,4214,2025-06-17,email,newsletter_weekly,240.12,0.0,240.12,USD
1267,6971,2025-06-17,paid_search,generic_shoes,155.96,0.0,155.96,USD
1268,3390,2025-06-17,organic,organic_direct,53.53,5.35,48.18,USD
1269,2200,2025-06-17,affiliate,coupon_site,128.18,0.0,128.18,USD
1270,3203,2025-06-17,organic,organic_direct,76.9,0.0,76.9,USD
1271,5128,2025-06-17,email,newsletter_weekly,59.16,2.96,56.2,USD
1272,4405,2025-06-17,paid_search,retargeting_search,93.15,9.32,83.83,USD
1273,6725,2025-06-17,organic,organic_direct,27.8,2.78,25.02,USD
1274,5003,2025-06-17,paid_search,retargeting_search,239.87,0.0,239.87,USD
1275,5480,2025-06-18,organic,organic_direct,148.5,7.43,141.07,USD
1276,6000,2025-06-18,paid_search,retargeting_search,197.31,9.87,187.44,USD
1277,6298,2025-06-18,affiliate,partner_blog,89.23,4.46,84.77,USD
1278,5014,2025-06-18,paid_social,tiktok_awareness,127.74,19.16,108.58,USD
1279,6266,2025-06-18,email,newsletter_weekly,165.51,0.0,165.51,USD
1280,5435,2025-06-18,organic,organic_direct,68.71,0.0,68.71,USD
1281,4904,2025-06-18,paid_social,tiktok_awareness,89.09,0.0,89.09,USD
1282,5229,2025-06-18,organic,organic_direct,18.09,1.81,16.28,USD
1283,7328,2025-06-18,organic,organic_direct,118.71,0.0,118.71,USD
1284,137,2025-06-18,paid_social,meta_prospecting,52.62,0.0,52.62,USD
1285,6871,2025-06-18,paid_social,tiktok_awareness,28.5,0.0,28.5,USD
1286,2264,2025-06-18,affiliate,coupon_site,171.85,17.18,154.67,USD
1287,1965,2025-06-18,affiliate,partner_blog,249.53,37.43,212.1,USD
1288,4140,2025-06-18,paid_search,retargeting_search,213.39,32.01,181.38,USD
1289,1561,2025-06-18,organic,organic_direct,190.8,19.08,171.72,USD
1290,3311,2025-06-18,paid_search,brand_search_q4,106.69,10.67,96.02,USD
1291,6056,2025-06-18,paid_search,generic_shoes,114.69,0.0,114.69,USD
1292,442,2025-06-18,paid_social,meta_retarget,246.66,0.0,246.66,USD
1293,5053,2025-06-18,affiliate,partner_blog,225.34,0.0,225.34,USD
1294,1680,2025-06-18,paid_search,brand_search_q4,224.85,11.24,213.61,USD
1295,3328,2025-06-18,organic,organic_direct,177.55,0.0,177.55,USD
1296,3414,2025-06-18,paid_social,meta_prospecting,118.29,11.83,106.46,USD
1297,2989,2025-06-18,affiliate,coupon_site,284.96,42.74,242.22,USD
1298,2556,2025-06-18,email,cart_abandon,240.56,12.03,228.53,USD
1299,2346,2025-06-18,organic,organic_direct,173.62,0.0,173.62,USD
1300,3113,2025-06-18,paid_social,tiktok_awareness,219.62,32.94,186.68,USD
1301,474,2025-06-18,email,newsletter_weekly,248.11,24.81,223.3,USD
1302,7925,2025-06-18,paid_social,meta_prospecting,78.69,0.0,78.69,USD
1303,3326,2025-06-18,organic,organic_direct,165.36,24.8,140.56,USD
1304,5076,2025-06-18,paid_social,meta_retarget,166.07,16.61,149.46,USD
1305,5335,2025-06-18,paid_search,brand_search_q4,135.04,13.5,121.54,USD
1306,2867,2025-06-18,paid_search,generic_shoes,19.19,0.0,19.19,USD
1307,4000,2025-06-18,paid_search,brand_search_q4,23.96,3.59,20.37,USD
1308,5503,2025-06-18,organic,organic_direct,42.8,0.0,42.8,USD
1309,6162,2025-06-18,organic,organic_direct,219.35,0.0,219.35,USD
1310,6830,2025-06-18,organic,organic_direct,77.69,0.0,77.69,USD
1311,4107,2025-06-18,paid_social,meta_prospecting,242.87,0.0,242.87,USD
1312,7134,2025-06-18,paid_social,tiktok_awareness,70.36,10.55,59.81,USD
1313,6991,2025-06-18,paid_search,retargeting_search,256.44,25.64,230.8,USD
1314,3254,2025-06-18,paid_search,brand_search_q4,92.09,13.81,78.28,USD
1315,7678,2025-06-18,paid_search,retargeting_search,41.93,0.0,41.93,USD
1316,2942,2025-06-18,organic,organic_direct,185.21,18.52,166.69,USD
1317,805,2025-06-18,paid_search,generic_shoes,224.98,11.25,213.73,USD
1318,7961,2025-06-18,paid_social,tiktok_awareness,18.74,0.0,18.74,USD
1319,1170,2025-06-18,paid_social,tiktok_awareness,227.92,0.0,227.92,USD
1320,5076,2025-06-18,email,winback,48.61,2.43,46.18,USD
1321,5293,2025-06-18,email,newsletter_weekly,218.43,21.84,196.59,USD
1322,5289,2025-06-18,affiliate,coupon_site,102.45,0.0,102.45,USD
1323,105,2025-06-18,email,newsletter_weekly,277.78,27.78,250.0,USD
1324,6347,2025-06-18,paid_social,tiktok_awareness,16.92,2.54,14.38,USD
1325,4613,2025-06-18,organic,organic_direct,243.36,0.0,243.36,USD
1326,2818,2025-06-18,organic,organic_direct,243.08,36.46,206.62,USD
1327,773,2025-06-18,paid_social,meta_retarget,60.23,0.0,60.23,USD
1328,4411,2025-06-18,affiliate,partner_blog,171.78,25.77,146.01,USD
1329,3100,2025-06-18,paid_search,retargeting_search,208.42,31.26,177.16,USD
1330,3246,2025-06-18,paid_search,brand_search_q4,116.75,0.0,116.75,USD
1331,2730,2025-06-18,organic,organic_direct,97.18,14.58,82.6,USD
1332,5326,2025-06-18,affiliate,coupon_site,58.17,0.0,58.17,USD
1333,6362,2025-06-18,organic,organic_direct,235.21,0.0,235.21,USD
1334,6174,2025-06-18,organic,organic_direct,170.45,17.04,153.41,USD
1335,5464,2025-06-18,paid_social,meta_retarget,71.61,0.0,71.61,USD
1336,2582,2025-06-18,paid_search,brand_search_q4,185.39,0.0,185.39,USD
1337,620,2025-06-18,paid_social,meta_retarget,233.07,0.0,233.07,USD
1338,5860,2025-06-18,paid_social,meta_retarget,59.89,0.0,59.89,USD
1339,7084,2025-06-18,paid_search,brand_search_q4,106.46,15.97,90.49,USD
1340,6639,2025-06-18,organic,organic_direct,189.9,0.0,189.9,USD
1341,5012,2025-06-18,paid_social,meta_retarget,234.36,0.0,234.36,USD
1342,3953,2025-06-18,paid_search,brand_search_q4,128.55,12.86,115.69,USD
1343,3112,2025-06-18,affiliate,partner_blog,130.41,0.0,130.41,USD
1344,5744,2025-06-18,paid_social,tiktok_awareness,43.89,0.0,43.89,USD
1345,120,2025-06-18,organic,organic_direct,70.78,0.0,70.78,USD
1346,1149,2025-06-18,email,newsletter_weekly,136.41,0.0,136.41,USD
1347,2954,2025-06-18,paid_search,retargeting_search,64.96,0.0,64.96,USD
1348,7034,2025-06-18,email,newsletter_weekly,266.16,39.92,226.24,USD
1349,5711,2025-06-18,paid_social,meta_retarget,212.26,0.0,212.26,USD
1350,2940,2025-06-18,email,cart_abandon,266.15,13.31,252.84,USD
1351,7387,2025-06-18,paid_social,tiktok_awareness,248.41,0.0,248.41,USD
1352,5914,2025-06-18,paid_search,retargeting_search,82.2,0.0,82.2,USD
1353,6149,2025-06-18,email,newsletter_weekly,256.58,25.66,230.92,USD
1354,5969,2025-06-18,paid_search,generic_shoes,25.48,3.82,21.66,USD
1355,148,2025-06-18,paid_search,retargeting_search,226.44,33.97,192.47,USD
1356,5267,2025-06-19,paid_social,meta_prospecting,87.05,0.0,87.05,USD
1357,3917,2025-06-19,organic,organic_direct,146.91,22.04,124.87,USD
1358,4747,2025-06-19,organic,organic_direct,256.32,12.82,243.5,USD
1359,5157,2025-06-19,paid_social,meta_retarget,110.8,16.62,94.18,USD
1360,7432,2025-06-19,organic,organic_direct,212.41,10.62,201.79,USD
1361,5027,2025-06-19,affiliate,coupon_site,176.83,26.52,150.31,USD
1362,3304,2025-06-19,paid_social,tiktok_awareness,76.54,0.0,76.54,USD
1363,244,2025-06-19,organic,organic_direct,23.96,3.59,20.37,USD
1364,1071,2025-06-19,paid_social,meta_retarget,141.54,0.0,141.54,USD
1365,7466,2025-06-19,paid_search,generic_shoes,100.53,5.03,95.5,USD
1366,6394,2025-06-19,organic,organic_direct,198.22,19.82,178.4,USD
1367,7458,2025-06-19,paid_search,retargeting_search,64.54,0.0,64.54,USD
1368,2068,2025-06-19,paid_search,generic_shoes,162.39,16.24,146.15,USD
1369,2886,2025-06-19,email,winback,144.13,7.21,136.92,USD
1370,5526,2025-06-19,paid_search,generic_shoes,30.29,4.54,25.75,USD
1371,3098,2025-06-19,paid_social,meta_retarget,194.95,19.5,175.45,USD
1372,3002,2025-06-19,paid_search,brand_search_q4,153.37,0.0,153.37,USD
1373,2975,2025-06-19,affiliate,coupon_site,83.56,12.53,71.03,USD
1374,7647,2025-06-19,paid_search,brand_search_q4,245.4,0.0,245.4,USD
1375,5237,2025-06-19,paid_search,retargeting_search,150.49,0.0,150.49,USD
1376,4327,2025-06-19,organic,organic_direct,69.27,0.0,69.27,USD
1377,3360,2025-06-19,organic,organic_direct,147.88,7.39,140.49,USD
1378,6137,2025-06-19,paid_social,tiktok_awareness,244.99,0.0,244.99,USD
1379,3221,2025-06-19,organic,organic_direct,284.69,14.23,270.46,USD
1380,1154,2025-06-19,paid_search,generic_shoes,82.25,0.0,82.25,USD
1381,4020,2025-06-19,paid_search,brand_search_q4,61.94,0.0,61.94,USD
1382,911,2025-06-19,affiliate,coupon_site,69.43,0.0,69.43,USD
1383,4694,2025-06-19,paid_social,meta_retarget,28.87,1.44,27.43,USD
1384,1490,2025-06-19,organic,organic_direct,248.91,24.89,224.02,USD
1385,2435,2025-06-19,email,cart_abandon,73.3,7.33,65.97,USD
1386,2022,2025-06-19,organic,organic_direct,174.52,26.18,148.34,USD
1387,2957,2025-06-19,paid_search,retargeting_search,93.43,4.67,88.76,USD
1388,6713,2025-06-19,affiliate,partner_blog,122.56,0.0,122.56,USD
1389,5446,2025-06-19,paid_search,brand_search_q4,55.56,5.56,50.0,USD
1390,1089,2025-06-19,organic,organic_direct,217.24,32.59,184.65,USD
1391,7809,2025-06-19,organic,organic_direct,59.34,0.0,59.34,USD
1392,5799,2025-06-19,affiliate,partner_blog,253.86,25.39,228.47,USD
1393,562,2025-06-19,paid_social,meta_retarget,152.05,22.81,129.24,USD
1394,7692,2025-06-19,paid_search,brand_search_q4,42.91,0.0,42.91,USD
1395,7321,2025-06-19,organic,organic_direct,151.4,0.0,151.4,USD
1396,771,2025-06-19,paid_social,meta_prospecting,20.69,2.07,18.62,USD
1397,3748,2025-06-19,paid_social,meta_prospecting,214.86,0.0,214.86,USD
1398,5724,2025-06-19,paid_search,brand_search_q4,199.39,9.97,189.42,USD
1399,5441,2025-06-19,affiliate,partner_blog,232.11,23.21,208.9,USD
1400,1580,2025-06-19,organic,organic_direct,144.48,0.0,144.48,USD
1401,7316,2025-06-19,affiliate,coupon_site,87.52,4.38,83.14,USD
1402,6295,2025-06-19,paid_search,brand_search_q4,172.46,17.25,155.21,USD
1403,2351,2025-06-19,paid_social,tiktok_awareness,44.95,0.0,44.95,USD
1404,1277,2025-06-19,organic,organic_direct,92.66,9.27,83.39,USD
1405,3389,2025-06-20,paid_social,tiktok_awareness,28.01,0.0,28.01,USD
1406,6816,2025-06-20,paid_search,brand_search_q4,119.87,0.0,119.87,USD
1407,2321,2025-06-20,paid_search,brand_search_q4,58.86,0.0,58.86,USD
1408,7738,2025-06-20,email,cart_abandon,63.97,3.2,60.77,USD
1409,5271,2025-06-20,email,newsletter_weekly,136.69,13.67,123.02,USD
1410,3198,2025-06-20,organic,organic_direct,30.01,1.5,28.51,USD
1411,7358,2025-06-20,affiliate,coupon_site,262.17,13.11,249.06,USD
1412,834,2025-06-20,organic,organic_direct,278.81,0.0,278.81,USD
1413,1962,2025-06-20,paid_social,meta_prospecting,218.88,0.0,218.88,USD
1414,106,2025-06-20,paid_search,brand_search_q4,143.48,7.17,136.31,USD
1415,7901,2025-06-20,paid_search,generic_shoes,242.03,12.1,229.93,USD
1416,503,2025-06-20,paid_social,tiktok_awareness,21.58,0.0,21.58,USD
1417,5437,2025-06-20,organic,organic_direct,203.27,0.0,203.27,USD
1418,548,2025-06-20,paid_search,generic_shoes,40.64,4.06,36.58,USD
1419,7445,2025-06-20,paid_social,meta_retarget,207.43,0.0,207.43,USD
1420,176,2025-06-20,paid_social,tiktok_awareness,84.17,4.21,79.96,USD
1421,4896,2025-06-20,paid_search,generic_shoes,91.6,0.0,91.6,USD
1422,3094,2025-06-20,paid_search,generic_shoes,82.86,12.43,70.43,USD
1423,4732,2025-06-20,affiliate,partner_blog,269.0,26.9,242.1,USD
1424,7815,2025-06-20,paid_search,retargeting_search,232.09,0.0,232.09,USD
1425,3079,2025-06-20,paid_social,meta_prospecting,36.76,3.68,33.08,USD
1426,2478,2025-06-20,paid_social,tiktok_awareness,47.3,2.36,44.94,USD
1427,2418,2025-06-20,organic,organic_direct,260.54,0.0,260.54,USD
1428,4367,2025-06-20,affiliate,coupon_site,147.24,0.0,147.24,USD
1429,5123,2025-06-20,organic,organic_direct,138.15,0.0,138.15,USD
1430,2216,2025-06-20,organic,organic_direct,297.72,44.66,253.06,USD
1431,3901,2025-06-20,email,newsletter_weekly,269.31,0.0,269.31,USD
1432,1577,2025-06-20,affiliate,partner_blog,287.09,0.0,287.09,USD
1433,3092,2025-06-20,email,newsletter_weekly,131.3,13.13,118.17,USD
1434,7092,2025-06-20,paid_social,meta_prospecting,259.91,25.99,233.92,USD
1435,3337,2025-06-20,email,newsletter_weekly,297.99,0.0,297.99,USD
1436,715,2025-06-20,paid_social,meta_retarget,219.16,0.0,219.16,USD
1437,2421,2025-06-20,affiliate,coupon_site,122.93,18.44,104.49,USD
1438,6368,2025-06-20,paid_social,meta_prospecting,189.66,0.0,189.66,USD
1439,1779,2025-06-20,organic,organic_direct,64.88,6.49,58.39,USD
1440,1565,2025-06-20,organic,organic_direct,245.69,12.28,233.41,USD
1441,7962,2025-06-20,organic,organic_direct,107.77,0.0,107.77,USD
1442,3447,2025-06-20,paid_social,meta_retarget,132.8,19.92,112.88,USD
1443,5470,2025-06-20,email,winback,280.25,0.0,280.25,USD
1444,5353,2025-06-20,paid_search,brand_search_q4,240.7,0.0,240.7,USD
1445,4771,2025-06-20,organic,organic_direct,134.88,6.74,128.14,USD
1446,7089,2025-06-20,organic,organic_direct,172.81,8.64,164.17,USD
1447,5064,2025-06-20,paid_search,generic_shoes,183.75,0.0,183.75,USD
1448,5865,2025-06-20,paid_search,brand_search_q4,227.97,0.0,227.97,USD
1449,6046,2025-06-20,organic,organic_direct,117.5,17.62,99.88,USD
1450,5667,2025-06-20,email,cart_abandon,251.21,0.0,251.21,USD
1451,7827,2025-06-20,paid_social,meta_retarget,73.52,0.0,73.52,USD
1452,7430,2025-06-20,organic,organic_direct,158.88,7.94,150.94,USD
1453,4856,2025-06-20,affiliate,partner_blog,273.77,0.0,273.77,USD
1454,1685,2025-06-20,paid_search,retargeting_search,218.32,0.0,218.32,USD
1455,1325,2025-06-20,paid_social,meta_retarget,154.2,0.0,154.2,USD
1456,7788,2025-06-20,paid_social,meta_prospecting,191.85,28.78,163.07,USD
1457,4969,2025-06-20,paid_search,generic_shoes,31.26,0.0,31.26,USD
1458,7573,2025-06-20,email,winback,47.3,0.0,47.3,USD
1459,3417,2025-06-20,organic,organic_direct,294.11,14.71,279.4,USD
1460,6970,2025-06-20,paid_social,tiktok_awareness,146.83,0.0,146.83,USD
1461,878,2025-06-20,paid_search,retargeting_search,163.33,0.0,163.33,USD
1462,5740,2025-06-20,affiliate,partner_blog,101.89,10.19,91.7,USD
1463,1594,2025-06-20,organic,organic_direct,17.28,0.0,17.28,USD
1464,6602,2025-06-20,organic,organic_direct,34.54,3.45,31.09,USD
1465,4914,2025-06-20,organic,organic_direct,97.95,4.9,93.05,USD
1466,1522,2025-06-20,paid_social,meta_retarget,205.46,20.55,184.91,USD
1467,3604,2025-06-20,affiliate,partner_blog,24.26,2.43,21.83,USD
1468,1281,2025-06-20,organic,organic_direct,194.97,19.5,175.47,USD
1469,5193,2025-06-20,email,newsletter_weekly,108.55,0.0,108.55,USD
1470,5103,2025-06-20,affiliate,partner_blog,86.02,8.6,77.42,USD
1471,1524,2025-06-20,email,cart_abandon,244.56,36.68,207.88,USD
1472,5335,2025-06-20,affiliate,coupon_site,114.84,5.74,109.1,USD
1473,3735,2025-06-20,paid_social,meta_prospecting,106.35,15.95,90.4,USD
1474,7794,2025-06-20,paid_search,generic_shoes,250.67,0.0,250.67,USD
1475,3917,2025-06-20,paid_social,meta_prospecting,191.76,0.0,191.76,USD
1476,6280,2025-06-20,paid_social,meta_prospecting,147.55,7.38,140.17,USD
1477,7958,2025-06-20,affiliate,partner_blog,73.86,0.0,73.86,USD
1478,4039,2025-06-20,paid_search,retargeting_search,203.87,30.58,173.29,USD
1479,5703,2025-06-20,organic,organic_direct,20.82,2.08,18.74,USD
1480,3988,2025-06-20,paid_social,meta_retarget,93.68,9.37,84.31,USD
1481,3869,2025-06-20,paid_search,generic_shoes,75.89,11.38,64.51,USD
1482,7254,2025-06-20,paid_social,meta_retarget,70.35,0.0,70.35,USD
1483,7917,2025-06-20,paid_search,generic_shoes,31.07,0.0,31.07,USD
1484,1651,2025-06-20,paid_social,meta_prospecting,150.74,15.07,135.67,USD
1485,6465,2025-06-20,organic,organic_direct,126.09,0.0,126.09,USD
1486,3122,2025-06-20,organic,organic_direct,145.2,0.0,145.2,USD
1487,3804,2025-06-20,paid_social,tiktok_awareness,156.26,23.44,132.82,USD
1488,7271,2025-06-20,paid_search,generic_shoes,202.77,0.0,202.77,USD
1489,4677,2025-06-20,affiliate,coupon_site,76.05,7.61,68.44,USD
1490,6266,2025-06-20,organic,organic_direct,150.0,15.0,135.0,USD
1491,4634,2025-06-20,organic,organic_direct,87.56,8.76,78.8,USD
1492,2320,2025-06-20,organic,organic_direct,213.53,0.0,213.53,USD
1493,6084,2025-06-20,organic,organic_direct,166.57,24.99,141.58,USD
1494,3187,2025-06-20,organic,organic_direct,186.4,27.96,158.44,USD
1495,5206,2025-06-20,paid_social,meta_retarget,196.22,0.0,196.22,USD
1496,3757,2025-06-20,affiliate,partner_blog,194.41,0.0,194.41,USD
1497,671,2025-06-20,organic,organic_direct,68.55,6.86,61.69,USD
1498,4321,2025-06-20,paid_social,meta_retarget,249.31,12.47,236.84,USD
1499,6139,2025-06-20,paid_social,tiktok_awareness,23.29,0.0,23.29,USD
1500,415,2025-06-20,paid_social,meta_prospecting,78.13,0.0,78.13,USD
1501,4983,2025-06-20,organic,organic_direct,249.91,24.99,224.92,USD
1502,715,2025-06-20,paid_social,tiktok_awareness,92.41,4.62,87.79,USD
1503,5049,2025-06-20,organic,organic_direct,179.77,26.97,152.8,USD
1504,2261,2025-06-20,organic,organic_direct,92.42,13.86,78.56,USD
1505,4336,2025-06-20,email,cart_abandon,162.66,16.27,146.39,USD
1506,366,2025-06-20,paid_social,meta_retarget,253.82,12.69,241.13,USD
1507,3380,2025-06-20,email,winback,39.62,1.98,37.64,USD
1508,6938,2025-06-20,organic,organic_direct,182.35,0.0,182.35,USD
1509,7019,2025-06-20,paid_social,meta_retarget,214.88,0.0,214.88,USD
1510,977,2025-06-20,paid_social,meta_prospecting,194.07,0.0,194.07,USD
1511,3974,2025-06-20,paid_search,retargeting_search,249.3,37.4,211.9,USD
1512,198,2025-06-20,paid_search,brand_search_q4,139.68,6.98,132.7,USD
1513,3364,2025-06-20,organic,organic_direct,14.62,0.0,14.62,USD
1514,213,2025-06-20,paid_social,tiktok_awareness,54.52,0.0,54.52,USD
1515,5669,2025-06-21,affiliate,partner_blog,147.95,7.4,140.55,USD
1516,7304,2025-06-21,organic,organic_direct,138.63,20.79,117.84,USD
1517,706,2025-06-21,paid_social,tiktok_awareness,108.68,5.43,103.25,USD
1518,3636,2025-06-21,organic,organic_direct,79.38,0.0,79.38,USD
1519,7008,2025-06-21,organic,organic_direct,142.58,7.13,135.45,USD
1520,2509,2025-06-21,organic,organic_direct,161.88,0.0,161.88,USD
1521,5733,2025-06-21,paid_social,meta_retarget,209.8,31.47,178.33,USD
1522,5919,2025-06-21,organic,organic_direct,90.67,13.6,77.07,USD
1523,86,2025-06-21,organic,organic_direct,240.63,12.03,228.6,USD
1524,1637,2025-06-21,organic,organic_direct,155.22,0.0,155.22,USD
1525,2737,2025-06-21,email,cart_abandon,53.52,0.0,53.52,USD
1526,4701,2025-06-21,paid_search,retargeting_search,47.67,4.77,42.9,USD
1527,5312,2025-06-21,organic,organic_direct,218.66,32.8,185.86,USD
1528,1938,2025-06-21,organic,organic_direct,240.34,24.03,216.31,USD
1529,5746,2025-06-21,organic,organic_direct,216.16,21.62,194.54,USD
1530,5155,2025-06-21,organic,organic_direct,84.44,0.0,84.44,USD
1531,1897,2025-06-21,affiliate,partner_blog,145.94,14.59,131.35,USD
1532,4673,2025-06-21,email,cart_abandon,50.57,7.59,42.98,USD
1533,2984,2025-06-21,organic,organic_direct,157.44,0.0,157.44,USD
1534,4043,2025-06-21,affiliate,coupon_site,176.91,26.54,150.37,USD
1535,2859,2025-06-21,paid_search,generic_shoes,188.85,18.89,169.96,USD
1536,4260,2025-06-21,paid_search,retargeting_search,56.5,0.0,56.5,USD
1537,1308,2025-06-21,organic,organic_direct,202.92,10.15,192.77,USD
1538,6872,2025-06-21,organic,organic_direct,287.25,43.09,244.16,USD
1539,1076,2025-06-21,affiliate,partner_blog,47.96,7.19,40.77,USD
1540,7659,2025-06-21,paid_search,brand_search_q4,213.76,0.0,213.76,USD
1541,6788,2025-06-21,paid_social,tiktok_awareness,51.79,0.0,51.79,USD
1542,3108,2025-06-21,email,winback,109.76,5.49,104.27,USD
1543,7898,2025-06-21,organic,organic_direct,281.72,0.0,281.72,USD
1544,4075,2025-06-21,organic,organic_direct,147.55,22.13,125.42,USD
1545,14,2025-06-21,email,winback,58.74,0.0,58.74,USD
1546,2046,2025-06-21,paid_search,brand_search_q4,239.65,0.0,239.65,USD
1547,4711,2025-06-21,organic,organic_direct,36.35,0.0,36.35,USD
1548,5167,2025-06-21,paid_search,generic_shoes,160.22,0.0,160.22,USD
1549,212,2025-06-21,organic,organic_direct,198.56,19.86,178.7,USD
1550,3328,2025-06-21,email,cart_abandon,57.14,0.0,57.14,USD
1551,3875,2025-06-21,email,winback,43.87,6.58,37.29,USD
1552,1042,2025-06-21,paid_search,generic_shoes,225.31,0.0,225.31,USD
1553,2841,2025-06-21,paid_search,retargeting_search,264.92,0.0,264.92,USD
1554,3773,2025-06-21,paid_search,retargeting_search,180.01,27.0,153.01,USD
1555,4040,2025-06-21,organic,organic_direct,24.58,0.0,24.58,USD
1556,1357,2025-06-21,paid_search,generic_shoes,99.51,0.0,99.51,USD
1557,6929,2025-06-21,organic,organic_direct,179.57,0.0,179.57,USD
1558,4338,2025-06-21,paid_social,meta_prospecting,146.65,22.0,124.65,USD
1559,3758,2025-06-21,email,newsletter_weekly,107.1,0.0,107.1,USD
1560,3601,2025-06-21,organic,organic_direct,42.31,0.0,42.31,USD
1561,1273,2025-06-21,email,cart_abandon,127.76,19.16,108.6,USD
1562,4527,2025-06-21,organic,organic_direct,104.98,5.25,99.73,USD
1563,4664,2025-06-21,organic,organic_direct,152.41,22.86,129.55,USD
1564,7278,2025-06-21,paid_search,retargeting_search,156.87,0.0,156.87,USD
1565,5354,2025-06-21,email,winback,173.95,17.39,156.56,USD
1566,5952,2025-06-21,organic,organic_direct,145.82,7.29,138.53,USD
1567,3076,2025-06-21,organic,organic_direct,176.75,8.84,167.91,USD
1568,3924,2025-06-21,paid_search,generic_shoes,239.6,23.96,215.64,USD
1569,5418,2025-06-21,email,cart_abandon,153.42,15.34,138.08,USD
1570,56,2025-06-21,paid_search,brand_search_q4,76.74,11.51,65.23,USD
1571,6466,2025-06-21,paid_search,brand_search_q4,261.72,0.0,261.72,USD
1572,7477,2025-06-21,paid_social,meta_prospecting,77.3,7.73,69.57,USD
1573,4732,2025-06-21,affiliate,coupon_site,42.34,0.0,42.34,USD
1574,2224,2025-06-21,paid_search,brand_search_q4,74.73,0.0,74.73,USD
1575,5616,2025-06-21,paid_search,brand_search_q4,220.05,0.0,220.05,USD
1576,133,2025-06-21,organic,organic_direct,140.62,0.0,140.62,USD
1577,5388,2025-06-21,affiliate,partner_blog,19.0,0.0,19.0,USD
1578,6706,2025-06-21,email,cart_abandon,146.94,0.0,146.94,USD
1579,5973,2025-06-22,paid_social,meta_retarget,245.76,24.58,221.18,USD
1580,112,2025-06-22,paid_social,tiktok_awareness,213.27,21.33,191.94,USD
1581,6527,2025-06-22,organic,organic_direct,298.32,29.83,268.49,USD
1582,4962,2025-06-22,organic,organic_direct,236.28,11.81,224.47,USD
1583,373,2025-06-22,affiliate,coupon_site,36.95,0.0,36.95,USD
1584,1468,2025-06-22,email,cart_abandon,173.29,0.0,173.29,USD
1585,5496,2025-06-22,organic,organic_direct,35.34,5.3,30.04,USD
1586,5700,2025-06-22,paid_social,meta_prospecting,294.76,29.48,265.28,USD
1587,6982,2025-06-22,organic,organic_direct,185.68,0.0,185.68,USD
1588,4902,2025-06-22,organic,organic_direct,73.68,0.0,73.68,USD
1589,4994,2025-06-22,affiliate,partner_blog,36.19,0.0,36.19,USD
1590,6652,2025-06-22,organic,organic_direct,180.71,0.0,180.71,USD
1591,2309,2025-06-22,organic,organic_direct,132.48,13.25,119.23,USD
1592,6374,2025-06-22,organic,organic_direct,81.63,0.0,81.63,USD
1593,970,2025-06-22,email,cart_abandon,43.6,2.18,41.42,USD
1594,7972,2025-06-22,affiliate,partner_blog,254.4,25.44,228.96,USD
1595,1688,2025-06-22,paid_social,meta_retarget,165.27,8.26,157.01,USD
1596,6003,2025-06-22,affiliate,coupon_site,187.89,9.39,178.5,USD
1597,7167,2025-06-22,paid_social,meta_retarget,149.34,7.47,141.87,USD
1598,5330,2025-06-22,paid_social,tiktok_awareness,179.37,17.94,161.43,USD
1599,1467,2025-06-22,organic,organic_direct,41.47,2.07,39.4,USD
1600,6452,2025-06-22,organic,organic_direct,198.19,9.91,188.28,USD
1601,146,2025-06-22,paid_search,retargeting_search,204.4,30.66,173.74,USD
1602,609,2025-06-22,paid_social,tiktok_awareness,104.99,5.25,99.74,USD
1603,1359,2025-06-22,email,newsletter_weekly,190.33,0.0,190.33,USD
1604,4686,2025-06-22,email,winback,109.84,10.98,98.86,USD
1605,4928,2025-06-22,email,winback,97.69,0.0,97.69,USD
1606,1965,2025-06-22,paid_search,retargeting_search,41.8,4.18,37.62,USD
1607,1896,2025-06-22,paid_search,generic_shoes,180.2,18.02,162.18,USD
1608,5122,2025-06-22,email,winback,199.51,0.0,199.51,USD
1609,2379,2025-06-22,email,newsletter_weekly,18.09,0.0,18.09,USD
1610,649,2025-06-22,email,cart_abandon,32.76,4.91,27.85,USD
1611,3082,2025-06-22,email,winback,214.97,32.25,182.72,USD
1612,4494,2025-06-22,paid_search,generic_shoes,154.94,0.0,154.94,USD
1613,5192,2025-06-22,paid_search,brand_search_q4,69.28,0.0,69.28,USD
1614,4376,2025-06-22,organic,organic_direct,226.28,33.94,192.34,USD
1615,4957,2025-06-22,organic,organic_direct,121.62,6.08,115.54,USD
1616,4234,2025-06-22,paid_social,tiktok_awareness,239.47,0.0,239.47,USD
1617,5119,2025-06-22,organic,organic_direct,143.12,7.16,135.96,USD
1618,6018,2025-06-22,paid_social,meta_prospecting,123.2,0.0,123.2,USD
1619,6307,2025-06-23,paid_search,retargeting_search,182.22,27.33,154.89,USD
1620,5430,2025-06-23,email,winback,150.85,0.0,150.85,USD
1621,4763,2025-06-23,organic,organic_direct,197.91,19.79,178.12,USD
1622,1146,2025-06-23,email,cart_abandon,227.72,0.0,227.72,USD
1623,470,2025-06-23,organic,organic_direct,170.02,0.0,170.02,USD
1624,6331,2025-06-23,email,newsletter_weekly,174.09,0.0,174.09,USD
1625,1829,2025-06-23,paid_social,meta_retarget,240.34,12.02,228.32,USD
1626,751,2025-06-23,paid_search,generic_shoes,79.44,0.0,79.44,USD
1627,3793,2025-06-23,paid_search,brand_search_q4,160.36,0.0,160.36,USD
1628,4269,2025-06-23,paid_social,meta_prospecting,221.04,0.0,221.04,USD
1629,2016,2025-06-23,paid_search,generic_shoes,228.25,0.0,228.25,USD
1630,6779,2025-06-23,paid_social,tiktok_awareness,111.48,16.72,94.76,USD
1631,3566,2025-06-23,organic,organic_direct,262.27,0.0,262.27,USD
1632,3939,2025-06-23,organic,organic_direct,168.27,0.0,168.27,USD
1633,7840,2025-06-23,organic,organic_direct,150.63,15.06,135.57,USD
1634,383,2025-06-23,paid_search,retargeting_search,258.3,0.0,258.3,USD
1635,7766,2025-06-23,paid_search,retargeting_search,206.74,20.67,186.07,USD
1636,927,2025-06-23,paid_search,generic_shoes,202.51,0.0,202.51,USD
1637,2627,2025-06-23,paid_search,retargeting_search,135.49,20.32,115.17,USD
1638,6624,2025-06-23,paid_social,meta_retarget,268.46,40.27,228.19,USD
1639,176,2025-06-23,paid_search,retargeting_search,161.3,0.0,161.3,USD
1640,6967,2025-06-23,email,cart_abandon,235.08,35.26,199.82,USD
1641,7002,2025-06-23,paid_search,retargeting_search,132.89,6.64,126.25,USD
1642,3220,2025-06-23,affiliate,partner_blog,197.0,29.55,167.45,USD
1643,1153,2025-06-23,paid_social,tiktok_awareness,204.56,10.23,194.33,USD
1644,6172,2025-06-23,paid_search,brand_search_q4,89.2,0.0,89.2,USD
1645,3729,2025-06-23,organic,organic_direct,61.29,6.13,55.16,USD
1646,3834,2025-06-23,paid_search,generic_shoes,205.47,0.0,205.47,USD
1647,5714,2025-06-23,organic,organic_direct,99.64,0.0,99.64,USD
1648,3930,2025-06-23,paid_social,meta_prospecting,108.48,0.0,108.48,USD
1649,2740,2025-06-23,organic,organic_direct,45.06,2.25,42.81,USD
1650,3651,2025-06-23,affiliate,partner_blog,143.39,0.0,143.39,USD
1651,7662,2025-06-23,email,newsletter_weekly,125.62,0.0,125.62,USD
1652,5252,2025-06-23,paid_social,meta_retarget,47.74,0.0,47.74,USD
1653,6594,2025-06-23,paid_social,tiktok_awareness,241.34,12.07,229.27,USD
1654,4744,2025-06-23,organic,organic_direct,183.96,0.0,183.96,USD
1655,4547,2025-06-23,organic,organic_direct,54.32,8.15,46.17,USD
1656,6756,2025-06-23,paid_search,brand_search_q4,249.47,24.95,224.52,USD
1657,6156,2025-06-23,paid_search,retargeting_search,47.87,0.0,47.87,USD
1658,780,2025-06-23,paid_search,generic_shoes,50.83,7.62,43.21,USD
1659,6676,2025-06-23,paid_social,meta_retarget,166.38,0.0,166.38,USD
1660,6649,2025-06-23,paid_search,brand_search_q4,185.51,9.28,176.23,USD
1661,6082,2025-06-23,paid_search,brand_search_q4,233.96,11.7,222.26,USD
1662,3012,2025-06-23,paid_search,brand_search_q4,271.75,27.18,244.57,USD
1663,2688,2025-06-23,email,winback,115.15,0.0,115.15,USD
1664,2928,2025-06-23,organic,organic_direct,268.03,26.8,241.23,USD
1665,238,2025-06-23,paid_search,retargeting_search,54.74,0.0,54.74,USD
1666,4910,2025-06-23,affiliate,partner_blog,200.25,0.0,200.25,USD
1667,6413,2025-06-23,paid_social,meta_retarget,18.06,1.81,16.25,USD
1668,6057,2025-06-23,organic,organic_direct,119.38,0.0,119.38,USD
1669,2978,2025-06-23,organic,organic_direct,46.21,0.0,46.21,USD
1670,1140,2025-06-23,email,winback,82.61,0.0,82.61,USD
1671,2335,2025-06-23,organic,organic_direct,159.13,23.87,135.26,USD
1672,559,2025-06-23,paid_social,tiktok_awareness,52.92,7.94,44.98,USD
1673,6978,2025-06-23,organic,organic_direct,238.85,0.0,238.85,USD
1674,4815,2025-06-23,paid_search,retargeting_search,176.7,0.0,176.7,USD
1675,3853,2025-06-23,paid_search,generic_shoes,130.9,0.0,130.9,USD
1676,5091,2025-06-23,paid_social,meta_retarget,98.9,9.89,89.01,USD
1677,2954,2025-06-23,organic,organic_direct,22.16,0.0,22.16,USD
1678,1226,2025-06-23,paid_search,retargeting_search,199.86,0.0,199.86,USD
1679,4204,2025-06-23,email,winback,133.98,0.0,133.98,USD
1680,2471,2025-06-23,affiliate,partner_blog,127.15,0.0,127.15,USD
1681,2303,2025-06-23,paid_social,tiktok_awareness,191.13,9.56,181.57,USD
1682,7018,2025-06-23,organic,organic_direct,186.05,27.91,158.14,USD
1683,809,2025-06-23,paid_social,meta_retarget,54.54,0.0,54.54,USD
1684,6733,2025-06-23,email,cart_abandon,204.58,0.0,204.58,USD
1685,606,2025-06-23,paid_search,generic_shoes,226.4,0.0,226.4,USD
1686,4439,2025-06-23,paid_social,meta_retarget,262.34,0.0,262.34,USD
1687,7364,2025-06-23,email,newsletter_weekly,42.26,4.23,38.03,USD
1688,5977,2025-06-23,organic,organic_direct,193.84,0.0,193.84,USD
1689,3703,2025-06-23,organic,organic_direct,185.43,9.27,176.16,USD
1690,926,2025-06-23,paid_social,meta_retarget,51.69,0.0,51.69,USD
1691,2086,2025-06-23,organic,organic_direct,65.25,9.79,55.46,USD
1692,6785,2025-06-23,organic,organic_direct,224.84,33.73,191.11,USD
1693,4678,2025-06-23,organic,organic_direct,159.54,7.98,151.56,USD
1694,5233,2025-06-23,paid_search,retargeting_search,79.32,0.0,79.32,USD
1695,4913,2025-06-24,affiliate,partner_blog,170.86,8.54,162.32,USD
1696,463,2025-06-24,affiliate,coupon_site,81.31,4.07,77.24,USD
1697,1404,2025-06-24,organic,organic_direct,141.08,0.0,141.08,USD
1698,1504,2025-06-24,paid_social,meta_prospecting,241.7,36.25,205.45,USD
1699,1860,2025-06-24,email,cart_abandon,176.76,0.0,176.76,USD
1700,2438,2025-06-24,paid_social,meta_retarget,223.36,0.0,223.36,USD
1701,2989,2025-06-24,affiliate,partner_blog,83.68,8.37,75.31,USD
1702,1108,2025-06-24,paid_search,brand_search_q4,154.96,15.5,139.46,USD
1703,4350,2025-06-24,affiliate,partner_blog,166.73,8.34,158.39,USD
1704,7756,2025-06-24,paid_social,meta_prospecting,35.0,3.5,31.5,USD
1705,5003,2025-06-24,affiliate,partner_blog,153.52,0.0,153.52,USD
1706,2629,2025-06-24,organic,organic_direct,59.89,0.0,59.89,USD
1707,3383,2025-06-24,email,cart_abandon,98.1,0.0,98.1,USD
1708,1414,2025-06-24,paid_social,meta_retarget,18.51,0.0,18.51,USD
1709,441,2025-06-24,paid_search,retargeting_search,169.37,25.41,143.96,USD
1710,1599,2025-06-24,paid_search,generic_shoes,94.16,0.0,94.16,USD
1711,4128,2025-06-24,email,cart_abandon,265.61,0.0,265.61,USD
1712,4762,2025-06-24,affiliate,coupon_site,66.27,6.63,59.64,USD
1713,2729,2025-06-24,paid_social,meta_retarget,117.09,5.85,111.24,USD
1714,4008,2025-06-24,paid_search,retargeting_search,169.64,8.48,161.16,USD
1715,7208,2025-06-24,organic,organic_direct,234.1,11.71,222.39,USD
1716,6731,2025-06-24,paid_search,retargeting_search,26.96,2.7,24.26,USD
1717,5286,2025-06-24,organic,organic_direct,126.32,12.63,113.69,USD
1718,2106,2025-06-24,organic,organic_direct,179.68,8.98,170.7,USD
1719,4067,2025-06-24,paid_social,meta_prospecting,44.25,0.0,44.25,USD
1720,6693,2025-06-24,paid_search,retargeting_search,119.06,0.0,119.06,USD
1721,1035,2025-06-24,affiliate,partner_blog,42.19,6.33,35.86,USD
1722,3789,2025-06-24,organic,organic_direct,177.6,26.64,150.96,USD
1723,3889,2025-06-24,organic,organic_direct,110.51,11.05,99.46,USD
1724,211,2025-06-24,paid_search,retargeting_search,212.37,0.0,212.37,USD
1725,3955,2025-06-24,affiliate,partner_blog,84.67,0.0,84.67,USD
1726,2657,2025-06-24,email,winback,228.04,11.4,216.64,USD
1727,2811,2025-06-24,organic,organic_direct,150.64,0.0,150.64,USD
1728,230,2025-06-24,paid_social,meta_prospecting,179.17,0.0,179.17,USD
1729,7264,2025-06-24,paid_social,tiktok_awareness,66.98,0.0,66.98,USD
1730,7281,2025-06-24,paid_social,tiktok_awareness,143.53,0.0,143.53,USD
1731,6450,2025-06-24,organic,organic_direct,228.32,0.0,228.32,USD
1732,7860,2025-06-24,paid_social,meta_retarget,255.27,25.53,229.74,USD
1733,7174,2025-06-24,paid_search,brand_search_q4,228.09,0.0,228.09,USD
1734,5793,2025-06-24,organic,organic_direct,226.54,22.65,203.89,USD
1735,5165,2025-06-24,affiliate,coupon_site,43.92,0.0,43.92,USD
1736,520,2025-06-24,affiliate,coupon_site,20.31,1.02,19.29,USD
1737,4828,2025-06-24,paid_search,retargeting_search,153.66,15.37,138.29,USD
1738,5360,2025-06-24,paid_social,meta_prospecting,33.94,0.0,33.94,USD
1739,6328,2025-06-24,email,winback,263.31,39.5,223.81,USD
1740,4171,2025-06-24,paid_social,meta_retarget,204.25,10.21,194.04,USD
1741,708,2025-06-24,paid_social,meta_prospecting,178.32,0.0,178.32,USD
1742,4584,2025-06-24,paid_social,tiktok_awareness,177.39,8.87,168.52,USD
1743,1335,2025-06-24,organic,organic_direct,192.77,0.0,192.77,USD
1744,2386,2025-06-24,paid_search,retargeting_search,31.84,4.78,27.06,USD
1745,5108,2025-06-24,email,newsletter_weekly,227.95,22.8,205.15,USD
1746,6192,2025-06-24,paid_search,retargeting_search,64.23,0.0,64.23,USD
1747,3275,2025-06-24,paid_search,brand_search_q4,35.85,5.38,30.47,USD
1748,1347,2025-06-24,organic,organic_direct,264.12,0.0,264.12,USD
1749,4810,2025-06-24,paid_search,generic_shoes,45.59,2.28,43.31,USD
1750,952,2025-06-24,paid_search,brand_search_q4,83.13,0.0,83.13,USD
1751,7379,2025-06-24,email,winback,235.72,35.36,200.36,USD
1752,4483,2025-06-24,paid_search,generic_shoes,77.4,0.0,77.4,USD
1753,5999,2025-06-24,paid_social,meta_prospecting,141.32,7.07,134.25,USD
1754,2886,2025-06-24,paid_search,retargeting_search,31.57,0.0,31.57,USD
1755,5791,2025-06-24,paid_search,retargeting_search,23.34,3.5,19.84,USD
1756,5448,2025-06-24,affiliate,partner_blog,86.73,13.01,73.72,USD
1757,4941,2025-06-24,organic,organic_direct,161.09,0.0,161.09,USD
1758,1490,2025-06-24,paid_search,generic_shoes,222.12,11.11,211.01,USD
1759,6895,2025-06-24,organic,organic_direct,89.63,0.0,89.63,USD
1760,7011,2025-06-24,organic,organic_direct,203.56,0.0,203.56,USD
1761,5357,2025-06-24,email,newsletter_weekly,265.01,26.5,238.51,USD
1762,4774,2025-06-24,paid_search,retargeting_search,117.59,0.0,117.59,USD
1763,1096,2025-06-25,organic,organic_direct,110.77,5.54,105.23,USD
1764,7061,2025-06-25,paid_social,tiktok_awareness,145.02,14.5,130.52,USD
1765,6757,2025-06-25,organic,organic_direct,180.62,9.03,171.59,USD
1766,4838,2025-06-25,paid_search,brand_search_q4,178.39,26.76,151.63,USD
1767,5535,2025-06-25,paid_social,meta_prospecting,42.44,0.0,42.44,USD
1768,4831,2025-06-25,organic,organic_direct,26.05,1.3,24.75,USD
1769,1822,2025-06-25,organic,organic_direct,125.07,12.51,112.56,USD
1770,6628,2025-06-25,organic,organic_direct,150.87,0.0,150.87,USD
1771,7132,2025-06-25,paid_search,generic_shoes,162.76,24.41,138.35,USD
1772,169,2025-06-25,organic,organic_direct,210.12,0.0,210.12,USD
1773,3494,2025-06-25,paid_social,tiktok_awareness,55.69,8.35,47.34,USD
1774,4015,2025-06-25,paid_social,meta_prospecting,44.56,0.0,44.56,USD
1775,6544,2025-06-25,paid_social,meta_prospecting,74.71,0.0,74.71,USD
1776,5280,2025-06-25,affiliate,coupon_site,264.31,0.0,264.31,USD
1777,3395,2025-06-25,affiliate,partner_blog,243.87,12.19,231.68,USD
1778,1058,2025-06-25,paid_social,meta_retarget,103.74,10.37,93.37,USD
1779,380,2025-06-25,organic,organic_direct,264.73,13.24,251.49,USD
1780,4207,2025-06-25,organic,organic_direct,66.26,0.0,66.26,USD
1781,2568,2025-06-25,paid_social,meta_retarget,144.72,0.0,144.72,USD
1782,5774,2025-06-25,organic,organic_direct,175.32,17.53,157.79,USD
1783,4479,2025-06-25,paid_search,brand_search_q4,217.08,0.0,217.08,USD
1784,4140,2025-06-25,organic,organic_direct,60.69,0.0,60.69,USD
1785,7126,2025-06-25,paid_search,generic_shoes,68.28,10.24,58.04,USD
1786,689,2025-06-25,organic,organic_direct,59.09,0.0,59.09,USD
1787,169,2025-06-25,paid_search,generic_shoes,230.86,23.09,207.77,USD
1788,3925,2025-06-25,paid_social,tiktok_awareness,154.91,7.75,147.16,USD
1789,7341,2025-06-25,organic,organic_direct,287.41,0.0,287.41,USD
1790,3542,2025-06-25,paid_social,meta_retarget,258.16,38.72,219.44,USD
1791,3654,2025-06-25,paid_search,brand_search_q4,172.16,17.22,154.94,USD
1792,2501,2025-06-25,paid_social,meta_retarget,67.29,0.0,67.29,USD
1793,6543,2025-06-25,paid_social,tiktok_awareness,206.98,0.0,206.98,USD
1794,6173,2025-06-25,email,newsletter_weekly,57.32,2.87,54.45,USD
1795,7705,2025-06-25,organic,organic_direct,140.13,21.02,119.11,USD
1796,1711,2025-06-25,organic,organic_direct,254.39,0.0,254.39,USD
1797,4044,2025-06-25,affiliate,coupon_site,16.33,1.63,14.7,USD
1798,2088,2025-06-25,paid_search,brand_search_q4,69.55,0.0,69.55,USD
1799,801,2025-06-25,paid_search,generic_shoes,24.94,3.74,21.2,USD
1800,2658,2025-06-25,affiliate,partner_blog,265.74,0.0,265.74,USD
1801,1890,2025-06-25,paid_social,tiktok_awareness,163.45,0.0,163.45,USD
1802,4543,2025-06-25,paid_search,generic_shoes,227.06,0.0,227.06,USD
1803,7621,2025-06-25,paid_search,retargeting_search,212.78,31.92,180.86,USD
1804,5564,2025-06-25,organic,organic_direct,198.57,9.93,188.64,USD
1805,4986,2025-06-25,organic,organic_direct,227.1,34.06,193.04,USD
1806,2814,2025-06-25,organic,organic_direct,293.85,14.69,279.16,USD
1807,2944,2025-06-25,paid_search,generic_shoes,182.11,9.11,173.0,USD
1808,7613,2025-06-25,paid_search,retargeting_search,223.23,11.16,212.07,USD
1809,1903,2025-06-25,email,cart_abandon,134.33,0.0,134.33,USD
1810,6469,2025-06-25,email,newsletter_weekly,181.91,0.0,181.91,USD
1811,4172,2025-06-25,email,newsletter_weekly,133.71,0.0,133.71,USD
1812,1265,2025-06-25,organic,organic_direct,256.03,12.8,243.23,USD
1813,2721,2025-06-25,organic,organic_direct,134.92,0.0,134.92,USD
1814,7560,2025-06-25,paid_social,tiktok_awareness,175.38,0.0,175.38,USD
1815,1300,2025-06-25,affiliate,partner_blog,78.74,0.0,78.74,USD
1816,3900,2025-06-25,email,winback,131.28,19.69,111.59,USD
1817,3585,2025-06-25,paid_social,meta_retarget,56.84,0.0,56.84,USD
1818,4211,2025-06-25,organic,organic_direct,100.44,15.07,85.37,USD
1819,7311,2025-06-25,organic,organic_direct,203.43,0.0,203.43,USD
1820,1770,2025-06-25,affiliate,partner_blog,253.8,0.0,253.8,USD
1821,1974,2025-06-25,affiliate,partner_blog,151.62,0.0,151.62,USD
1822,2192,2025-06-25,organic,organic_direct,32.97,0.0,32.97,USD
1823,1353,2025-06-25,organic,organic_direct,103.76,15.56,88.2,USD
1824,6149,2025-06-25,paid_social,meta_prospecting,133.68,6.68,127.0,USD
1825,937,2025-06-25,organic,organic_direct,169.19,0.0,169.19,USD
1826,4408,2025-06-25,organic,organic_direct,258.84,12.94,245.9,USD
1827,7286,2025-06-25,organic,organic_direct,294.93,29.49,265.44,USD
1828,1729,2025-06-25,email,cart_abandon,164.67,0.0,164.67,USD
1829,867,2025-06-25,paid_search,brand_search_q4,34.06,0.0,34.06,USD
1830,6488,2025-06-25,paid_social,meta_retarget,138.14,0.0,138.14,USD
1831,5936,2025-06-25,organic,organic_direct,245.73,0.0,245.73,USD
1832,7673,2025-06-25,organic,organic_direct,210.27,0.0,210.27,USD
1833,479,2025-06-25,email,newsletter_weekly,106.44,0.0,106.44,USD
1834,932,2025-06-25,organic,organic_direct,89.41,4.47,84.94,USD
1835,4544,2025-06-25,organic,organic_direct,87.68,0.0,87.68,USD
1836,6579,2025-06-25,paid_social,meta_retarget,40.01,6.0,34.01,USD
1837,6543,2025-06-25,affiliate,partner_blog,108.98,5.45,103.53,USD
1838,1990,2025-06-25,organic,organic_direct,256.55,0.0,256.55,USD
1839,611,2025-06-25,email,newsletter_weekly,47.9,0.0,47.9,USD
1840,6027,2025-06-25,organic,organic_direct,216.52,0.0,216.52,USD
1841,5903,2025-06-25,paid_social,meta_prospecting,243.39,36.51,206.88,USD
1842,2981,2025-06-25,paid_search,brand_search_q4,257.11,0.0,257.11,USD
1843,6448,2025-06-25,organic,organic_direct,160.57,0.0,160.57,USD
1844,5077,2025-06-25,email,cart_abandon,174.36,0.0,174.36,USD
1845,3518,2025-06-26,paid_social,meta_retarget,122.36,18.35,104.01,USD
1846,2999,2025-06-26,organic,organic_direct,158.42,0.0,158.42,USD
1847,5584,2025-06-26,affiliate,partner_blog,92.83,0.0,92.83,USD
1848,1175,2025-06-26,affiliate,partner_blog,247.89,0.0,247.89,USD
1849,560,2025-06-26,paid_social,meta_retarget,254.01,38.1,215.91,USD
1850,3321,2025-06-26,paid_search,generic_shoes,50.38,7.56,42.82,USD
1851,7914,2025-06-26,email,newsletter_weekly,159.81,0.0,159.81,USD
1852,4001,2025-06-26,paid_social,meta_prospecting,76.61,0.0,76.61,USD
1853,4147,2025-06-26,paid_social,meta_retarget,48.01,0.0,48.01,USD
1854,2869,2025-06-26,affiliate,partner_blog,262.93,39.44,223.49,USD
1855,5185,2025-06-26,affiliate,partner_blog,172.53,8.63,163.9,USD
1856,2576,2025-06-26,email,winback,115.49,11.55,103.94,USD
1857,3605,2025-06-26,paid_search,brand_search_q4,207.73,20.77,186.96,USD
1858,5794,2025-06-26,organic,organic_direct,98.97,4.95,94.02,USD
1859,7952,2025-06-26,organic,organic_direct,181.7,0.0,181.7,USD
1860,6999,2025-06-26,paid_social,tiktok_awareness,268.29,0.0,268.29,USD
1861,5835,2025-06-26,paid_social,meta_retarget,110.18,5.51,104.67,USD
1862,6725,2025-06-26,organic,organic_direct,182.37,18.24,164.13,USD
1863,745,2025-06-26,paid_search,retargeting_search,20.05,0.0,20.05,USD
1864,2208,2025-06-26,paid_social,tiktok_awareness,59.72,5.97,53.75,USD
1865,6399,2025-06-26,paid_social,meta_prospecting,52.08,7.81,44.27,USD
1866,7495,2025-06-26,affiliate,partner_blog,96.07,0.0,96.07,USD
1867,366,2025-06-26,organic,organic_direct,248.77,0.0,248.77,USD
1868,3804,2025-06-26,paid_search,generic_shoes,104.69,15.7,88.99,USD
1869,1023,2025-06-26,organic,organic_direct,127.67,0.0,127.67,USD
1870,6559,2025-06-26,paid_social,meta_prospecting,175.36,26.3,149.06,USD
1871,4870,2025-06-26,organic,organic_direct,102.61,0.0,102.61,USD
1872,483,2025-06-26,organic,organic_direct,171.81,0.0,171.81,USD
1873,5334,2025-06-26,affiliate,partner_blog,219.08,21.91,197.17,USD
1874,3528,2025-06-26,paid_social,meta_retarget,210.63,0.0,210.63,USD
1875,2779,2025-06-26,paid_social,meta_prospecting,67.45,6.75,60.7,USD
1876,6957,2025-06-26,organic,organic_direct,221.65,33.25,188.4,USD
1877,2713,2025-06-26,organic,organic_direct,179.56,8.98,170.58,USD
1878,2107,2025-06-26,organic,organic_direct,130.87,0.0,130.87,USD
1879,6973,2025-06-26,paid_social,meta_prospecting,268.08,0.0,268.08,USD
1880,4716,2025-06-26,email,cart_abandon,22.4,1.12,21.28,USD
1881,6243,2025-06-26,organic,organic_direct,262.36,39.35,223.01,USD
1882,5601,2025-06-26,paid_social,meta_retarget,90.03,0.0,90.03,USD
1883,6826,2025-06-26,organic,organic_direct,57.21,0.0,57.21,USD
1884,571,2025-06-26,organic,organic_direct,207.68,31.15,176.53,USD
1885,2252,2025-06-26,organic,organic_direct,289.04,43.36,245.68,USD
1886,2759,2025-06-26,affiliate,coupon_site,177.58,26.64,150.94,USD
1887,5833,2025-06-26,affiliate,coupon_site,31.85,1.59,30.26,USD
1888,6615,2025-06-26,paid_social,meta_prospecting,63.06,6.31,56.75,USD
1889,788,2025-06-26,organic,organic_direct,134.41,6.72,127.69,USD
1890,35,2025-06-26,paid_search,generic_shoes,288.01,0.0,288.01,USD
1891,4369,2025-06-26,organic,organic_direct,47.61,4.76,42.85,USD
1892,6693,2025-06-26,paid_social,meta_prospecting,51.67,0.0,51.67,USD
1893,7626,2025-06-26,paid_social,tiktok_awareness,140.46,0.0,140.46,USD
1894,1614,2025-06-26,email,winback,230.74,0.0,230.74,USD
1895,1577,2025-06-26,paid_social,tiktok_awareness,206.59,0.0,206.59,USD
1896,6728,2025-06-26,organic,organic_direct,258.01,25.8,232.21,USD
1897,6195,2025-06-26,paid_social,tiktok_awareness,103.33,5.17,98.16,USD
1898,3565,2025-06-26,paid_search,brand_search_q4,53.02,0.0,53.02,USD
1899,726,2025-06-26,paid_social,tiktok_awareness,185.09,27.76,157.33,USD
1900,2909,2025-06-26,paid_search,brand_search_q4,243.38,0.0,243.38,USD
1901,3946,2025-06-26,organic,organic_direct,237.64,0.0,237.64,USD
1902,2990,2025-06-26,affiliate,coupon_site,52.02,0.0,52.02,USD
1903,4937,2025-06-26,paid_search,generic_shoes,221.02,33.15,187.87,USD
1904,6477,2025-06-26,paid_search,generic_shoes,184.35,27.65,156.7,USD
1905,4152,2025-06-26,paid_search,retargeting_search,226.02,0.0,226.02,USD
1906,733,2025-06-26,paid_search,retargeting_search,205.66,0.0,205.66,USD
1907,2379,2025-06-26,paid_search,retargeting_search,28.36,1.42,26.94,USD
1908,1481,2025-06-26,paid_search,retargeting_search,242.19,0.0,242.19,USD
1909,473,2025-06-26,affiliate,coupon_site,74.74,3.74,71.0,USD
1910,970,2025-06-26,organic,organic_direct,215.77,0.0,215.77,USD
1911,2724,2025-06-26,affiliate,coupon_site,125.2,0.0,125.2,USD
1912,6372,2025-06-26,organic,organic_direct,228.89,0.0,228.89,USD
1913,6016,2025-06-26,organic,organic_direct,97.9,0.0,97.9,USD
1914,4220,2025-06-26,organic,organic_direct,214.37,10.72,203.65,USD
1915,6360,2025-06-26,organic,organic_direct,237.57,0.0,237.57,USD
1916,3364,2025-06-26,paid_search,generic_shoes,59.16,2.96,56.2,USD
1917,5095,2025-06-26,email,cart_abandon,256.02,25.6,230.42,USD
1918,4069,2025-06-26,paid_social,meta_retarget,49.31,0.0,49.31,USD
1919,5008,2025-06-26,organic,organic_direct,185.48,18.55,166.93,USD
1920,541,2025-06-26,paid_social,tiktok_awareness,62.26,0.0,62.26,USD
1921,5391,2025-06-26,email,cart_abandon,218.52,10.93,207.59,USD
1922,7584,2025-06-26,organic,organic_direct,163.57,0.0,163.57,USD
1923,3095,2025-06-26,paid_search,generic_shoes,163.36,0.0,163.36,USD
1924,4893,2025-06-26,paid_search,brand_search_q4,37.38,3.74,33.64,USD
1925,5314,2025-06-26,paid_search,retargeting_search,219.79,10.99,208.8,USD
1926,7280,2025-06-26,organic,organic_direct,129.45,0.0,129.45,USD
1927,3621,2025-06-26,paid_search,brand_search_q4,233.15,0.0,233.15,USD
1928,2927,2025-06-26,paid_search,brand_search_q4,181.73,0.0,181.73,USD
1929,4701,2025-06-26,organic,organic_direct,44.78,6.72,38.06,USD
1930,7107,2025-06-26,paid_social,meta_retarget,104.05,10.41,93.64,USD
1931,4089,2025-06-26,paid_social,tiktok_awareness,106.75,0.0,106.75,USD
1932,1560,2025-06-26,paid_social,meta_prospecting,130.4,0.0,130.4,USD
1933,4192,2025-06-26,organic,organic_direct,73.14,3.66,69.48,USD
1934,362,2025-06-26,email,cart_abandon,79.33,0.0,79.33,USD
1935,3798,2025-06-26,paid_social,tiktok_awareness,30.23,0.0,30.23,USD
1936,2132,2025-06-26,organic,organic_direct,65.09,9.76,55.33,USD
1937,6224,2025-06-26,paid_social,meta_prospecting,22.53,0.0,22.53,USD
1938,3647,2025-06-26,email,newsletter_weekly,176.19,17.62,158.57,USD
1939,6623,2025-06-26,paid_social,tiktok_awareness,88.92,8.89,80.03,USD
1940,619,2025-06-26,email,winback,175.76,0.0,175.76,USD
1941,150,2025-06-26,paid_search,retargeting_search,188.76,0.0,188.76,USD
1942,3834,2025-06-26,email,winback,213.76,0.0,213.76,USD
1943,4688,2025-06-26,affiliate,coupon_site,64.24,9.64,54.6,USD
1944,6433,2025-06-26,email,winback,48.75,7.31,41.44,USD
1945,4010,2025-06-26,paid_search,brand_search_q4,177.69,0.0,177.69,USD
1946,3126,2025-06-26,paid_social,meta_prospecting,274.72,41.21,233.51,USD
1947,5581,2025-06-26,organic,organic_direct,133.47,6.67,126.8,USD
1948,3243,2025-06-26,paid_search,generic_shoes,266.89,0.0,266.89,USD
1949,4072,2025-06-27,email,winback,129.18,12.92,116.26,USD
1950,2052,2025-06-27,paid_search,generic_shoes,63.85,0.0,63.85,USD
1951,1933,2025-06-27,paid_social,tiktok_awareness,39.0,1.95,37.05,USD
1952,6831,2025-06-27,organic,organic_direct,213.61,21.36,192.25,USD
1953,4811,2025-06-27,organic,organic_direct,104.87,15.73,89.14,USD
1954,4291,2025-06-27,organic,organic_direct,199.36,0.0,199.36,USD
1955,1830,2025-06-27,organic,organic_direct,229.14,11.46,217.68,USD
1956,7490,2025-06-27,organic,organic_direct,42.06,0.0,42.06,USD
1957,283,2025-06-27,organic,organic_direct,25.74,2.57,23.17,USD
1958,6136,2025-06-27,email,newsletter_weekly,232.7,34.9,197.8,USD
1959,6108,2025-06-27,email,newsletter_weekly,242.53,0.0,242.53,USD
1960,3191,2025-06-27,paid_social,meta_prospecting,55.08,0.0,55.08,USD
1961,3022,2025-06-27,organic,organic_direct,131.64,13.16,118.48,USD
1962,6780,2025-06-27,paid_search,brand_search_q4,77.43,7.74,69.69,USD
1963,5693,2025-06-27,paid_search,brand_search_q4,207.21,0.0,207.21,USD
1964,6008,2025-06-27,affiliate,coupon_site,23.85,1.19,22.66,USD
1965,45,2025-06-27,paid_search,generic_shoes,73.02,0.0,73.02,USD
1966,3351,2025-06-27,email,winback,25.89,1.29,24.6,USD
1967,7479,2025-06-27,email,winback,189.78,0.0,189.78,USD
1968,1096,2025-06-27,paid_social,meta_prospecting,263.52,26.35,237.17,USD
1969,1656,2025-06-27,organic,organic_direct,110.55,16.58,93.97,USD
1970,972,2025-06-27,paid_social,meta_prospecting,85.27,0.0,85.27,USD
1971,1195,2025-06-27,paid_social,meta_prospecting,89.52,0.0,89.52,USD
1972,4697,2025-06-27,paid_social,meta_prospecting,37.8,0.0,37.8,USD
1973,1056,2025-06-27,paid_social,tiktok_awareness,22.69,1.13,21.56,USD
1974,2116,2025-06-27,paid_social,tiktok_awareness,149.52,0.0,149.52,USD
1975,2241,2025-06-27,email,winback,22.69,3.4,19.29,USD
1976,2438,2025-06-27,paid_search,retargeting_search,175.15,8.76,166.39,USD
1977,1062,2025-06-27,organic,organic_direct,267.84,40.18,227.66,USD
1978,6819,2025-06-27,paid_search,retargeting_search,202.41,0.0,202.41,USD
1979,7725,2025-06-27,email,winback,287.34,14.37,272.97,USD
1980,5605,2025-06-27,paid_social,tiktok_awareness,125.81,0.0,125.81,USD
1981,3330,2025-06-27,paid_search,retargeting_search,36.95,0.0,36.95,USD
1982,453,2025-06-27,organic,organic_direct,52.46,0.0,52.46,USD
1983,280,2025-06-27,email,cart_abandon,61.93,0.0,61.93,USD
1984,5311,2025-06-27,organic,organic_direct,115.95,0.0,115.95,USD
1985,7365,2025-06-27,email,cart_abandon,82.1,0.0,82.1,USD
1986,3474,2025-06-27,email,cart_abandon,196.22,0.0,196.22,USD
1987,2351,2025-06-27,paid_social,meta_retarget,171.72,8.59,163.13,USD
1988,7440,2025-06-27,affiliate,coupon_site,260.0,39.0,221.0,USD
1989,6829,2025-06-27,organic,organic_direct,131.71,0.0,131.71,USD
1990,6645,2025-06-27,paid_social,meta_retarget,181.6,9.08,172.52,USD
1991,2792,2025-06-27,organic,organic_direct,77.81,7.78,70.03,USD
1992,2268,2025-06-27,paid_search,retargeting_search,138.62,0.0,138.62,USD
1993,3406,2025-06-27,affiliate,coupon_site,164.51,16.45,148.06,USD
1994,5659,2025-06-27,organic,organic_direct,64.15,6.42,57.73,USD
1995,4352,2025-06-27,paid_social,tiktok_awareness,251.65,37.75,213.9,USD
1996,6445,2025-06-27,organic,organic_direct,117.73,17.66,100.07,USD
1997,3893,2025-06-27,email,newsletter_weekly,117.86,0.0,117.86,USD
1998,3488,2025-06-27,paid_search,generic_shoes,230.04,11.5,218.54,USD
1999,1717,2025-06-27,paid_social,tiktok_awareness,240.22,0.0,240.22,USD
2000,6413,2025-06-27,paid_social,tiktok_awareness,33.88,5.08,28.8,USD
2001,238,2025-06-27,organic,organic_direct,37.46,5.62,31.84,USD
2002,2306,2025-06-27,paid_social,meta_prospecting,67.17,0.0,67.17,USD
2003,6504,2025-06-27,affiliate,partner_blog,206.29,30.94,175.35,USD
2004,7849,2025-06-27,paid_social,tiktok_awareness,173.13,0.0,173.13,USD
2005,5003,2025-06-27,email,winback,201.02,0.0,201.02,USD
2006,640,2025-06-27,paid_search,retargeting_search,110.08,11.01,99.07,USD
2007,860,2025-06-27,paid_social,meta_prospecting,124.07,0.0,124.07,USD
2008,5605,2025-06-27,paid_social,meta_prospecting,138.04,20.71,117.33,USD
2009,6329,2025-06-27,organic,organic_direct,218.25,0.0,218.25,USD
2010,1850,2025-06-27,email,cart_abandon,104.43,0.0,104.43,USD
2011,336,2025-06-27,paid_social,tiktok_awareness,42.19,0.0,42.19,USD
2012,4674,2025-06-27,paid_social,tiktok_awareness,233.88,0.0,233.88,USD
2013,5212,2025-06-27,paid_search,retargeting_search,81.36,0.0,81.36,USD
2014,5202,2025-06-27,email,newsletter_weekly,96.99,9.7,87.29,USD
2015,2752,2025-06-27,organic,organic_direct,104.52,0.0,104.52,USD
2016,3124,2025-06-27,organic,organic_direct,286.69,14.33,272.36,USD
2017,6289,2025-06-27,paid_search,generic_shoes,188.88,0.0,188.88,USD
2018,4571,2025-06-27,email,winback,77.45,11.62,65.83,USD
2019,3676,2025-06-27,paid_search,generic_shoes,215.1,0.0,215.1,USD
2020,3363,2025-06-27,organic,organic_direct,161.5,0.0,161.5,USD
2021,7756,2025-06-27,affiliate,partner_blog,167.81,0.0,167.81,USD
2022,70,2025-06-27,organic,organic_direct,63.03,6.3,56.73,USD
2023,6483,2025-06-27,paid_search,brand_search_q4,122.16,6.11,116.05,USD
2024,1744,2025-06-27,paid_search,generic_shoes,255.11,0.0,255.11,USD
2025,5865,2025-06-27,paid_search,retargeting_search,92.42,0.0,92.42,USD
2026,6410,2025-06-27,paid_search,brand_search_q4,72.83,3.64,69.19,USD
2027,2368,2025-06-27,paid_search,brand_search_q4,74.29,7.43,66.86,USD
2028,1190,2025-06-27,email,cart_abandon,42.66,4.27,38.39,USD
2029,6378,2025-06-27,paid_social,meta_prospecting,193.8,0.0,193.8,USD
2030,5508,2025-06-27,organic,organic_direct,304.97,15.25,289.72,USD
2031,361,2025-06-27,organic,organic_direct,207.34,10.37,196.97,USD
2032,7463,2025-06-27,organic,organic_direct,172.2,0.0,172.2,USD
2033,1170,2025-06-27,affiliate,coupon_site,28.83,2.88,25.95,USD
2034,202,2025-06-27,affiliate,partner_blog,154.15,0.0,154.15,USD
2035,314,2025-06-27,paid_search,generic_shoes,92.5,13.88,78.62,USD
2036,687,2025-06-27,organic,organic_direct,245.43,12.27,233.16,USD
2037,2600,2025-06-27,organic,organic_direct,119.59,5.98,113.61,USD
2038,1267,2025-06-27,email,newsletter_weekly,38.18,5.73,32.45,USD
2039,1626,2025-06-28,paid_search,retargeting_search,196.69,0.0,196.69,USD
2040,3775,2025-06-28,paid_search,generic_shoes,162.8,0.0,162.8,USD
2041,1003,2025-06-28,organic,organic_direct,21.64,0.0,21.64,USD
2042,2173,2025-06-28,paid_social,meta_prospecting,138.17,6.91,131.26,USD
2043,3069,2025-06-28,paid_social,meta_retarget,43.4,0.0,43.4,USD
2044,1818,2025-06-28,organic,organic_direct,273.2,27.32,245.88,USD
2045,2574,2025-06-28,organic,organic_direct,35.19,5.28,29.91,USD
2046,1664,2025-06-28,paid_social,meta_retarget,268.79,0.0,268.79,USD
2047,4215,2025-06-28,organic,organic_direct,231.79,34.77,197.02,USD
2048,7455,2025-06-28,paid_search,retargeting_search,25.76,0.0,25.76,USD
2049,5717,2025-06-28,paid_social,tiktok_awareness,89.48,8.95,80.53,USD
2050,4853,2025-06-28,paid_search,generic_shoes,176.85,26.53,150.32,USD
2051,1914,2025-06-28,paid_search,brand_search_q4,38.97,0.0,38.97,USD
2052,562,2025-06-28,paid_social,tiktok_awareness,37.88,5.68,32.2,USD
2053,5229,2025-06-28,paid_social,tiktok_awareness,265.59,0.0,265.59,USD
2054,4758,2025-06-28,email,winback,221.38,0.0,221.38,USD
2055,1919,2025-06-28,email,winback,113.42,5.67,107.75,USD
2056,7191,2025-06-28,paid_search,retargeting_search,108.36,10.84,97.52,USD
2057,4931,2025-06-28,paid_social,meta_prospecting,210.15,0.0,210.15,USD
2058,281,2025-06-28,paid_social,meta_retarget,211.37,10.57,200.8,USD
2059,5388,2025-06-28,paid_social,meta_prospecting,119.17,5.96,113.21,USD
2060,2286,2025-06-28,paid_social,meta_retarget,33.16,0.0,33.16,USD
2061,6044,2025-06-28,paid_social,meta_prospecting,241.43,36.21,205.22,USD
2062,4469,2025-06-28,organic,organic_direct,116.24,5.81,110.43,USD
2063,3684,2025-06-28,paid_social,meta_prospecting,27.31,1.37,25.94,USD
2064,6366,2025-06-28,paid_search,retargeting_search,102.47,0.0,102.47,USD
2065,4264,2025-06-28,organic,organic_direct,158.07,7.9,150.17,USD
2066,2011,2025-06-28,affiliate,partner_blog,29.45,0.0,29.45,USD
2067,5485,2025-06-28,organic,organic_direct,286.15,0.0,286.15,USD
2068,4372,2025-06-28,email,winback,226.5,0.0,226.5,USD
2069,3306,2025-06-28,email,newsletter_weekly,153.55,7.68,145.87,USD
2070,2393,2025-06-28,organic,organic_direct,18.13,1.81,16.32,USD
2071,2807,2025-06-28,organic,organic_direct,132.6,19.89,112.71,USD
2072,7814,2025-06-28,paid_social,meta_prospecting,224.45,11.22,213.23,USD
2073,2630,2025-06-28,organic,organic_direct,85.82,8.58,77.24,USD
2074,5569,2025-06-28,paid_social,meta_prospecting,158.16,7.91,150.25,USD
2075,5698,2025-06-28,paid_search,retargeting_search,279.28,13.96,265.32,USD
2076,6024,2025-06-28,paid_social,meta_prospecting,95.73,9.57,86.16,USD
2077,1257,2025-06-28,organic,organic_direct,101.19,5.06,96.13,USD
2078,3672,2025-06-28,organic,organic_direct,236.52,11.83,224.69,USD
2079,2178,2025-06-28,paid_social,tiktok_awareness,245.18,36.78,208.4,USD
2080,6071,2025-06-28,paid_social,meta_retarget,236.46,0.0,236.46,USD
2081,4307,2025-06-28,email,cart_abandon,208.21,0.0,208.21,USD
2082,920,2025-06-28,email,winback,176.73,17.67,159.06,USD
2083,7370,2025-06-28,paid_social,meta_prospecting,117.0,11.7,105.3,USD
2084,1450,2025-06-28,organic,organic_direct,202.16,0.0,202.16,USD
2085,7737,2025-06-28,paid_search,brand_search_q4,72.76,0.0,72.76,USD
2086,7078,2025-06-28,organic,organic_direct,166.19,0.0,166.19,USD
2087,7205,2025-06-28,email,cart_abandon,149.01,0.0,149.01,USD
2088,2445,2025-06-28,email,newsletter_weekly,203.36,0.0,203.36,USD
2089,7094,2025-06-28,paid_search,brand_search_q4,152.19,0.0,152.19,USD
2090,6871,2025-06-28,paid_search,brand_search_q4,238.42,0.0,238.42,USD
2091,7280,2025-06-28,paid_search,generic_shoes,38.68,3.87,34.81,USD
2092,4052,2025-06-28,paid_social,tiktok_awareness,37.68,0.0,37.68,USD
2093,2339,2025-06-28,organic,organic_direct,22.8,1.14,21.66,USD
2094,41,2025-06-28,paid_search,generic_shoes,209.0,20.9,188.1,USD
2095,3152,2025-06-28,paid_social,meta_retarget,146.64,7.33,139.31,USD
2096,7327,2025-06-28,organic,organic_direct,196.35,29.45,166.9,USD
2097,2958,2025-06-28,paid_search,generic_shoes,230.6,0.0,230.6,USD
2098,5829,2025-06-28,organic,organic_direct,19.25,1.93,17.32,USD
2099,766,2025-06-28,paid_search,brand_search_q4,130.18,0.0,130.18,USD
2100,4050,2025-06-28,organic,organic_direct,153.19,0.0,153.19,USD
2101,3719,2025-06-28,email,cart_abandon,41.42,0.0,41.42,USD
2102,1536,2025-06-28,organic,organic_direct,45.82,0.0,45.82,USD
2103,7836,2025-06-28,organic,organic_direct,148.83,0.0,148.83,USD
2104,3516,2025-06-28,paid_social,meta_retarget,112.74,11.27,101.47,USD
2105,7667,2025-06-28,organic,organic_direct,203.93,30.59,173.34,USD
2106,6455,2025-06-28,paid_social,meta_retarget,254.7,0.0,254.7,USD
2107,5953,2025-06-28,email,cart_abandon,165.08,0.0,165.08,USD
2108,6065,2025-06-28,paid_search,retargeting_search,134.94,13.49,121.45,USD
2109,1210,2025-06-28,organic,organic_direct,184.75,18.48,166.27,USD
2110,2686,2025-06-28,paid_social,tiktok_awareness,264.78,13.24,251.54,USD
2111,298,2025-06-28,paid_search,brand_search_q4,65.39,0.0,65.39,USD
2112,7207,2025-06-29,affiliate,partner_blog,134.58,0.0,134.58,USD
2113,348,2025-06-29,affiliate,coupon_site,227.63,34.14,193.49,USD
2114,821,2025-06-29,paid_social,meta_retarget,256.1,0.0,256.1,USD
2115,5665,2025-06-29,paid_social,meta_prospecting,206.8,20.68,186.12,USD
2116,5646,2025-06-29,paid_social,meta_retarget,164.19,8.21,155.98,USD
2117,1200,2025-06-29,affiliate,partner_blog,220.35,0.0,220.35,USD
2118,50,2025-06-29,paid_search,generic_shoes,86.97,8.7,78.27,USD
2119,1146,2025-06-29,paid_search,retargeting_search,139.27,20.89,118.38,USD
2120,373,2025-06-29,paid_social,meta_retarget,141.67,0.0,141.67,USD
2121,6444,2025-06-29,paid_search,brand_search_q4,30.8,3.08,27.72,USD
2122,6484,2025-06-29,organic,organic_direct,163.53,24.53,139.0,USD
2123,334,2025-06-29,organic,organic_direct,247.21,0.0,247.21,USD
2124,7683,2025-06-29,affiliate,coupon_site,42.46,0.0,42.46,USD
2125,3773,2025-06-29,paid_search,generic_shoes,224.48,0.0,224.48,USD
2126,4058,2025-06-29,email,winback,139.0,0.0,139.0,USD
2127,1693,2025-06-29,paid_social,meta_prospecting,262.99,0.0,262.99,USD
2128,3276,2025-06-29,paid_search,retargeting_search,192.23,0.0,192.23,USD
2129,5080,2025-06-29,paid_search,generic_shoes,84.17,0.0,84.17,USD
2130,2727,2025-06-29,organic,organic_direct,55.3,0.0,55.3,USD
2131,522,2025-06-29,paid_social,meta_retarget,100.99,5.05,95.94,USD
2132,4874,2025-06-29,affiliate,partner_blog,116.6,11.66,104.94,USD
2133,5489,2025-06-29,email,winback,243.06,36.46,206.6,USD
2134,4000,2025-06-29,affiliate,partner_blog,69.54,10.43,59.11,USD
2135,316,2025-06-29,organic,organic_direct,184.93,0.0,184.93,USD
2136,5001,2025-06-29,paid_social,meta_retarget,99.27,0.0,99.27,USD
2137,147,2025-06-29,paid_social,meta_retarget,129.34,19.4,109.94,USD
2138,6168,2025-06-29,paid_search,brand_search_q4,194.6,29.19,165.41,USD
2139,1164,2025-06-29,paid_social,meta_retarget,160.61,16.06,144.55,USD
2140,466,2025-06-29,email,newsletter_weekly,48.97,2.45,46.52,USD
2141,1253,2025-06-29,email,newsletter_weekly,167.57,0.0,167.57,USD
2142,700,2025-06-29,email,winback,53.1,0.0,53.1,USD
2143,7659,2025-06-29,paid_search,generic_shoes,22.8,1.14,21.66,USD
2144,287,2025-06-29,paid_social,meta_prospecting,237.74,23.77,213.97,USD
2145,7949,2025-06-29,affiliate,partner_blog,96.09,9.61,86.48,USD
2146,2823,2025-06-29,email,newsletter_weekly,72.86,0.0,72.86,USD
2147,4826,2025-06-29,email,cart_abandon,213.8,21.38,192.42,USD
2148,4873,2025-06-29,organic,organic_direct,270.58,0.0,270.58,USD
2149,1714,2025-06-29,email,cart_abandon,55.81,0.0,55.81,USD
2150,3020,2025-06-29,organic,organic_direct,135.02,0.0,135.02,USD
2151,4112,2025-06-29,affiliate,coupon_site,244.54,24.45,220.09,USD
2152,606,2025-06-29,organic,organic_direct,170.11,0.0,170.11,USD
2153,3323,2025-06-29,paid_search,retargeting_search,91.75,4.59,87.16,USD
2154,306,2025-06-29,organic,organic_direct,71.18,0.0,71.18,USD
2155,6524,2025-06-29,email,newsletter_weekly,272.89,0.0,272.89,USD
2156,1847,2025-06-29,email,cart_abandon,254.45,0.0,254.45,USD
2157,317,2025-06-29,paid_social,tiktok_awareness,93.29,4.66,88.63,USD
2158,2556,2025-06-29,paid_social,tiktok_awareness,40.85,6.13,34.72,USD
2159,5592,2025-06-29,paid_social,tiktok_awareness,165.13,0.0,165.13,USD
2160,2666,2025-06-29,paid_search,generic_shoes,177.68,0.0,177.68,USD
2161,3216,2025-06-29,paid_search,retargeting_search,173.87,8.69,165.18,USD
2162,3952,2025-06-29,paid_search,brand_search_q4,41.05,6.16,34.89,USD
2163,3628,2025-06-29,organic,organic_direct,120.39,0.0,120.39,USD
2164,6669,2025-06-29,paid_social,meta_retarget,206.09,20.61,185.48,USD
2165,1836,2025-06-29,paid_social,meta_prospecting,282.77,0.0,282.77,USD
2166,6348,2025-06-29,paid_search,brand_search_q4,145.07,0.0,145.07,USD
2167,3833,2025-06-29,paid_search,generic_shoes,94.34,4.72,89.62,USD
2168,684,2025-06-29,affiliate,partner_blog,170.16,0.0,170.16,USD
2169,2920,2025-06-29,paid_social,meta_retarget,28.33,0.0,28.33,USD
2170,2683,2025-06-29,organic,organic_direct,238.7,11.94,226.76,USD
2171,3065,2025-06-29,organic,organic_direct,165.62,24.84,140.78,USD
2172,646,2025-06-29,paid_social,meta_retarget,93.31,0.0,93.31,USD
2173,5602,2025-06-29,paid_search,retargeting_search,232.01,0.0,232.01,USD
2174,6550,2025-06-29,organic,organic_direct,57.54,5.75,51.79,USD
2175,1299,2025-06-29,organic,organic_direct,56.36,5.64,50.72,USD
2176,5454,2025-06-29,email,newsletter_weekly,115.69,17.35,98.34,USD
2177,2452,2025-06-29,organic,organic_direct,99.5,4.98,94.52,USD
2178,388,2025-06-29,paid_search,generic_shoes,255.57,25.56,230.01,USD
2179,7393,2025-06-29,email,winback,262.94,26.29,236.65,USD
2180,2444,2025-06-29,paid_search,retargeting_search,194.93,0.0,194.93,USD
2181,5196,2025-06-29,affiliate,partner_blog,212.64,0.0,212.64,USD
2182,963,2025-06-29,paid_social,meta_retarget,63.73,0.0,63.73,USD
2183,1362,2025-06-29,organic,organic_direct,65.57,9.84,55.73,USD
2184,7866,2025-06-29,paid_search,generic_shoes,182.37,0.0,182.37,USD
2185,6371,2025-06-29,paid_search,generic_shoes,246.18,24.62,221.56,USD
2186,6198,2025-06-29,paid_social,tiktok_awareness,258.93,0.0,258.93,USD
2187,3356,2025-06-29,organic,organic_direct,257.69,0.0,257.69,USD
2188,3916,2025-06-29,organic,organic_direct,116.31,11.63,104.68,USD
2189,2156,2025-06-29,paid_social,tiktok_awareness,78.28,0.0,78.28,USD
2190,2510,2025-06-29,organic,organic_direct,252.75,12.64,240.11,USD
2191,3233,2025-06-29,paid_social,tiktok_awareness,190.02,0.0,190.02,USD
2192,4737,2025-06-29,affiliate,coupon_site,34.19,0.0,34.19,USD
2193,2547,2025-06-29,organic,organic_direct,100.41,0.0,100.41,USD
2194,4353,2025-06-29,organic,organic_direct,17.02,0.0,17.02,USD
2195,4082,2025-06-29,paid_search,retargeting_search,218.33,32.75,185.58,USD
2196,2542,2025-06-29,paid_search,generic_shoes,293.84,44.08,249.76,USD
2197,6794,2025-06-29,affiliate,coupon_site,135.65,0.0,135.65,USD
2198,849,2025-06-29,paid_social,tiktok_awareness,248.25,0.0,248.25,USD
2199,5457,2025-06-29,affiliate,partner_blog,224.59,11.23,213.36,USD
2200,2543,2025-06-29,paid_search,generic_shoes,125.8,6.29,119.51,USD
2201,4601,2025-06-29,organic,organic_direct,140.26,7.01,133.25,USD
2202,7928,2025-06-29,email,newsletter_weekly,277.06,41.56,235.5,USD
2203,6490,2025-06-29,email,cart_abandon,175.97,0.0,175.97,USD
2204,3452,2025-06-29,paid_social,meta_retarget,115.82,5.79,110.03,USD
2205,5963,2025-06-29,paid_search,retargeting_search,142.16,0.0,142.16,USD
2206,1965,2025-06-29,paid_search,retargeting_search,236.74,35.51,201.23,USD
2207,2440,2025-06-29,paid_social,meta_retarget,293.29,0.0,293.29,USD
2208,1474,2025-06-29,organic,organic_direct,150.73,0.0,150.73,USD
2209,3125,2025-06-29,organic,organic_direct,274.12,41.12,233.0,USD
2210,264,2025-06-29,organic,organic_direct,52.58,0.0,52.58,USD
2211,6285,2025-06-29,affiliate,coupon_site,135.14,13.51,121.63,USD
2212,1860,2025-06-29,email,cart_abandon,74.8,0.0,74.8,USD
2213,3253,2025-06-29,paid_social,meta_retarget,67.42,3.37,64.05,USD
2214,5231,2025-06-30,paid_social,tiktok_awareness,74.77,0.0,74.77,USD
2215,6772,2025-06-30,organic,organic_direct,92.15,0.0,92.15,USD
2216,1510,2025-06-30,organic,organic_direct,22.85,0.0,22.85,USD
2217,7312,2025-06-30,organic,organic_direct,82.79,4.14,78.65,USD
2218,2552,2025-06-30,paid_social,tiktok_awareness,228.61,34.29,194.32,USD
2219,2108,2025-06-30,paid_social,meta_prospecting,218.42,32.76,185.66,USD
2220,764,2025-06-30,organic,organic_direct,230.68,0.0,230.68,USD
2221,7391,2025-06-30,organic,organic_direct,129.39,12.94,116.45,USD
2222,6968,2025-06-30,organic,organic_direct,75.93,0.0,75.93,USD
2223,29,2025-06-30,paid_social,tiktok_awareness,249.73,37.46,212.27,USD
2224,5588,2025-06-30,organic,organic_direct,58.85,5.89,52.96,USD
2225,1102,2025-06-30,paid_search,retargeting_search,156.65,15.67,140.98,USD
2226,5529,2025-06-30,paid_social,meta_retarget,91.6,0.0,91.6,USD
2227,2079,2025-06-30,organic,organic_direct,66.43,0.0,66.43,USD
2228,1635,2025-06-30,paid_search,retargeting_search,197.24,29.59,167.65,USD
2229,4558,2025-06-30,paid_social,meta_retarget,104.52,0.0,104.52,USD
2230,5908,2025-06-30,paid_search,retargeting_search,202.57,10.13,192.44,USD
2231,154,2025-06-30,affiliate,coupon_site,211.38,21.14,190.24,USD
2232,1898,2025-06-30,affiliate,coupon_site,45.28,6.79,38.49,USD
2233,5291,2025-06-30,organic,organic_direct,160.79,16.08,144.71,USD
2234,3761,2025-06-30,affiliate,coupon_site,118.69,0.0,118.69,USD
2235,5244,2025-06-30,paid_search,retargeting_search,278.71,0.0,278.71,USD
2236,6393,2025-06-30,paid_social,meta_prospecting,24.02,2.4,21.62,USD
2237,1258,2025-06-30,paid_search,generic_shoes,196.49,19.65,176.84,USD
2238,2572,2025-06-30,organic,organic_direct,146.76,7.34,139.42,USD
2239,1184,2025-06-30,paid_search,retargeting_search,60.96,3.05,57.91,USD
2240,3180,2025-06-30,paid_search,retargeting_search,238.17,23.82,214.35,USD
2241,1398,2025-06-30,paid_social,meta_retarget,126.92,0.0,126.92,USD
2242,2865,2025-06-30,email,newsletter_weekly,91.43,0.0,91.43,USD
2243,695,2025-06-30,paid_search,brand_search_q4,207.14,0.0,207.14,USD
2244,598,2025-06-30,paid_search,brand_search_q4,25.75,0.0,25.75,USD
2245,5270,2025-06-30,paid_search,retargeting_search,85.23,12.78,72.45,USD
2246,1948,2025-06-30,paid_social,tiktok_awareness,60.72,9.11,51.61,USD
2247,5637,2025-06-30,organic,organic_direct,239.76,0.0,239.76,USD
2248,131,2025-06-30,paid_social,tiktok_awareness,253.34,0.0,253.34,USD
2249,614,2025-06-30,organic,organic_direct,294.1,0.0,294.1,USD
2250,4022,2025-06-30,paid_search,retargeting_search,26.5,2.65,23.85,USD
2251,3223,2025-06-30,paid_social,meta_retarget,238.76,0.0,238.76,USD
2252,2003,2025-06-30,paid_search,retargeting_search,77.66,7.77,69.89,USD
2253,4640,2025-06-30,organic,organic_direct,182.81,0.0,182.81,USD
2254,3193,2025-06-30,organic,organic_direct,91.06,9.11,81.95,USD
2255,591,2025-06-30,organic,organic_direct,94.13,0.0,94.13,USD
2256,584,2025-06-30,paid_search,retargeting_search,58.34,2.92,55.42,USD
2257,1337,2025-06-30,paid_search,generic_shoes,99.73,0.0,99.73,USD
2258,749,2025-06-30,organic,organic_direct,225.73,22.57,203.16,USD
2259,895,2025-06-30,paid_search,retargeting_search,42.15,4.21,37.94,USD
2260,3501,2025-06-30,paid_social,meta_prospecting,59.44,2.97,56.47,USD
2261,2447,2025-06-30,paid_search,retargeting_search,50.93,2.55,48.38,USD
2262,1143,2025-06-30,email,winback,193.79,19.38,174.41,USD
2263,4731,2025-06-30,paid_search,brand_search_q4,16.18,0.0,16.18,USD
2264,1221,2025-06-30,affiliate,coupon_site,138.0,6.9,131.1,USD
2265,7472,2025-06-30,paid_search,generic_shoes,160.96,8.05,152.91,USD
2266,338,2025-06-30,email,newsletter_weekly,79.16,0.0,79.16,USD
2267,4645,2025-06-30,paid_search,retargeting_search,41.54,0.0,41.54,USD
2268,1504,2025-06-30,paid_search,retargeting_search,250.04,0.0,250.04,USD
2269,4580,2025-06-30,paid_social,meta_retarget,196.62,0.0,196.62,USD
2270,3628,2025-06-30,organic,organic_direct,161.17,16.12,145.05,USD
2271,5971,2025-06-30,email,newsletter_weekly,140.52,21.08,119.44,USD
2272,3789,2025-06-30,paid_search,retargeting_search,63.87,0.0,63.87,USD
2273,3322,2025-06-30,paid_search,brand_search_q4,123.63,0.0,123.63,USD
2274,4260,2025-06-30,paid_search,brand_search_q4,121.49,12.15,109.34,USD
2275,6210,2025-06-30,paid_social,tiktok_awareness,141.57,0.0,141.57,USD
2276,5067,2025-06-30,paid_search,brand_search_q4,16.7,1.67,15.03,USD
2277,7916,2025-06-30,paid_search,brand_search_q4,208.66,0.0,208.66,USD
2278,494,2025-06-30,affiliate,partner_blog,114.53,5.73,108.8,USD
2279,205,2025-06-30,organic,organic_direct,109.77,0.0,109.77,USD
2280,3345,2025-06-30,organic,organic_direct,114.72,0.0,114.72,USD
2281,143,2025-06-30,paid_social,tiktok_awareness,69.52,6.95,62.57,USD
2282,7227,2025-06-30,email,newsletter_weekly,133.74,13.37,120.37,USD
2283,783,2025-06-30,organic,organic_direct,251.66,0.0,251.66,USD
2284,2309,2025-06-30,affiliate,coupon_site,130.11,0.0,130.11,USD
2285,649,2025-06-30,organic,organic_direct,258.17,0.0,258.17,USD
2286,3003,2025-06-30,paid_search,brand_search_q4,142.1,0.0,142.1,USD
2287,3615,2025-06-30,paid_search,retargeting_search,222.77,22.28,200.49,USD
2288,6465,2025-06-30,email,cart_abandon,245.91,0.0,245.91,USD
2289,7922,2025-06-30,organic,organic_direct,106.6,0.0,106.6,USD
2290,6837,2025-06-30,paid_search,retargeting_search,108.85,0.0,108.85,USD
2291,4287,2025-06-30,email,cart_abandon,150.32,0.0,150.32,USD
2292,1174,2025-07-01,affiliate,coupon_site,205.48,0.0,205.48,USD
2293,132,2025-07-01,paid_search,brand_search_q4,241.04,0.0,241.04,USD
2294,1877,2025-07-01,affiliate,partner_blog,75.93,7.59,68.34,USD
2295,6921,2025-07-01,paid_social,tiktok_awareness,135.52,13.55,121.97,USD
2296,4387,2025-07-01,paid_social,meta_retarget,80.79,12.12,68.67,USD
2297,354,2025-07-01,organic,organic_direct,239.83,35.97,203.86,USD
2298,1740,2025-07-01,organic,organic_direct,263.39,0.0,263.39,USD
2299,4229,2025-07-01,paid_social,meta_retarget,224.51,33.68,190.83,USD
2300,2907,2025-07-01,paid_search,brand_search_q4,223.07,33.46,189.61,USD
2301,1791,2025-07-01,paid_search,generic_shoes,224.94,11.25,213.69,USD
2302,6891,2025-07-01,paid_search,brand_search_q4,34.1,5.12,28.98,USD
2303,6769,2025-07-01,paid_search,generic_shoes,251.56,12.58,238.98,USD
2304,6859,2025-07-01,affiliate,coupon_site,229.44,34.42,195.02,USD
2305,6326,2025-07-01,affiliate,partner_blog,201.37,0.0,201.37,USD
2306,5484,2025-07-01,affiliate,coupon_site,150.97,7.55,143.42,USD
2307,1916,2025-07-01,email,winback,45.41,0.0,45.41,USD
2308,481,2025-07-01,paid_search,generic_shoes,153.69,23.05,130.64,USD
2309,606,2025-07-01,organic,organic_direct,132.92,19.94,112.98,USD
2310,7469,2025-07-01,paid_social,meta_retarget,273.8,41.07,232.73,USD
2311,2752,2025-07-01,email,winback,48.93,0.0,48.93,USD
2312,4502,2025-07-01,paid_social,meta_prospecting,68.96,10.34,58.62,USD
2313,7353,2025-07-01,paid_search,brand_search_q4,18.65,2.8,15.85,USD
2314,2713,2025-07-01,paid_search,retargeting_search,251.34,12.57,238.77,USD
2315,6154,2025-07-01,affiliate,partner_blog,59.76,0.0,59.76,USD
2316,449,2025-07-01,paid_social,meta_retarget,213.17,21.32,191.85,USD
2317,4787,2025-07-01,organic,organic_direct,80.33,0.0,80.33,USD
2318,3353,2025-07-01,paid_search,retargeting_search,19.9,0.99,18.91,USD
2319,5098,2025-07-01,paid_social,meta_prospecting,247.25,37.09,210.16,USD
2320,7296,2025-07-01,organic,organic_direct,71.54,10.73,60.81,USD
2321,2746,2025-07-01,paid_social,meta_prospecting,277.47,0.0,277.47,USD
2322,1375,2025-07-01,organic,organic_direct,269.81,0.0,269.81,USD
2323,2069,2025-07-01,paid_search,generic_shoes,104.53,10.45,94.08,USD
2324,1306,2025-07-01,organic,organic_direct,263.01,13.15,249.86,USD
2325,3400,2025-07-01,affiliate,partner_blog,111.55,16.73,94.82,USD
2326,3748,2025-07-01,paid_search,brand_search_q4,168.19,0.0,168.19,USD
2327,573,2025-07-01,paid_search,retargeting_search,21.23,0.0,21.23,USD
2328,4751,2025-07-01,organic,organic_direct,220.04,0.0,220.04,USD
2329,1957,2025-07-01,paid_social,tiktok_awareness,234.45,23.45,211.0,USD
2330,178,2025-07-01,paid_search,brand_search_q4,232.74,0.0,232.74,USD
2331,7388,2025-07-01,paid_search,generic_shoes,101.47,15.22,86.25,USD
2332,1298,2025-07-01,paid_search,brand_search_q4,44.73,0.0,44.73,USD
2333,783,2025-07-01,organic,organic_direct,188.3,18.83,169.47,USD
2334,7256,2025-07-01,email,winback,274.63,27.46,247.17,USD
2335,471,2025-07-01,organic,organic_direct,236.62,23.66,212.96,USD
2336,874,2025-07-01,paid_social,meta_prospecting,136.49,13.65,122.84,USD
2337,3152,2025-07-01,paid_social,meta_prospecting,177.21,8.86,168.35,USD
2338,4554,2025-07-01,paid_social,tiktok_awareness,159.34,15.93,143.41,USD
2339,3996,2025-07-01,email,cart_abandon,237.46,11.87,225.59,USD
2340,430,2025-07-01,paid_social,meta_prospecting,192.86,19.29,173.57,USD
2341,3245,2025-07-01,paid_search,retargeting_search,36.59,0.0,36.59,USD
2342,7134,2025-07-01,paid_social,meta_retarget,141.52,14.15,127.37,USD
2343,5899,2025-07-01,organic,organic_direct,238.36,0.0,238.36,USD
2344,4626,2025-07-01,organic,organic_direct,130.67,19.6,111.07,USD
2345,1186,2025-07-01,affiliate,partner_blog,182.71,27.41,155.3,USD
2346,1576,2025-07-01,paid_social,meta_prospecting,58.8,5.88,52.92,USD
2347,2094,2025-07-01,organic,organic_direct,107.84,16.18,91.66,USD
2348,7764,2025-07-01,paid_search,retargeting_search,133.92,13.39,120.53,USD
2349,5600,2025-07-01,email,cart_abandon,212.83,31.92,180.91,USD
2350,4888,2025-07-01,paid_social,meta_retarget,188.16,28.22,159.94,USD
2351,7946,2025-07-01,email,newsletter_weekly,109.56,16.43,93.13,USD
2352,3046,2025-07-01,paid_social,meta_retarget,164.67,0.0,164.67,USD
2353,1453,2025-07-02,paid_social,meta_prospecting,293.47,0.0,293.47,USD
2354,5000,2025-07-02,paid_social,meta_retarget,86.62,4.33,82.29,USD
2355,6801,2025-07-02,paid_search,generic_shoes,225.93,22.59,203.34,USD
2356,4116,2025-07-02,paid_search,retargeting_search,196.64,0.0,196.64,USD
2357,6725,2025-07-02,organic,organic_direct,246.9,0.0,246.9,USD
2358,4433,2025-07-02,paid_search,retargeting_search,102.54,10.25,92.29,USD
2359,4912,2025-07-02,email,newsletter_weekly,48.75,0.0,48.75,USD
2360,2971,2025-07-02,organic,organic_direct,154.45,0.0,154.45,USD
2361,7852,2025-07-02,organic,organic_direct,89.04,4.45,84.59,USD
2362,2234,2025-07-02,affiliate,coupon_site,132.89,0.0,132.89,USD
2363,4162,2025-07-02,paid_social,tiktok_awareness,152.4,0.0,152.4,USD
2364,3722,2025-07-02,affiliate,partner_blog,46.59,2.33,44.26,USD
2365,2301,2025-07-02,paid_social,meta_retarget,187.83,0.0,187.83,USD
2366,6132,2025-07-02,email,winback,160.29,0.0,160.29,USD
2367,3775,2025-07-02,organic,organic_direct,242.02,0.0,242.02,USD
2368,6408,2025-07-02,organic,organic_direct,60.8,3.04,57.76,USD
2369,7556,2025-07-02,paid_search,brand_search_q4,113.9,5.7,108.2,USD
2370,3706,2025-07-02,paid_social,meta_retarget,80.64,12.1,68.54,USD
2371,4486,2025-07-02,paid_search,generic_shoes,160.82,24.12,136.7,USD
2372,6925,2025-07-02,email,winback,88.08,0.0,88.08,USD
2373,7901,2025-07-02,paid_search,retargeting_search,107.51,10.75,96.76,USD
2374,2566,2025-07-02,paid_search,retargeting_search,74.7,0.0,74.7,USD
2375,3277,2025-07-02,organic,organic_direct,246.69,12.33,234.36,USD
2376,2882,2025-07-02,email,cart_abandon,216.12,21.61,194.51,USD
2377,208,2025-07-02,paid_social,meta_retarget,39.25,0.0,39.25,USD
2378,7416,2025-07-02,paid_social,tiktok_awareness,139.38,6.97,132.41,USD
2379,7053,2025-07-02,paid_search,generic_shoes,172.28,0.0,172.28,USD
2380,7927,2025-07-02,organic,organic_direct,181.92,0.0,181.92,USD
2381,4492,2025-07-02,paid_social,meta_prospecting,104.68,15.7,88.98,USD
2382,1085,2025-07-02,paid_social,meta_prospecting,82.85,0.0,82.85,USD
2383,584,2025-07-02,organic,organic_direct,206.68,0.0,206.68,USD
2384,3461,2025-07-02,paid_social,tiktok_awareness,78.89,11.83,67.06,USD
2385,580,2025-07-02,paid_search,brand_search_q4,77.33,3.87,73.46,USD
2386,6009,2025-07-02,email,cart_abandon,277.51,13.88,263.63,USD
2387,6481,2025-07-02,paid_search,generic_shoes,111.41,11.14,100.27,USD
2388,4131,2025-07-02,organic,organic_direct,117.97,0.0,117.97,USD
2389,3322,2025-07-02,organic,organic_direct,110.93,16.64,94.29,USD
2390,7159,2025-07-02,organic,organic_direct,145.52,14.55,130.97,USD
2391,1701,2025-07-02,paid_search,brand_search_q4,98.45,4.92,93.53,USD
2392,2992,2025-07-02,organic,organic_direct,27.87,0.0,27.87,USD
2393,6825,2025-07-02,email,cart_abandon,103.02,15.45,87.57,USD
2394,2998,2025-07-02,paid_search,retargeting_search,226.79,0.0,226.79,USD
2395,2952,2025-07-02,organic,organic_direct,199.5,29.92,169.58,USD
2396,1071,2025-07-03,affiliate,coupon_site,242.18,24.22,217.96,USD
2397,5663,2025-07-03,paid_search,brand_search_q4,252.17,25.22,226.95,USD
2398,6157,2025-07-03,paid_social,meta_prospecting,269.31,26.93,242.38,USD
2399,1987,2025-07-03,paid_social,tiktok_awareness,97.94,14.69,83.25,USD
2400,2583,2025-07-03,organic,organic_direct,93.4,0.0,93.4,USD
2401,4955,2025-07-03,email,newsletter_weekly,207.95,0.0,207.95,USD
2402,5251,2025-07-03,organic,organic_direct,159.18,7.96,151.22,USD
2403,6231,2025-07-03,email,newsletter_weekly,214.76,0.0,214.76,USD
2404,1092,2025-07-03,paid_search,brand_search_q4,100.28,0.0,100.28,USD
2405,6158,2025-07-03,paid_search,retargeting_search,99.35,14.9,84.45,USD
2406,7273,2025-07-03,email,winback,40.3,0.0,40.3,USD
2407,1159,2025-07-03,organic,organic_direct,79.25,3.96,75.29,USD
2408,6719,2025-07-03,email,cart_abandon,191.42,19.14,172.28,USD
2409,4124,2025-07-03,email,winback,227.68,0.0,227.68,USD
2410,6131,2025-07-03,paid_search,brand_search_q4,183.7,18.37,165.33,USD
2411,6579,2025-07-03,paid_search,retargeting_search,121.9,18.29,103.61,USD
2412,2405,2025-07-03,paid_search,generic_shoes,35.43,3.54,31.89,USD
2413,2429,2025-07-03,email,newsletter_weekly,162.47,16.25,146.22,USD
2414,5397,2025-07-03,organic,organic_direct,292.98,29.3,263.68,USD
2415,4573,2025-07-03,paid_search,brand_search_q4,42.0,6.3,35.7,USD
2416,7552,2025-07-03,affiliate,coupon_site,207.63,0.0,207.63,USD
2417,3347,2025-07-03,affiliate,partner_blog,228.59,34.29,194.3,USD
2418,4318,2025-07-03,organic,organic_direct,217.97,21.8,196.17,USD
2419,4076,2025-07-03,paid_social,tiktok_awareness,54.95,5.5,49.45,USD
2420,147,2025-07-03,organic,organic_direct,21.31,1.07,20.24,USD
2421,3767,2025-07-03,email,newsletter_weekly,114.83,0.0,114.83,USD
2422,4175,2025-07-03,paid_social,tiktok_awareness,51.0,0.0,51.0,USD
2423,5180,2025-07-03,organic,organic_direct,100.97,5.05,95.92,USD
2424,1676,2025-07-03,paid_social,meta_prospecting,243.99,0.0,243.99,USD
2425,2031,2025-07-03,organic,organic_direct,142.76,0.0,142.76,USD
2426,4215,2025-07-03,paid_search,brand_search_q4,250.94,0.0,250.94,USD
2427,227,2025-07-03,paid_social,meta_retarget,86.01,0.0,86.01,USD
2428,339,2025-07-03,organic,organic_direct,158.7,0.0,158.7,USD
2429,2924,2025-07-03,organic,organic_direct,258.28,0.0,258.28,USD
2430,1189,2025-07-03,organic,organic_direct,155.25,23.29,131.96,USD
2431,3482,2025-07-03,organic,organic_direct,260.85,0.0,260.85,USD
2432,4556,2025-07-03,email,winback,246.6,0.0,246.6,USD
2433,7018,2025-07-03,organic,organic_direct,252.42,12.62,239.8,USD
2434,3820,2025-07-03,paid_social,meta_retarget,229.4,0.0,229.4,USD
2435,5107,2025-07-03,paid_social,tiktok_awareness,209.96,0.0,209.96,USD
2436,6749,2025-07-03,paid_social,tiktok_awareness,219.5,0.0,219.5,USD
2437,5436,2025-07-03,email,newsletter_weekly,255.42,0.0,255.42,USD
2438,5149,2025-07-03,paid_search,retargeting_search,79.2,11.88,67.32,USD
2439,5518,2025-07-03,paid_social,tiktok_awareness,51.43,7.71,43.72,USD
2440,2415,2025-07-03,organic,organic_direct,23.05,0.0,23.05,USD
2441,4472,2025-07-03,affiliate,partner_blog,56.28,8.44,47.84,USD
2442,7191,2025-07-03,email,winback,133.31,6.67,126.64,USD
2443,3604,2025-07-03,paid_social,tiktok_awareness,186.35,0.0,186.35,USD
2444,1380,2025-07-03,paid_search,retargeting_search,290.92,0.0,290.92,USD
2445,7921,2025-07-03,paid_search,retargeting_search,19.48,1.95,17.53,USD
2446,2041,2025-07-03,organic,organic_direct,235.96,0.0,235.96,USD
2447,2685,2025-07-03,email,winback,156.97,23.55,133.42,USD
2448,1011,2025-07-04,paid_search,generic_shoes,81.54,8.15,73.39,USD
2449,5143,2025-07-04,organic,organic_direct,117.05,0.0,117.05,USD
2450,4086,2025-07-04,paid_search,generic_shoes,93.59,0.0,93.59,USD
2451,7046,2025-07-04,paid_social,meta_prospecting,170.0,0.0,170.0,USD
2452,6633,2025-07-04,organic,organic_direct,257.29,0.0,257.29,USD
2453,4819,2025-07-04,paid_search,retargeting_search,197.88,0.0,197.88,USD
2454,6672,2025-07-04,paid_search,brand_search_q4,59.98,0.0,59.98,USD
2455,7536,2025-07-04,organic,organic_direct,265.89,39.88,226.01,USD
2456,4706,2025-07-04,email,newsletter_weekly,232.67,34.9,197.77,USD
2457,2629,2025-07-04,paid_social,tiktok_awareness,245.89,0.0,245.89,USD
2458,3644,2025-07-04,organic,organic_direct,72.23,3.61,68.62,USD
2459,1010,2025-07-04,organic,organic_direct,109.41,10.94,98.47,USD
2460,5377,2025-07-04,paid_social,tiktok_awareness,250.86,12.54,238.32,USD
2461,4991,2025-07-04,paid_search,brand_search_q4,173.7,8.69,165.01,USD
2462,7139,2025-07-04,organic,organic_direct,255.6,0.0,255.6,USD
2463,259,2025-07-04,affiliate,coupon_site,229.54,22.95,206.59,USD
2464,51,2025-07-04,organic,organic_direct,230.07,0.0,230.07,USD
2465,6976,2025-07-04,paid_social,tiktok_awareness,207.75,0.0,207.75,USD
2466,2905,2025-07-04,paid_search,retargeting_search,224.42,22.44,201.98,USD
2467,2629,2025-07-04,paid_social,meta_prospecting,178.05,17.81,160.24,USD
2468,3873,2025-07-04,paid_search,retargeting_search,299.82,0.0,299.82,USD
2469,2031,2025-07-04,affiliate,partner_blog,261.64,0.0,261.64,USD
2470,4974,2025-07-04,paid_social,meta_prospecting,257.86,0.0,257.86,USD
2471,1519,2025-07-04,paid_search,retargeting_search,69.91,6.99,62.92,USD
2472,5656,2025-07-04,paid_social,meta_prospecting,23.22,0.0,23.22,USD
2473,748,2025-07-04,affiliate,coupon_site,106.67,0.0,106.67,USD
2474,4301,2025-07-04,paid_social,tiktok_awareness,199.7,0.0,199.7,USD
2475,6132,2025-07-04,paid_social,meta_retarget,127.4,19.11,108.29,USD
2476,4355,2025-07-04,email,newsletter_weekly,138.85,20.83,118.02,USD
2477,7227,2025-07-04,affiliate,partner_blog,172.92,8.65,164.27,USD
2478,1516,2025-07-04,affiliate,coupon_site,48.25,7.24,41.01,USD
2479,443,2025-07-04,paid_social,tiktok_awareness,14.58,1.46,13.12,USD
2480,3977,2025-07-04,paid_social,meta_retarget,143.14,21.47,121.67,USD
2481,3752,2025-07-04,paid_social,tiktok_awareness,171.66,25.75,145.91,USD
2482,2024,2025-07-04,affiliate,partner_blog,37.36,1.87,35.49,USD
2483,5823,2025-07-04,email,winback,216.79,32.52,184.27,USD
2484,419,2025-07-04,paid_social,tiktok_awareness,145.01,0.0,145.01,USD
2485,4149,2025-07-04,paid_search,generic_shoes,177.97,8.9,169.07,USD
2486,6325,2025-07-04,organic,organic_direct,113.45,0.0,113.45,USD
2487,5611,2025-07-04,email,cart_abandon,54.88,8.23,46.65,USD
2488,2809,2025-07-04,paid_social,meta_prospecting,201.87,20.19,181.68,USD
2489,3115,2025-07-04,affiliate,partner_blog,161.88,0.0,161.88,USD
2490,6379,2025-07-04,paid_social,meta_prospecting,221.03,0.0,221.03,USD
2491,6885,2025-07-04,organic,organic_direct,81.99,0.0,81.99,USD
2492,904,2025-07-04,affiliate,partner_blog,109.37,5.47,103.9,USD
2493,127,2025-07-04,paid_social,meta_prospecting,158.13,7.91,150.22,USD
2494,4869,2025-07-04,organic,organic_direct,165.44,24.82,140.62,USD
2495,3705,2025-07-04,organic,organic_direct,57.3,8.59,48.71,USD
2496,4873,2025-07-04,email,winback,184.85,0.0,184.85,USD
2497,938,2025-07-04,email,winback,284.13,0.0,284.13,USD
2498,4958,2025-07-04,organic,organic_direct,79.55,0.0,79.55,USD
2499,7564,2025-07-04,email,winback,157.33,0.0,157.33,USD
2500,4205,2025-07-04,paid_social,meta_retarget,301.22,0.0,301.22,USD
2501,2120,2025-07-04,paid_search,brand_search_q4,53.63,8.04,45.59,USD
2502,5276,2025-07-04,paid_social,meta_retarget,130.69,13.07,117.62,USD
2503,124,2025-07-04,email,newsletter_weekly,227.03,0.0,227.03,USD
2504,580,2025-07-04,email,cart_abandon,63.06,9.46,53.6,USD
2505,4139,2025-07-04,organic,organic_direct,59.36,0.0,59.36,USD
2506,824,2025-07-04,paid_social,tiktok_awareness,71.86,0.0,71.86,USD
2507,3577,2025-07-04,paid_search,generic_shoes,77.62,11.64,65.98,USD
2508,4541,2025-07-04,paid_search,retargeting_search,214.22,0.0,214.22,USD
2509,4933,2025-07-04,paid_social,meta_prospecting,241.74,36.26,205.48,USD
2510,6604,2025-07-04,organic,organic_direct,130.47,0.0,130.47,USD
2511,7974,2025-07-04,paid_search,generic_shoes,56.58,0.0,56.58,USD
2512,6089,2025-07-04,paid_search,generic_shoes,177.8,26.67,151.13,USD
2513,2643,2025-07-04,paid_search,retargeting_search,150.82,22.62,128.2,USD
2514,1816,2025-07-05,paid_search,generic_shoes,23.94,2.39,21.55,USD
2515,6036,2025-07-05,paid_search,generic_shoes,46.95,4.7,42.25,USD
2516,6737,2025-07-05,organic,organic_direct,136.07,0.0,136.07,USD
2517,5765,2025-07-05,organic,organic_direct,15.69,0.0,15.69,USD
2518,4145,2025-07-05,organic,organic_direct,124.3,0.0,124.3,USD
2519,317,2025-07-05,paid_social,meta_prospecting,269.56,0.0,269.56,USD
2520,104,2025-07-05,organic,organic_direct,92.05,13.81,78.24,USD
2521,2099,2025-07-05,paid_search,retargeting_search,227.77,11.39,216.38,USD
2522,1806,2025-07-05,paid_search,brand_search_q4,270.54,40.58,229.96,USD
2523,4605,2025-07-05,organic,organic_direct,220.72,0.0,220.72,USD
2524,1938,2025-07-05,paid_search,retargeting_search,194.19,19.42,174.77,USD
2525,6959,2025-07-05,paid_search,brand_search_q4,97.13,4.86,92.27,USD
2526,7071,2025-07-05,organic,organic_direct,119.47,17.92,101.55,USD
2527,2247,2025-07-05,paid_search,retargeting_search,159.68,7.98,151.7,USD
2528,3012,2025-07-05,paid_social,tiktok_awareness,223.45,22.34,201.11,USD
2529,7972,2025-07-05,paid_search,brand_search_q4,144.63,0.0,144.63,USD
2530,1536,2025-07-05,organic,organic_direct,27.26,0.0,27.26,USD
2531,793,2025-07-05,paid_social,meta_retarget,224.5,33.67,190.83,USD
2532,7919,2025-07-05,affiliate,coupon_site,114.27,5.71,108.56,USD
2533,7855,2025-07-05,paid_search,generic_shoes,77.91,0.0,77.91,USD
2534,1202,2025-07-05,paid_social,meta_prospecting,213.95,10.7,203.25,USD
2535,3280,2025-07-05,affiliate,partner_blog,172.18,8.61,163.57,USD
2536,5467,2025-07-05,paid_search,retargeting_search,267.11,13.36,253.75,USD
2537,6182,2025-07-05,paid_social,meta_prospecting,216.74,0.0,216.74,USD
2538,4061,2025-07-05,affiliate,coupon_site,124.81,6.24,118.57,USD
2539,2300,2025-07-05,paid_social,meta_prospecting,131.01,0.0,131.01,USD
2540,145,2025-07-05,affiliate,coupon_site,94.53,9.45,85.08,USD
2541,2835,2025-07-05,organic,organic_direct,188.09,18.81,169.28,USD
2542,1125,2025-07-05,paid_social,tiktok_awareness,230.43,0.0,230.43,USD
2543,6304,2025-07-05,organic,organic_direct,205.96,10.3,195.66,USD
2544,2050,2025-07-05,organic,organic_direct,106.7,0.0,106.7,USD
2545,3998,2025-07-05,paid_search,generic_shoes,162.19,8.11,154.08,USD
2546,3316,2025-07-05,paid_social,meta_prospecting,32.91,0.0,32.91,USD
2547,5718,2025-07-05,email,winback,106.46,0.0,106.46,USD
2548,4647,2025-07-05,email,cart_abandon,196.32,19.63,176.69,USD
2549,1801,2025-07-05,organic,organic_direct,48.47,0.0,48.47,USD
2550,6177,2025-07-05,paid_social,meta_prospecting,147.15,14.72,132.43,USD
2551,2754,2025-07-05,paid_search,brand_search_q4,22.7,2.27,20.43,USD
2552,1285,2025-07-05,paid_search,brand_search_q4,263.82,13.19,250.63,USD
2553,4433,2025-07-05,organic,organic_direct,245.09,12.25,232.84,USD
2554,41,2025-07-05,organic,organic_direct,283.22,14.16,269.06,USD
2555,5540,2025-07-05,organic,organic_direct,112.09,0.0,112.09,USD
2556,1752,2025-07-05,affiliate,partner_blog,111.65,0.0,111.65,USD
2557,4182,2025-07-05,organic,organic_direct,245.93,0.0,245.93,USD
2558,278,2025-07-05,email,cart_abandon,62.11,9.32,52.79,USD
2559,256,2025-07-05,affiliate,coupon_site,220.27,0.0,220.27,USD
2560,5329,2025-07-05,paid_social,meta_prospecting,142.26,14.23,128.03,USD
2561,4914,2025-07-05,affiliate,coupon_site,137.58,0.0,137.58,USD
2562,6697,2025-07-05,organic,organic_direct,35.38,0.0,35.38,USD
2563,4560,2025-07-05,organic,organic_direct,277.92,27.79,250.13,USD
2564,2982,2025-07-05,paid_social,tiktok_awareness,17.99,0.0,17.99,USD
2565,5594,2025-07-05,organic,organic_direct,18.69,0.0,18.69,USD
2566,1980,2025-07-05,organic,organic_direct,80.27,4.01,76.26,USD
2567,4671,2025-07-05,email,cart_abandon,280.07,14.0,266.07,USD
2568,4382,2025-07-05,affiliate,coupon_site,130.63,13.06,117.57,USD
2569,1800,2025-07-05,email,cart_abandon,216.23,21.62,194.61,USD
2570,6106,2025-07-05,email,winback,54.48,0.0,54.48,USD
2571,533,2025-07-05,paid_social,meta_retarget,214.95,10.75,204.2,USD
2572,6603,2025-07-05,paid_search,brand_search_q4,181.49,0.0,181.49,USD
2573,5221,2025-07-05,organic,organic_direct,266.69,26.67,240.02,USD
2574,7810,2025-07-05,organic,organic_direct,39.48,0.0,39.48,USD
2575,7780,2025-07-05,paid_search,generic_shoes,29.01,0.0,29.01,USD
2576,6144,2025-07-05,organic,organic_direct,216.69,10.83,205.86,USD
2577,3693,2025-07-05,paid_social,meta_prospecting,180.12,0.0,180.12,USD
2578,5531,2025-07-05,organic,organic_direct,42.28,0.0,42.28,USD
2579,6436,2025-07-05,affiliate,partner_blog,209.06,31.36,177.7,USD
2580,523,2025-07-05,organic,organic_direct,141.13,0.0,141.13,USD
2581,1502,2025-07-05,email,newsletter_weekly,42.36,4.24,38.12,USD
2582,2281,2025-07-05,email,newsletter_weekly,50.48,2.52,47.96,USD
2583,2194,2025-07-06,email,newsletter_weekly,173.47,17.35,156.12,USD
2584,495,2025-07-06,paid_social,meta_prospecting,177.81,0.0,177.81,USD
2585,6780,2025-07-06,affiliate,partner_blog,258.77,0.0,258.77,USD
2586,3775,2025-07-06,email,newsletter_weekly,214.57,32.19,182.38,USD
2587,4067,2025-07-06,organic,organic_direct,115.08,5.75,109.33,USD
2588,6685,2025-07-06,paid_social,meta_retarget,266.08,39.91,226.17,USD
2589,3805,2025-07-06,organic,organic_direct,190.16,19.02,171.14,USD
2590,7294,2025-07-06,organic,organic_direct,69.69,3.48,66.21,USD
2591,446,2025-07-06,paid_search,retargeting_search,209.79,10.49,199.3,USD
2592,4045,2025-07-06,affiliate,partner_blog,111.65,0.0,111.65,USD
2593,818,2025-07-06,paid_search,brand_search_q4,186.05,0.0,186.05,USD
2594,3071,2025-07-06,organic,organic_direct,161.58,0.0,161.58,USD
2595,110,2025-07-06,email,cart_abandon,199.46,0.0,199.46,USD
2596,5504,2025-07-06,organic,organic_direct,187.42,9.37,178.05,USD
2597,3389,2025-07-06,paid_social,tiktok_awareness,217.05,32.56,184.49,USD
2598,7167,2025-07-06,organic,organic_direct,24.28,0.0,24.28,USD
2599,4421,2025-07-06,organic,organic_direct,105.03,0.0,105.03,USD
2600,1902,2025-07-06,email,newsletter_weekly,70.23,0.0,70.23,USD
2601,4746,2025-07-06,paid_search,brand_search_q4,198.59,9.93,188.66,USD
2602,7367,2025-07-06,organic,organic_direct,93.53,0.0,93.53,USD
2603,5096,2025-07-06,email,winback,44.3,0.0,44.3,USD
2604,6549,2025-07-06,organic,organic_direct,186.46,18.65,167.81,USD
2605,2362,2025-07-06,paid_search,brand_search_q4,47.01,0.0,47.01,USD
2606,5714,2025-07-06,email,winback,99.64,0.0,99.64,USD
2607,5314,2025-07-06,organic,organic_direct,76.23,0.0,76.23,USD
2608,1244,2025-07-06,organic,organic_direct,101.44,0.0,101.44,USD
2609,3901,2025-07-06,organic,organic_direct,203.2,0.0,203.2,USD
2610,4899,2025-07-06,organic,organic_direct,242.1,0.0,242.1,USD
2611,3766,2025-07-06,paid_social,meta_prospecting,81.04,8.1,72.94,USD
2612,1553,2025-07-06,paid_search,generic_shoes,218.37,32.76,185.61,USD
2613,6623,2025-07-06,paid_search,retargeting_search,188.34,28.25,160.09,USD
2614,6079,2025-07-06,paid_social,tiktok_awareness,110.85,0.0,110.85,USD
2615,2934,2025-07-06,paid_search,generic_shoes,242.06,24.21,217.85,USD
2616,4883,2025-07-06,paid_social,meta_prospecting,37.84,0.0,37.84,USD
2617,5482,2025-07-06,paid_social,meta_prospecting,213.08,0.0,213.08,USD
2618,7096,2025-07-06,paid_search,generic_shoes,166.28,16.63,149.65,USD
2619,1761,2025-07-06,organic,organic_direct,154.08,0.0,154.08,USD
2620,949,2025-07-06,paid_social,tiktok_awareness,123.75,6.19,117.56,USD
2621,3097,2025-07-06,organic,organic_direct,178.85,0.0,178.85,USD
2622,7196,2025-07-06,paid_search,retargeting_search,236.13,0.0,236.13,USD
2623,4073,2025-07-06,organic,organic_direct,187.16,28.07,159.09,USD
2624,1039,2025-07-06,paid_social,meta_prospecting,219.27,0.0,219.27,USD
2625,962,2025-07-06,paid_search,retargeting_search,54.14,0.0,54.14,USD
2626,4234,2025-07-06,paid_social,tiktok_awareness,89.14,13.37,75.77,USD
2627,7671,2025-07-06,paid_social,tiktok_awareness,185.01,0.0,185.01,USD
2628,1078,2025-07-06,paid_social,meta_retarget,23.4,0.0,23.4,USD
2629,4225,2025-07-06,paid_social,tiktok_awareness,80.85,0.0,80.85,USD
2630,1675,2025-07-06,paid_search,retargeting_search,188.93,0.0,188.93,USD
2631,3631,2025-07-06,organic,organic_direct,25.71,2.57,23.14,USD
2632,3971,2025-07-06,paid_social,meta_retarget,17.38,1.74,15.64,USD
2633,2894,2025-07-06,paid_social,tiktok_awareness,164.45,0.0,164.45,USD
2634,6626,2025-07-06,organic,organic_direct,156.09,15.61,140.48,USD
2635,7843,2025-07-06,organic,organic_direct,108.45,0.0,108.45,USD
2636,711,2025-07-07,organic,organic_direct,272.83,0.0,272.83,USD
2637,5855,2025-07-07,affiliate,coupon_site,255.81,0.0,255.81,USD
2638,6029,2025-07-07,email,winback,28.11,0.0,28.11,USD
2639,6182,2025-07-07,organic,organic_direct,133.36,20.0,113.36,USD
2640,6439,2025-07-07,organic,organic_direct,81.96,0.0,81.96,USD
2641,7457,2025-07-07,paid_search,retargeting_search,283.93,28.39,255.54,USD
2642,5284,2025-07-07,email,newsletter_weekly,105.49,5.27,100.22,USD
2643,7439,2025-07-07,paid_social,tiktok_awareness,76.93,7.69,69.24,USD
2644,6834,2025-07-07,organic,organic_direct,144.37,14.44,129.93,USD
2645,1887,2025-07-07,organic,organic_direct,203.24,30.49,172.75,USD
2646,738,2025-07-07,paid_search,retargeting_search,37.54,1.88,35.66,USD
2647,6533,2025-07-07,paid_social,tiktok_awareness,193.52,9.68,183.84,USD
2648,2443,2025-07-07,paid_social,meta_prospecting,145.49,0.0,145.49,USD
2649,7339,2025-07-07,organic,organic_direct,140.29,0.0,140.29,USD
2650,5537,2025-07-07,paid_social,tiktok_awareness,50.47,5.05,45.42,USD
2651,6172,2025-07-07,organic,organic_direct,198.36,0.0,198.36,USD
2652,4000,2025-07-07,email,winback,53.41,0.0,53.41,USD
2653,2766,2025-07-07,email,newsletter_weekly,213.45,10.67,202.78,USD
2654,885,2025-07-07,organic,organic_direct,52.39,0.0,52.39,USD
2655,3998,2025-07-07,affiliate,coupon_site,249.03,0.0,249.03,USD
2656,7948,2025-07-07,affiliate,partner_blog,98.19,14.73,83.46,USD
2657,5501,2025-07-07,affiliate,partner_blog,134.44,20.17,114.27,USD
2658,3538,2025-07-07,paid_search,retargeting_search,143.5,21.52,121.98,USD
2659,2970,2025-07-07,paid_social,meta_retarget,150.73,15.07,135.66,USD
2660,4114,2025-07-07,organic,organic_direct,29.1,0.0,29.1,USD
2661,5029,2025-07-07,paid_search,brand_search_q4,151.36,0.0,151.36,USD
2662,1001,2025-07-07,organic,organic_direct,177.22,0.0,177.22,USD
2663,5636,2025-07-07,affiliate,coupon_site,254.27,0.0,254.27,USD
2664,810,2025-07-07,paid_search,generic_shoes,199.45,0.0,199.45,USD
2665,2728,2025-07-07,organic,organic_direct,141.48,0.0,141.48,USD
2666,1362,2025-07-07,organic,organic_direct,291.01,0.0,291.01,USD
2667,5473,2025-07-07,paid_search,brand_search_q4,44.44,4.44,40.0,USD
2668,6198,2025-07-07,paid_social,tiktok_awareness,204.13,30.62,173.51,USD
2669,6001,2025-07-07,organic,organic_direct,18.45,0.92,17.53,USD
2670,5017,2025-07-07,organic,organic_direct,103.82,0.0,103.82,USD
2671,4511,2025-07-07,affiliate,partner_blog,196.82,0.0,196.82,USD
2672,3389,2025-07-07,paid_search,retargeting_search,194.83,9.74,185.09,USD
2673,1308,2025-07-07,paid_social,meta_retarget,232.44,34.87,197.57,USD
2674,3608,2025-07-07,paid_search,retargeting_search,29.77,0.0,29.77,USD
2675,3646,2025-07-07,paid_social,meta_prospecting,111.1,0.0,111.1,USD
2676,5218,2025-07-07,organic,organic_direct,232.66,0.0,232.66,USD
2677,2139,2025-07-07,paid_search,brand_search_q4,265.88,13.29,252.59,USD
2678,1171,2025-07-07,email,newsletter_weekly,225.25,0.0,225.25,USD
2679,7435,2025-07-07,email,cart_abandon,147.18,14.72,132.46,USD
2680,5180,2025-07-07,email,winback,215.78,32.37,183.41,USD
2681,3479,2025-07-07,affiliate,partner_blog,256.65,12.83,243.82,USD
2682,5619,2025-07-07,organic,organic_direct,122.5,12.25,110.25,USD
2683,40,2025-07-07,organic,organic_direct,175.78,0.0,175.78,USD
2684,3708,2025-07-07,email,newsletter_weekly,247.18,37.08,210.1,USD
2685,307,2025-07-07,paid_search,retargeting_search,37.09,0.0,37.09,USD
2686,7102,2025-07-07,email,winback,151.93,0.0,151.93,USD
2687,3248,2025-07-07,organic,organic_direct,228.45,22.84,205.61,USD
2688,2727,2025-07-07,affiliate,coupon_site,257.56,0.0,257.56,USD
2689,557,2025-07-07,paid_social,tiktok_awareness,32.68,1.63,31.05,USD
2690,1408,2025-07-07,paid_social,meta_prospecting,205.19,10.26,194.93,USD
2691,1506,2025-07-07,paid_search,retargeting_search,147.22,22.08,125.14,USD
2692,3594,2025-07-07,paid_social,meta_retarget,148.62,0.0,148.62,USD
2693,2905,2025-07-07,paid_search,retargeting_search,245.03,36.75,208.28,USD
2694,6546,2025-07-07,organic,organic_direct,267.35,13.37,253.98,USD
2695,6306,2025-07-07,paid_search,brand_search_q4,125.47,12.55,112.92,USD
2696,5126,2025-07-07,organic,organic_direct,104.16,0.0,104.16,USD
2697,7783,2025-07-07,paid_search,retargeting_search,27.7,1.39,26.31,USD
2698,937,2025-07-07,paid_social,meta_retarget,156.89,0.0,156.89,USD
2699,3349,2025-07-07,paid_social,meta_retarget,258.12,38.72,219.4,USD
2700,4583,2025-07-07,email,cart_abandon,158.35,15.84,142.51,USD
2701,4790,2025-07-07,organic,organic_direct,40.67,2.03,38.64,USD
2702,7039,2025-07-07,paid_social,tiktok_awareness,144.66,21.7,122.96,USD
2703,2099,2025-07-07,organic,organic_direct,111.27,11.13,100.14,USD
2704,2052,2025-07-07,paid_social,meta_retarget,123.99,6.2,117.79,USD
2705,2288,2025-07-07,paid_social,tiktok_awareness,59.12,0.0,59.12,USD
2706,309,2025-07-07,paid_social,meta_prospecting,28.14,0.0,28.14,USD
2707,5660,2025-07-07,organic,organic_direct,78.32,0.0,78.32,USD
2708,5819,2025-07-07,email,cart_abandon,146.15,14.62,131.53,USD
2709,2297,2025-07-07,organic,organic_direct,188.01,0.0,188.01,USD
2710,4956,2025-07-07,email,newsletter_weekly,262.85,26.29,236.56,USD
2711,4881,2025-07-07,paid_search,brand_search_q4,61.15,0.0,61.15,USD
2712,4442,2025-07-07,paid_search,retargeting_search,271.97,13.6,258.37,USD
2713,6579,2025-07-07,organic,organic_direct,24.82,3.72,21.1,USD
2714,370,2025-07-07,paid_search,retargeting_search,247.39,0.0,247.39,USD
2715,3455,2025-07-07,paid_search,generic_shoes,84.17,12.63,71.54,USD
2716,3658,2025-07-07,email,cart_abandon,64.95,3.25,61.7,USD
2717,6310,2025-07-07,email,winback,250.76,37.61,213.15,USD
2718,2208,2025-07-07,paid_social,meta_prospecting,160.87,8.04,152.83,USD
2719,1935,2025-07-07,paid_search,brand_search_q4,86.29,0.0,86.29,USD
2720,1342,2025-07-07,paid_social,tiktok_awareness,243.43,0.0,243.43,USD
2721,5054,2025-07-07,paid_social,tiktok_awareness,92.91,9.29,83.62,USD
2722,7604,2025-07-07,paid_search,brand_search_q4,257.79,0.0,257.79,USD
2723,5107,2025-07-07,email,newsletter_weekly,87.38,8.74,78.64,USD
2724,5288,2025-07-07,paid_search,retargeting_search,236.62,0.0,236.62,USD
2725,1036,2025-07-07,paid_search,retargeting_search,160.65,0.0,160.65,USD
2726,3595,2025-07-07,paid_search,retargeting_search,164.24,24.64,139.6,USD
2727,5193,2025-07-07,paid_social,meta_retarget,107.41,0.0,107.41,USD
2728,6816,2025-07-07,affiliate,partner_blog,94.77,14.22,80.55,USD
2729,987,2025-07-07,paid_search,generic_shoes,52.45,2.62,49.83,USD
2730,4046,2025-07-07,organic,organic_direct,194.23,0.0,194.23,USD
2731,2474,2025-07-07,paid_social,tiktok_awareness,26.7,0.0,26.7,USD
2732,4287,2025-07-07,paid_social,tiktok_awareness,64.31,0.0,64.31,USD
2733,6136,2025-07-07,paid_search,generic_shoes,215.41,0.0,215.41,USD
2734,3994,2025-07-08,paid_search,generic_shoes,115.15,0.0,115.15,USD
2735,476,2025-07-08,paid_search,brand_search_q4,192.67,19.27,173.4,USD
2736,5715,2025-07-08,organic,organic_direct,92.68,0.0,92.68,USD
2737,6967,2025-07-08,paid_search,retargeting_search,253.41,25.34,228.07,USD
2738,7443,2025-07-08,paid_search,brand_search_q4,133.26,0.0,133.26,USD
2739,2825,2025-07-08,organic,organic_direct,54.74,0.0,54.74,USD
2740,5009,2025-07-08,email,newsletter_weekly,58.21,0.0,58.21,USD
2741,3487,2025-07-08,organic,organic_direct,16.0,0.0,16.0,USD
2742,1242,2025-07-08,organic,organic_direct,129.24,12.92,116.32,USD
2743,6881,2025-07-08,paid_search,retargeting_search,24.58,0.0,24.58,USD
2744,6012,2025-07-08,organic,organic_direct,40.13,0.0,40.13,USD
2745,6955,2025-07-08,paid_search,brand_search_q4,176.11,17.61,158.5,USD
2746,5264,2025-07-08,paid_social,meta_retarget,65.97,0.0,65.97,USD
2747,4722,2025-07-08,organic,organic_direct,63.25,0.0,63.25,USD
2748,1944,2025-07-08,paid_social,meta_prospecting,62.07,9.31,52.76,USD
2749,4468,2025-07-08,organic,organic_direct,283.47,28.35,255.12,USD
2750,2705,2025-07-08,organic,organic_direct,105.37,0.0,105.37,USD
2751,6956,2025-07-08,email,cart_abandon,213.38,0.0,213.38,USD
2752,6227,2025-07-08,paid_search,generic_shoes,239.36,0.0,239.36,USD
2753,1538,2025-07-08,paid_social,meta_prospecting,157.07,23.56,133.51,USD
2754,6515,2025-07-08,email,newsletter_weekly,203.09,0.0,203.09,USD
2755,6102,2025-07-08,paid_social,tiktok_awareness,131.4,19.71,111.69,USD
2756,837,2025-07-08,email,newsletter_weekly,183.49,27.52,155.97,USD
2757,7764,2025-07-08,organic,organic_direct,222.66,11.13,211.53,USD
2758,6712,2025-07-08,paid_search,retargeting_search,172.73,0.0,172.73,USD
2759,4841,2025-07-08,paid_social,meta_prospecting,171.39,0.0,171.39,USD
2760,1526,2025-07-08,paid_search,retargeting_search,119.62,0.0,119.62,USD
2761,6773,2025-07-08,organic,organic_direct,67.57,0.0,67.57,USD
2762,6393,2025-07-08,paid_search,brand_search_q4,174.52,8.73,165.79,USD
2763,3271,2025-07-08,organic,organic_direct,226.41,22.64,203.77,USD
2764,4046,2025-07-08,affiliate,partner_blog,91.87,13.78,78.09,USD
2765,2465,2025-07-08,organic,organic_direct,231.95,0.0,231.95,USD
2766,2999,2025-07-08,organic,organic_direct,298.28,0.0,298.28,USD
2767,4217,2025-07-08,email,newsletter_weekly,196.55,0.0,196.55,USD
2768,4639,2025-07-08,paid_social,tiktok_awareness,99.46,14.92,84.54,USD
2769,2826,2025-07-08,organic,organic_direct,225.91,22.59,203.32,USD
2770,4415,2025-07-08,paid_search,generic_shoes,20.16,0.0,20.16,USD
2771,5958,2025-07-08,affiliate,coupon_site,156.11,7.81,148.3,USD
2772,4973,2025-07-08,organic,organic_direct,203.99,30.6,173.39,USD
2773,4856,2025-07-08,paid_social,tiktok_awareness,23.25,1.16,22.09,USD
2774,7312,2025-07-08,paid_search,brand_search_q4,109.07,16.36,92.71,USD
2775,5562,2025-07-08,email,cart_abandon,279.24,0.0,279.24,USD
2776,4881,2025-07-08,affiliate,coupon_site,68.88,3.44,65.44,USD
2777,1521,2025-07-08,paid_search,retargeting_search,149.87,7.49,142.38,USD
2778,5962,2025-07-08,paid_social,meta_prospecting,27.22,0.0,27.22,USD
2779,7330,2025-07-08,organic,organic_direct,109.58,0.0,109.58,USD
2780,155,2025-07-08,organic,organic_direct,232.48,23.25,209.23,USD
2781,6425,2025-07-08,paid_social,tiktok_awareness,63.25,0.0,63.25,USD
2782,6609,2025-07-08,affiliate,partner_blog,264.64,39.7,224.94,USD
2783,5378,2025-07-08,paid_search,generic_shoes,85.93,0.0,85.93,USD
2784,1600,2025-07-08,paid_search,generic_shoes,114.14,5.71,108.43,USD
2785,2676,2025-07-08,affiliate,coupon_site,125.05,0.0,125.05,USD
2786,2914,2025-07-08,paid_search,retargeting_search,265.64,39.85,225.79,USD
2787,3281,2025-07-08,paid_search,brand_search_q4,99.3,0.0,99.3,USD
2788,2429,2025-07-08,organic,organic_direct,154.37,0.0,154.37,USD
2789,7398,2025-07-08,organic,organic_direct,25.34,1.27,24.07,USD
2790,5336,2025-07-08,paid_search,retargeting_search,14.58,0.0,14.58,USD
2791,5516,2025-07-08,paid_social,tiktok_awareness,132.51,13.25,119.26,USD
2792,4192,2025-07-08,email,cart_abandon,262.23,39.33,222.9,USD
2793,5143,2025-07-08,email,newsletter_weekly,104.35,15.65,88.7,USD
2794,1768,2025-07-08,organic,organic_direct,92.59,0.0,92.59,USD
2795,1197,2025-07-08,organic,organic_direct,100.96,0.0,100.96,USD
2796,7096,2025-07-08,organic,organic_direct,196.52,29.48,167.04,USD
2797,1545,2025-07-08,paid_social,tiktok_awareness,161.27,8.06,153.21,USD
2798,5641,2025-07-08,organic,organic_direct,225.27,22.53,202.74,USD
2799,531,2025-07-08,paid_search,retargeting_search,215.59,0.0,215.59,USD
2800,4242,2025-07-08,paid_social,meta_retarget,107.9,10.79,97.11,USD
2801,3155,2025-07-08,paid_social,meta_retarget,249.65,37.45,212.2,USD
2802,1883,2025-07-08,organic,organic_direct,190.43,0.0,190.43,USD
2803,401,2025-07-08,paid_social,tiktok_awareness,158.05,7.9,150.15,USD
2804,6473,2025-07-08,paid_social,meta_prospecting,38.76,3.88,34.88,USD
2805,1598,2025-07-09,organic,organic_direct,139.31,0.0,139.31,USD
2806,6045,2025-07-09,paid_search,brand_search_q4,14.47,2.17,12.3,USD
2807,6642,2025-07-09,organic,organic_direct,82.51,0.0,82.51,USD
2808,2276,2025-07-09,email,winback,237.43,0.0,237.43,USD
2809,4522,2025-07-09,email,newsletter_weekly,82.36,0.0,82.36,USD
2810,7822,2025-07-09,paid_social,meta_retarget,135.12,13.51,121.61,USD
2811,7747,2025-07-09,email,winback,247.95,37.19,210.76,USD
2812,2144,2025-07-09,paid_social,tiktok_awareness,132.64,0.0,132.64,USD
2813,4992,2025-07-09,paid_search,generic_shoes,140.13,0.0,140.13,USD
2814,4503,2025-07-09,paid_social,tiktok_awareness,25.06,0.0,25.06,USD
2815,3841,2025-07-09,organic,organic_direct,47.58,0.0,47.58,USD
2816,6517,2025-07-09,affiliate,partner_blog,68.85,10.33,58.52,USD
2817,1129,2025-07-09,organic,organic_direct,152.99,22.95,130.04,USD
2818,3071,2025-07-09,affiliate,partner_blog,53.11,0.0,53.11,USD
2819,6879,2025-07-09,affiliate,partner_blog,30.45,0.0,30.45,USD
2820,7023,2025-07-09,paid_search,generic_shoes,65.35,6.54,58.81,USD
2821,3917,2025-07-09,paid_search,generic_shoes,154.27,7.71,146.56,USD
2822,1018,2025-07-09,affiliate,partner_blog,247.66,0.0,247.66,USD
2823,426,2025-07-09,email,winback,70.59,10.59,60.0,USD
2824,3220,2025-07-09,paid_search,brand_search_q4,226.58,11.33,215.25,USD
2825,4270,2025-07-09,email,newsletter_weekly,242.9,0.0,242.9,USD
2826,4154,2025-07-09,paid_social,meta_retarget,147.94,0.0,147.94,USD
2827,150,2025-07-09,paid_search,generic_shoes,139.41,0.0,139.41,USD
2828,3923,2025-07-09,paid_search,generic_shoes,140.8,0.0,140.8,USD
2829,2706,2025-07-09,organic,organic_direct,74.9,11.24,63.66,USD
2830,6328,2025-07-09,paid_search,generic_shoes,166.34,0.0,166.34,USD
2831,7683,2025-07-09,paid_social,meta_prospecting,118.76,17.81,100.95,USD
2832,5741,2025-07-09,organic,organic_direct,83.89,12.58,71.31,USD
2833,3420,2025-07-09,organic,organic_direct,261.68,39.25,222.43,USD
2834,1761,2025-07-09,email,newsletter_weekly,90.83,0.0,90.83,USD
2835,5267,2025-07-09,organic,organic_direct,51.56,2.58,48.98,USD
2836,3392,2025-07-09,email,winback,189.64,0.0,189.64,USD
2837,886,2025-07-09,affiliate,coupon_site,241.37,36.21,205.16,USD
2838,575,2025-07-09,affiliate,partner_blog,110.98,11.1,99.88,USD
2839,3339,2025-07-09,paid_social,meta_retarget,58.75,0.0,58.75,USD
2840,6780,2025-07-09,affiliate,coupon_site,250.66,0.0,250.66,USD
2841,893,2025-07-09,paid_social,tiktok_awareness,257.68,38.65,219.03,USD
2842,5337,2025-07-09,affiliate,coupon_site,235.06,0.0,235.06,USD
2843,7304,2025-07-09,affiliate,partner_blog,162.0,0.0,162.0,USD
2844,6126,2025-07-09,organic,organic_direct,222.42,0.0,222.42,USD
2845,4264,2025-07-09,paid_search,retargeting_search,99.2,0.0,99.2,USD
2846,3732,2025-07-09,paid_search,brand_search_q4,213.19,21.32,191.87,USD
2847,6027,2025-07-09,paid_search,retargeting_search,65.55,6.55,59.0,USD
2848,940,2025-07-09,paid_search,retargeting_search,248.59,37.29,211.3,USD
2849,1194,2025-07-09,affiliate,coupon_site,168.19,8.41,159.78,USD
2850,7542,2025-07-09,affiliate,partner_blog,248.9,37.34,211.56,USD
2851,3929,2025-07-09,organic,organic_direct,165.81,0.0,165.81,USD
2852,117,2025-07-09,paid_search,retargeting_search,171.96,0.0,171.96,USD
2853,5893,2025-07-09,email,winback,32.54,3.25,29.29,USD
2854,6940,2025-07-09,paid_social,tiktok_awareness,217.48,10.87,206.61,USD
2855,7749,2025-07-09,paid_social,meta_retarget,133.93,13.39,120.54,USD
2856,7410,2025-07-09,organic,organic_direct,151.34,7.57,143.77,USD
2857,6492,2025-07-09,email,cart_abandon,212.59,0.0,212.59,USD
2858,1551,2025-07-09,paid_social,tiktok_awareness,128.71,19.31,109.4,USD
2859,506,2025-07-10,organic,organic_direct,134.85,13.48,121.37,USD
2860,433,2025-07-10,paid_search,brand_search_q4,219.07,32.86,186.21,USD
2861,3907,2025-07-10,paid_search,generic_shoes,90.91,0.0,90.91,USD
2862,4871,2025-07-10,organic,organic_direct,207.37,31.11,176.26,USD
2863,2601,2025-07-10,organic,organic_direct,114.78,5.74,109.04,USD
2864,7806,2025-07-10,paid_social,tiktok_awareness,69.72,3.49,66.23,USD
2865,6479,2025-07-10,paid_search,brand_search_q4,226.24,11.31,214.93,USD
2866,6165,2025-07-10,organic,organic_direct,68.95,0.0,68.95,USD
2867,866,2025-07-10,paid_social,tiktok_awareness,183.02,27.45,155.57,USD
2868,6647,2025-07-10,paid_search,retargeting_search,125.38,0.0,125.38,USD
2869,4772,2025-07-10,organic,organic_direct,138.65,13.87,124.78,USD
2870,2795,2025-07-10,organic,organic_direct,65.21,0.0,65.21,USD
2871,4003,2025-07-10,email,winback,243.15,36.47,206.68,USD
2872,6503,2025-07-10,organic,organic_direct,261.58,0.0,261.58,USD
2873,3036,2025-07-10,paid_search,generic_shoes,283.77,0.0,283.77,USD
2874,935,2025-07-10,paid_search,retargeting_search,146.11,0.0,146.11,USD
2875,5048,2025-07-10,paid_search,retargeting_search,160.45,8.02,152.43,USD
2876,2956,2025-07-10,email,newsletter_weekly,170.22,0.0,170.22,USD
2877,3669,2025-07-10,paid_search,brand_search_q4,112.87,11.29,101.58,USD
2878,1207,2025-07-10,paid_social,meta_prospecting,159.99,0.0,159.99,USD
2879,2953,2025-07-10,organic,organic_direct,179.43,0.0,179.43,USD
2880,4882,2025-07-10,organic,organic_direct,94.08,0.0,94.08,USD
2881,6440,2025-07-10,paid_social,meta_retarget,150.11,0.0,150.11,USD
2882,5546,2025-07-10,affiliate,coupon_site,176.62,8.83,167.79,USD
2883,1691,2025-07-10,paid_social,meta_prospecting,252.4,25.24,227.16,USD
2884,6641,2025-07-10,paid_social,tiktok_awareness,15.56,0.0,15.56,USD
2885,144,2025-07-10,organic,organic_direct,106.29,0.0,106.29,USD
2886,664,2025-07-10,affiliate,partner_blog,143.02,14.3,128.72,USD
2887,990,2025-07-10,organic,organic_direct,253.77,25.38,228.39,USD
2888,6739,2025-07-10,paid_social,meta_retarget,271.65,0.0,271.65,USD
2889,5534,2025-07-10,paid_social,meta_retarget,168.46,8.42,160.04,USD
2890,4436,2025-07-10,paid_social,meta_prospecting,110.2,16.53,93.67,USD
2891,1882,2025-07-10,paid_social,meta_prospecting,191.47,0.0,191.47,USD
2892,4029,2025-07-10,paid_search,retargeting_search,172.32,17.23,155.09,USD
2893,1990,2025-07-10,organic,organic_direct,49.14,2.46,46.68,USD
2894,3299,2025-07-11,paid_social,meta_prospecting,204.69,0.0,204.69,USD
2895,1562,2025-07-11,paid_social,meta_prospecting,182.34,18.23,164.11,USD
2896,5688,2025-07-11,paid_social,meta_prospecting,84.36,0.0,84.36,USD
2897,5298,2025-07-11,organic,organic_direct,51.19,0.0,51.19,USD
2898,2253,2025-07-11,email,newsletter_weekly,195.17,0.0,195.17,USD
2899,5905,2025-07-11,email,newsletter_weekly,34.73,3.47,31.26,USD
2900,6019,2025-07-11,paid_social,meta_prospecting,207.59,10.38,197.21,USD
2901,4673,2025-07-11,paid_social,tiktok_awareness,206.9,20.69,186.21,USD
2902,7353,2025-07-11,paid_social,tiktok_awareness,157.44,0.0,157.44,USD
2903,443,2025-07-11,affiliate,coupon_site,51.63,5.16,46.47,USD
2904,2791,2025-07-11,paid_social,tiktok_awareness,136.01,0.0,136.01,USD
2905,7265,2025-07-11,paid_social,meta_retarget,112.39,0.0,112.39,USD
2906,5129,2025-07-11,organic,organic_direct,87.11,8.71,78.4,USD
2907,2631,2025-07-11,paid_search,generic_shoes,282.15,0.0,282.15,USD
2908,6533,2025-07-11,organic,organic_direct,178.59,0.0,178.59,USD
2909,2973,2025-07-11,email,cart_abandon,251.33,12.57,238.76,USD
2910,7519,2025-07-11,email,winback,226.38,0.0,226.38,USD
2911,4320,2025-07-11,paid_social,meta_retarget,262.64,26.26,236.38,USD
2912,2358,2025-07-11,paid_search,generic_shoes,261.82,13.09,248.73,USD
2913,6558,2025-07-11,paid_search,generic_shoes,278.03,41.7,236.33,USD
2914,7249,2025-07-11,organic,organic_direct,192.25,0.0,192.25,USD
2915,683,2025-07-11,paid_search,brand_search_q4,130.75,0.0,130.75,USD
2916,1982,2025-07-11,paid_social,meta_retarget,179.74,8.99,170.75,USD
2917,4423,2025-07-11,paid_social,tiktok_awareness,86.86,8.69,78.17,USD
2918,2417,2025-07-11,paid_search,generic_shoes,99.97,0.0,99.97,USD
2919,5770,2025-07-11,paid_social,meta_prospecting,96.71,0.0,96.71,USD
2920,2316,2025-07-11,affiliate,coupon_site,197.88,0.0,197.88,USD
2921,1766,2025-07-11,organic,organic_direct,32.11,4.82,27.29,USD
2922,4473,2025-07-11,organic,organic_direct,146.24,0.0,146.24,USD
2923,4305,2025-07-11,organic,organic_direct,81.01,0.0,81.01,USD
2924,5274,2025-07-11,paid_social,meta_prospecting,165.02,0.0,165.02,USD
2925,3080,2025-07-11,paid_social,tiktok_awareness,22.42,0.0,22.42,USD
2926,7658,2025-07-11,email,newsletter_weekly,41.77,0.0,41.77,USD
2927,4954,2025-07-11,paid_social,meta_prospecting,235.94,0.0,235.94,USD
2928,6794,2025-07-11,paid_social,meta_retarget,93.01,4.65,88.36,USD
2929,5370,2025-07-11,paid_social,meta_prospecting,75.25,0.0,75.25,USD
2930,3836,2025-07-11,paid_social,meta_prospecting,101.45,0.0,101.45,USD
2931,864,2025-07-11,organic,organic_direct,78.2,0.0,78.2,USD
2932,6062,2025-07-11,paid_social,tiktok_awareness,214.95,21.5,193.45,USD
2933,3125,2025-07-11,paid_search,brand_search_q4,72.55,0.0,72.55,USD
2934,1900,2025-07-11,paid_search,brand_search_q4,113.51,0.0,113.51,USD
2935,4245,2025-07-11,paid_search,brand_search_q4,35.75,0.0,35.75,USD
2936,3953,2025-07-11,affiliate,partner_blog,234.07,23.41,210.66,USD
2937,1223,2025-07-11,organic,organic_direct,280.46,14.02,266.44,USD
2938,1655,2025-07-11,paid_search,generic_shoes,220.53,0.0,220.53,USD
2939,260,2025-07-11,paid_social,meta_prospecting,180.85,18.09,162.76,USD
2940,283,2025-07-11,affiliate,partner_blog,72.29,3.61,68.68,USD
2941,467,2025-07-11,organic,organic_direct,18.61,0.0,18.61,USD
2942,6677,2025-07-11,paid_search,generic_shoes,84.13,4.21,79.92,USD
2943,711,2025-07-11,paid_search,retargeting_search,163.26,24.49,138.77,USD
2944,2482,2025-07-11,affiliate,coupon_site,114.98,11.5,103.48,USD
2945,1245,2025-07-11,paid_search,generic_shoes,101.17,0.0,101.17,USD
2946,3426,2025-07-11,paid_search,generic_shoes,79.41,0.0,79.41,USD
2947,6020,2025-07-11,paid_search,generic_shoes,262.36,13.12,249.24,USD
2948,2310,2025-07-11,email,winback,194.41,0.0,194.41,USD
2949,3839,2025-07-11,paid_social,meta_retarget,97.82,9.78,88.04,USD
2950,5139,2025-07-11,email,cart_abandon,300.54,30.05,270.49,USD
2951,6281,2025-07-11,affiliate,coupon_site,250.48,0.0,250.48,USD
2952,4699,2025-07-11,paid_social,meta_prospecting,55.21,0.0,55.21,USD
2953,4411,2025-07-11,email,cart_abandon,177.94,0.0,177.94,USD
2954,810,2025-07-11,paid_social,tiktok_awareness,43.77,0.0,43.77,USD
2955,6583,2025-07-11,email,cart_abandon,98.56,0.0,98.56,USD
2956,7248,2025-07-11,paid_social,meta_prospecting,43.71,0.0,43.71,USD
2957,6316,2025-07-11,paid_search,retargeting_search,244.58,0.0,244.58,USD
2958,7988,2025-07-11,paid_search,brand_search_q4,42.49,6.37,36.12,USD
2959,4828,2025-07-11,organic,organic_direct,273.13,40.97,232.16,USD
2960,3437,2025-07-11,paid_search,retargeting_search,19.91,0.0,19.91,USD
2961,965,2025-07-11,organic,organic_direct,211.92,21.19,190.73,USD
2962,7196,2025-07-11,paid_search,retargeting_search,204.77,10.24,194.53,USD
2963,2705,2025-07-11,paid_social,meta_retarget,205.56,30.83,174.73,USD
2964,3789,2025-07-11,paid_social,tiktok_awareness,253.01,0.0,253.01,USD
2965,2663,2025-07-11,paid_social,tiktok_awareness,183.14,27.47,155.67,USD
2966,5918,2025-07-11,affiliate,coupon_site,187.89,9.39,178.5,USD
2967,2267,2025-07-11,paid_social,meta_prospecting,241.27,0.0,241.27,USD
2968,5795,2025-07-11,organic,organic_direct,146.69,7.33,139.36,USD
2969,6372,2025-07-11,email,winback,227.22,34.08,193.14,USD
2970,1280,2025-07-11,organic,organic_direct,218.17,21.82,196.35,USD
2971,5073,2025-07-11,paid_search,generic_shoes,60.23,9.03,51.2,USD
2972,3574,2025-07-11,organic,organic_direct,33.27,4.99,28.28,USD
2973,1572,2025-07-11,email,newsletter_weekly,83.08,0.0,83.08,USD
2974,4291,2025-07-11,organic,organic_direct,152.97,0.0,152.97,USD
2975,7427,2025-07-11,paid_social,tiktok_awareness,63.84,3.19,60.65,USD
2976,4895,2025-07-11,paid_search,retargeting_search,32.13,3.21,28.92,USD
2977,7667,2025-07-11,paid_social,tiktok_awareness,289.37,0.0,289.37,USD
2978,5894,2025-07-11,email,winback,30.87,0.0,30.87,USD
2979,4922,2025-07-11,paid_social,meta_retarget,244.52,24.45,220.07,USD
2980,4147,2025-07-11,organic,organic_direct,220.46,0.0,220.46,USD
2981,954,2025-07-11,paid_search,retargeting_search,164.16,16.42,147.74,USD
2982,6854,2025-07-11,paid_social,tiktok_awareness,56.4,8.46,47.94,USD
2983,5844,2025-07-11,paid_social,tiktok_awareness,110.41,0.0,110.41,USD
2984,4012,2025-07-11,paid_social,meta_retarget,248.45,0.0,248.45,USD
2985,7640,2025-07-11,paid_social,meta_prospecting,67.65,6.77,60.88,USD
2986,2303,2025-07-11,paid_search,brand_search_q4,231.1,23.11,207.99,USD
2987,3332,2025-07-11,affiliate,coupon_site,228.07,22.81,205.26,USD
2988,1830,2025-07-11,affiliate,coupon_site,86.91,8.69,78.22,USD
2989,2022,2025-07-11,paid_social,meta_retarget,41.34,0.0,41.34,USD
2990,1435,2025-07-11,affiliate,partner_blog,89.86,0.0,89.86,USD
2991,37,2025-07-11,paid_search,generic_shoes,226.0,0.0,226.0,USD
2992,5973,2025-07-11,organic,organic_direct,245.28,0.0,245.28,USD
2993,1945,2025-07-11,organic,organic_direct,115.92,0.0,115.92,USD
2994,7061,2025-07-11,paid_social,meta_prospecting,104.5,0.0,104.5,USD
2995,4470,2025-07-11,email,newsletter_weekly,264.5,0.0,264.5,USD
2996,6689,2025-07-11,email,cart_abandon,79.35,11.9,67.45,USD
2997,1622,2025-07-11,paid_social,tiktok_awareness,187.67,0.0,187.67,USD
2998,2637,2025-07-11,paid_search,retargeting_search,121.86,0.0,121.86,USD
2999,4250,2025-07-11,email,winback,175.13,0.0,175.13,USD
3000,7694,2025-07-11,email,winback,187.46,18.75,168.71,USD
3001,6824,2025-07-12,paid_social,tiktok_awareness,96.38,14.46,81.92,USD
3002,1400,2025-07-12,paid_search,brand_search_q4,147.13,22.07,125.06,USD
3003,7577,2025-07-12,email,newsletter_weekly,26.81,0.0,26.81,USD
3004,5231,2025-07-12,paid_social,meta_retarget,112.99,0.0,112.99,USD
3005,3062,2025-07-12,organic,organic_direct,100.01,5.0,95.01,USD
3006,7985,2025-07-12,email,cart_abandon,141.15,21.17,119.98,USD
3007,1651,2025-07-12,paid_search,generic_shoes,20.2,1.01,19.19,USD
3008,7769,2025-07-12,organic,organic_direct,141.78,0.0,141.78,USD
3009,7495,2025-07-12,paid_search,brand_search_q4,202.67,0.0,202.67,USD
3010,1789,2025-07-12,paid_social,meta_prospecting,138.63,13.86,124.77,USD
3011,288,2025-07-12,email,winback,131.9,0.0,131.9,USD
3012,6854,2025-07-12,email,winback,58.03,0.0,58.03,USD
3013,5379,2025-07-12,paid_social,meta_retarget,175.48,26.32,149.16,USD
3014,5610,2025-07-12,paid_social,meta_retarget,180.16,0.0,180.16,USD
3015,1198,2025-07-12,organic,organic_direct,83.04,12.46,70.58,USD
3016,5310,2025-07-12,paid_social,meta_prospecting,83.75,12.56,71.19,USD
3017,1105,2025-07-12,paid_social,tiktok_awareness,27.52,1.38,26.14,USD
3018,7844,2025-07-12,paid_search,retargeting_search,260.54,0.0,260.54,USD
3019,3281,2025-07-12,paid_social,tiktok_awareness,71.0,0.0,71.0,USD
3020,503,2025-07-12,affiliate,coupon_site,48.65,4.87,43.78,USD
3021,4156,2025-07-12,paid_search,brand_search_q4,241.83,0.0,241.83,USD
3022,4035,2025-07-12,paid_search,generic_shoes,213.33,0.0,213.33,USD
3023,4107,2025-07-12,email,winback,95.79,9.58,86.21,USD
3024,5848,2025-07-12,organic,organic_direct,134.04,13.4,120.64,USD
3025,4365,2025-07-12,paid_social,tiktok_awareness,118.99,11.9,107.09,USD
3026,5075,2025-07-12,organic,organic_direct,257.34,0.0,257.34,USD
3027,7610,2025-07-12,email,newsletter_weekly,124.76,18.71,106.05,USD
3028,1111,2025-07-12,paid_social,tiktok_awareness,44.97,0.0,44.97,USD
3029,2223,2025-07-12,paid_search,brand_search_q4,34.82,3.48,31.34,USD
3030,390,2025-07-12,affiliate,coupon_site,111.63,5.58,106.05,USD
3031,2858,2025-07-12,paid_search,retargeting_search,238.42,0.0,238.42,USD
3032,5116,2025-07-12,organic,organic_direct,160.08,0.0,160.08,USD
3033,2051,2025-07-12,paid_search,generic_shoes,136.47,20.47,116.0,USD
3034,7923,2025-07-12,affiliate,coupon_site,78.42,0.0,78.42,USD
3035,7416,2025-07-12,paid_social,meta_prospecting,124.93,0.0,124.93,USD
3036,225,2025-07-12,organic,organic_direct,28.23,4.23,24.0,USD
3037,1421,2025-07-12,affiliate,coupon_site,69.54,3.48,66.06,USD
3038,3745,2025-07-12,organic,organic_direct,57.93,0.0,57.93,USD
3039,5127,2025-07-12,affiliate,coupon_site,243.19,0.0,243.19,USD
3040,5635,2025-07-12,paid_social,tiktok_awareness,226.01,0.0,226.01,USD
3041,6391,2025-07-12,affiliate,coupon_site,111.38,5.57,105.81,USD
3042,6169,2025-07-12,paid_search,generic_shoes,108.96,16.34,92.62,USD
3043,7041,2025-07-12,paid_search,brand_search_q4,163.05,0.0,163.05,USD
3044,6819,2025-07-12,email,winback,77.49,0.0,77.49,USD
3045,7586,2025-07-12,organic,organic_direct,281.77,28.18,253.59,USD
3046,3493,2025-07-12,organic,organic_direct,188.2,9.41,178.79,USD
3047,6801,2025-07-12,paid_search,retargeting_search,85.05,0.0,85.05,USD
3048,5779,2025-07-12,affiliate,coupon_site,23.49,0.0,23.49,USD
3049,1853,2025-07-12,organic,organic_direct,57.55,8.63,48.92,USD
3050,5088,2025-07-12,paid_search,generic_shoes,256.37,0.0,256.37,USD
3051,7873,2025-07-12,paid_search,brand_search_q4,99.04,0.0,99.04,USD
3052,312,2025-07-12,paid_search,retargeting_search,157.12,0.0,157.12,USD
3053,7552,2025-07-12,paid_search,retargeting_search,60.61,6.06,54.55,USD
3054,3338,2025-07-12,affiliate,coupon_site,73.7,7.37,66.33,USD
3055,1021,2025-07-12,organic,organic_direct,232.73,23.27,209.46,USD
3056,2335,2025-07-12,email,newsletter_weekly,112.14,16.82,95.32,USD
3057,283,2025-07-12,organic,organic_direct,77.76,0.0,77.76,USD
3058,2996,2025-07-12,organic,organic_direct,249.46,0.0,249.46,USD
3059,2645,2025-07-12,organic,organic_direct,261.66,0.0,261.66,USD
3060,2652,2025-07-12,organic,organic_direct,154.91,7.75,147.16,USD
3061,3068,2025-07-12,organic,organic_direct,225.85,0.0,225.85,USD
3062,2272,2025-07-12,paid_social,meta_retarget,239.6,0.0,239.6,USD
3063,3797,2025-07-12,paid_search,brand_search_q4,207.98,0.0,207.98,USD
3064,1274,2025-07-12,paid_search,retargeting_search,96.43,4.82,91.61,USD
3065,1188,2025-07-12,email,winback,40.07,0.0,40.07,USD
3066,6047,2025-07-12,paid_social,meta_retarget,254.19,25.42,228.77,USD
3067,5996,2025-07-12,paid_search,retargeting_search,160.57,16.06,144.51,USD
3068,558,2025-07-12,paid_search,retargeting_search,244.47,0.0,244.47,USD
3069,1577,2025-07-12,organic,organic_direct,123.1,18.46,104.64,USD
3070,6272,2025-07-12,organic,organic_direct,185.99,0.0,185.99,USD
3071,115,2025-07-12,paid_search,generic_shoes,146.47,14.65,131.82,USD
3072,2987,2025-07-12,organic,organic_direct,239.87,23.99,215.88,USD
3073,7878,2025-07-12,paid_social,meta_retarget,114.71,0.0,114.71,USD
3074,5686,2025-07-12,paid_search,retargeting_search,161.67,24.25,137.42,USD
3075,1617,2025-07-12,paid_social,meta_retarget,115.16,0.0,115.16,USD
3076,7046,2025-07-12,paid_search,brand_search_q4,185.39,0.0,185.39,USD
3077,4767,2025-07-12,paid_social,tiktok_awareness,223.14,11.16,211.98,USD
3078,5436,2025-07-12,organic,organic_direct,215.74,32.36,183.38,USD
3079,1903,2025-07-12,paid_search,retargeting_search,131.25,6.56,124.69,USD
3080,1235,2025-07-12,affiliate,coupon_site,73.35,0.0,73.35,USD
3081,4981,2025-07-12,paid_social,meta_retarget,248.51,0.0,248.51,USD
3082,2632,2025-07-12,organic,organic_direct,256.91,38.54,218.37,USD
3083,7814,2025-07-12,organic,organic_direct,184.91,0.0,184.91,USD
3084,1115,2025-07-12,paid_search,retargeting_search,134.55,0.0,134.55,USD
3085,6265,2025-07-12,paid_search,brand_search_q4,191.76,9.59,182.17,USD
3086,3420,2025-07-13,organic,organic_direct,280.28,42.04,238.24,USD
3087,1969,2025-07-13,organic,organic_direct,45.7,0.0,45.7,USD
3088,5365,2025-07-13,paid_social,meta_retarget,71.34,0.0,71.34,USD
3089,5222,2025-07-13,paid_social,meta_prospecting,122.7,18.41,104.29,USD
3090,4109,2025-07-13,affiliate,partner_blog,258.55,38.78,219.77,USD
3091,2177,2025-07-13,paid_social,meta_retarget,25.06,1.25,23.81,USD
3092,1198,2025-07-13,organic,organic_direct,224.01,0.0,224.01,USD
3093,3147,2025-07-13,paid_social,meta_prospecting,201.59,0.0,201.59,USD
3094,2932,2025-07-13,paid_search,generic_shoes,36.54,1.83,34.71,USD
3095,7718,2025-07-13,paid_search,retargeting_search,78.79,0.0,78.79,USD
3096,5216,2025-07-13,paid_social,meta_retarget,219.98,0.0,219.98,USD
3097,1882,2025-07-13,paid_search,generic_shoes,137.04,0.0,137.04,USD
3098,4583,2025-07-13,email,newsletter_weekly,252.56,0.0,252.56,USD
3099,1283,2025-07-13,email,cart_abandon,187.51,18.75,168.76,USD
3100,710,2025-07-13,affiliate,coupon_site,82.45,12.37,70.08,USD
3101,5991,2025-07-13,paid_search,generic_shoes,159.88,0.0,159.88,USD
3102,888,2025-07-13,organic,organic_direct,177.96,0.0,177.96,USD
3103,4633,2025-07-13,paid_social,meta_prospecting,77.17,0.0,77.17,USD
3104,1127,2025-07-13,paid_social,tiktok_awareness,143.97,0.0,143.97,USD
3105,1599,2025-07-13,paid_search,generic_shoes,120.68,0.0,120.68,USD
3106,68,2025-07-13,organic,organic_direct,256.92,38.54,218.38,USD
3107,3186,2025-07-13,email,winback,74.94,0.0,74.94,USD
3108,2729,2025-07-13,paid_social,tiktok_awareness,195.05,0.0,195.05,USD
3109,642,2025-07-13,organic,organic_direct,208.38,10.42,197.96,USD
3110,1855,2025-07-13,paid_search,brand_search_q4,214.63,10.73,203.9,USD
3111,5436,2025-07-13,organic,organic_direct,16.81,0.0,16.81,USD
3112,4266,2025-07-13,email,cart_abandon,18.6,0.0,18.6,USD
3113,2333,2025-07-13,organic,organic_direct,96.46,14.47,81.99,USD
3114,2072,2025-07-13,email,winback,172.61,0.0,172.61,USD
3115,6096,2025-07-13,organic,organic_direct,83.54,0.0,83.54,USD
3116,6976,2025-07-13,paid_search,brand_search_q4,86.28,0.0,86.28,USD
3117,6524,2025-07-13,organic,organic_direct,225.78,0.0,225.78,USD
3118,5334,2025-07-13,paid_social,meta_prospecting,218.71,0.0,218.71,USD
3119,2394,2025-07-13,organic,organic_direct,43.09,0.0,43.09,USD
3120,3069,2025-07-13,organic,organic_direct,168.04,25.21,142.83,USD
3121,7842,2025-07-13,organic,organic_direct,64.13,0.0,64.13,USD
3122,3774,2025-07-13,organic,organic_direct,232.02,0.0,232.02,USD
3123,5939,2025-07-13,email,newsletter_weekly,202.4,30.36,172.04,USD
3124,4912,2025-07-13,paid_social,meta_retarget,26.32,3.95,22.37,USD
3125,7700,2025-07-13,organic,organic_direct,265.64,0.0,265.64,USD
3126,5272,2025-07-13,affiliate,partner_blog,205.66,10.28,195.38,USD
3127,2234,2025-07-13,organic,organic_direct,250.1,37.52,212.58,USD
3128,4284,2025-07-13,affiliate,coupon_site,203.37,0.0,203.37,USD
3129,4912,2025-07-13,organic,organic_direct,186.49,27.97,158.52,USD
3130,6993,2025-07-13,paid_social,meta_prospecting,222.22,0.0,222.22,USD
3131,6646,2025-07-13,paid_search,brand_search_q4,195.13,0.0,195.13,USD
3132,4104,2025-07-13,email,newsletter_weekly,49.24,4.92,44.32,USD
3133,1235,2025-07-13,email,cart_abandon,148.81,22.32,126.49,USD
3134,5440,2025-07-13,paid_search,brand_search_q4,92.35,4.62,87.73,USD
3135,5490,2025-07-13,paid_social,meta_retarget,144.49,14.45,130.04,USD
3136,1842,2025-07-13,affiliate,partner_blog,181.48,0.0,181.48,USD
3137,1572,2025-07-13,paid_search,retargeting_search,278.96,0.0,278.96,USD
3138,7537,2025-07-13,paid_social,tiktok_awareness,100.66,0.0,100.66,USD
3139,6426,2025-07-13,affiliate,partner_blog,195.55,29.33,166.22,USD
3140,7557,2025-07-13,affiliate,partner_blog,207.8,0.0,207.8,USD
3141,579,2025-07-13,email,newsletter_weekly,185.01,0.0,185.01,USD
3142,1166,2025-07-13,email,newsletter_weekly,33.2,1.66,31.54,USD
3143,7214,2025-07-13,email,newsletter_weekly,179.06,8.95,170.11,USD
3144,3507,2025-07-13,affiliate,partner_blog,37.11,0.0,37.11,USD
3145,1157,2025-07-13,paid_search,brand_search_q4,110.61,5.53,105.08,USD
3146,2096,2025-07-13,paid_search,retargeting_search,245.0,0.0,245.0,USD
3147,7954,2025-07-13,organic,organic_direct,261.8,13.09,248.71,USD
3148,3501,2025-07-13,affiliate,partner_blog,43.19,0.0,43.19,USD
3149,3501,2025-07-13,organic,organic_direct,264.58,39.69,224.89,USD
3150,1836,2025-07-13,paid_social,tiktok_awareness,159.45,23.92,135.53,USD
3151,7815,2025-07-13,organic,organic_direct,270.57,40.59,229.98,USD
3152,5991,2025-07-13,paid_search,brand_search_q4,66.35,0.0,66.35,USD
3153,1526,2025-07-13,paid_social,meta_retarget,240.93,0.0,240.93,USD
3154,6922,2025-07-13,paid_search,brand_search_q4,171.06,8.55,162.51,USD
3155,4259,2025-07-13,affiliate,coupon_site,83.91,0.0,83.91,USD
3156,7327,2025-07-14,affiliate,coupon_site,189.78,9.49,180.29,USD
3157,7695,2025-07-14,email,newsletter_weekly,101.38,10.14,91.24,USD
3158,7536,2025-07-14,affiliate,coupon_site,282.05,14.1,267.95,USD
3159,2636,2025-07-14,organic,organic_direct,126.89,0.0,126.89,USD
3160,7312,2025-07-14,email,cart_abandon,31.33,0.0,31.33,USD
3161,5578,2025-07-14,organic,organic_direct,136.2,0.0,136.2,USD
3162,1867,2025-07-14,paid_search,brand_search_q4,133.33,13.33,120.0,USD
3163,4676,2025-07-14,email,newsletter_weekly,18.78,0.0,18.78,USD
3164,31,2025-07-14,email,newsletter_weekly,39.7,5.96,33.74,USD
3165,486,2025-07-14,organic,organic_direct,176.86,0.0,176.86,USD
3166,6982,2025-07-14,paid_social,meta_prospecting,170.66,25.6,145.06,USD
3167,3519,2025-07-14,paid_social,meta_retarget,205.15,0.0,205.15,USD
3168,2340,2025-07-14,paid_search,generic_shoes,221.11,33.17,187.94,USD
3169,7457,2025-07-14,organic,organic_direct,178.38,26.76,151.62,USD
3170,2638,2025-07-14,paid_search,brand_search_q4,111.14,11.11,100.03,USD
3171,1438,2025-07-14,organic,organic_direct,223.34,0.0,223.34,USD
3172,3498,2025-07-14,organic,organic_direct,37.38,0.0,37.38,USD
3173,4414,2025-07-14,affiliate,coupon_site,15.83,0.0,15.83,USD
3174,826,2025-07-14,affiliate,partner_blog,41.42,0.0,41.42,USD
3175,3359,2025-07-14,paid_social,meta_retarget,198.05,0.0,198.05,USD
3176,554,2025-07-14,paid_search,retargeting_search,282.07,28.21,253.86,USD
3177,2716,2025-07-14,paid_social,meta_prospecting,270.07,13.5,256.57,USD
3178,1645,2025-07-14,affiliate,coupon_site,140.72,0.0,140.72,USD
3179,7563,2025-07-14,email,newsletter_weekly,66.67,0.0,66.67,USD
3180,6417,2025-07-14,email,newsletter_weekly,229.13,0.0,229.13,USD
3181,1632,2025-07-14,affiliate,partner_blog,27.05,1.35,25.7,USD
3182,1868,2025-07-14,organic,organic_direct,112.96,0.0,112.96,USD
3183,4296,2025-07-14,affiliate,coupon_site,20.09,0.0,20.09,USD
3184,1439,2025-07-14,paid_social,meta_prospecting,120.72,0.0,120.72,USD
3185,7162,2025-07-14,email,winback,108.05,5.4,102.65,USD
3186,698,2025-07-14,organic,organic_direct,183.9,27.59,156.31,USD
3187,485,2025-07-14,paid_social,meta_retarget,171.16,0.0,171.16,USD
3188,2367,2025-07-14,paid_social,meta_prospecting,34.27,1.71,32.56,USD
3189,6794,2025-07-14,organic,organic_direct,70.09,0.0,70.09,USD
3190,526,2025-07-14,paid_social,tiktok_awareness,83.61,12.54,71.07,USD
3191,4103,2025-07-14,organic,organic_direct,173.19,17.32,155.87,USD
3192,5863,2025-07-14,email,newsletter_weekly,63.01,3.15,59.86,USD
3193,1942,2025-07-14,paid_social,meta_retarget,57.6,0.0,57.6,USD
3194,7730,2025-07-14,paid_search,retargeting_search,200.47,0.0,200.47,USD
3195,3240,2025-07-14,paid_search,generic_shoes,106.4,15.96,90.44,USD
3196,6997,2025-07-14,organic,organic_direct,290.68,0.0,290.68,USD
3197,5676,2025-07-14,organic,organic_direct,240.21,0.0,240.21,USD
3198,1328,2025-07-14,affiliate,partner_blog,90.99,13.65,77.34,USD
3199,405,2025-07-14,affiliate,partner_blog,294.62,0.0,294.62,USD
3200,993,2025-07-14,paid_search,retargeting_search,172.02,0.0,172.02,USD
3201,6131,2025-07-14,paid_search,generic_shoes,158.61,23.79,134.82,USD
3202,470,2025-07-14,organic,organic_direct,30.69,4.6,26.09,USD
3203,6055,2025-07-14,affiliate,partner_blog,173.76,26.06,147.7,USD
3204,6534,2025-07-14,paid_search,generic_shoes,126.76,6.34,120.42,USD
3205,5533,2025-07-14,organic,organic_direct,147.36,22.1,125.26,USD
3206,607,2025-07-14,paid_social,tiktok_awareness,171.5,0.0,171.5,USD
3207,4608,2025-07-14,paid_search,generic_shoes,154.02,7.7,146.32,USD
3208,7582,2025-07-14,paid_social,tiktok_awareness,125.3,0.0,125.3,USD
3209,6709,2025-07-14,email,winback,222.15,22.22,199.93,USD
3210,1457,2025-07-14,paid_social,meta_prospecting,151.67,15.17,136.5,USD
3211,3232,2025-07-14,paid_search,generic_shoes,36.55,5.48,31.07,USD
3212,6330,2025-07-14,organic,organic_direct,101.8,5.09,96.71,USD
3213,7376,2025-07-14,paid_search,brand_search_q4,190.4,0.0,190.4,USD
3214,99,2025-07-14,email,winback,247.97,24.8,223.17,USD
3215,4208,2025-07-14,paid_search,retargeting_search,217.37,32.61,184.76,USD
3216,2422,2025-07-14,organic,organic_direct,104.33,0.0,104.33,USD
3217,4552,2025-07-14,email,newsletter_weekly,47.23,0.0,47.23,USD
3218,391,2025-07-14,email,cart_abandon,71.3,3.56,67.74,USD
3219,13,2025-07-14,affiliate,partner_blog,56.75,0.0,56.75,USD
3220,1700,2025-07-14,organic,organic_direct,232.31,23.23,209.08,USD
3221,7676,2025-07-14,paid_search,brand_search_q4,292.84,0.0,292.84,USD
3222,725,2025-07-14,paid_social,meta_retarget,83.96,0.0,83.96,USD
3223,91,2025-07-14,paid_social,tiktok_awareness,254.41,0.0,254.41,USD
3224,2998,2025-07-14,paid_social,meta_retarget,177.47,26.62,150.85,USD
3225,7258,2025-07-14,affiliate,coupon_site,62.43,3.12,59.31,USD
3226,167,2025-07-14,paid_search,brand_search_q4,36.86,0.0,36.86,USD
3227,2763,2025-07-14,paid_social,tiktok_awareness,296.8,44.52,252.28,USD
3228,3206,2025-07-14,paid_social,tiktok_awareness,209.84,0.0,209.84,USD
3229,2069,2025-07-14,email,winback,121.38,0.0,121.38,USD
3230,4762,2025-07-14,organic,organic_direct,78.98,0.0,78.98,USD
3231,1676,2025-07-14,paid_social,meta_retarget,79.31,0.0,79.31,USD
3232,158,2025-07-14,paid_social,meta_retarget,294.05,44.11,249.94,USD
3233,2156,2025-07-14,paid_search,retargeting_search,232.86,11.64,221.22,USD
3234,2896,2025-07-14,paid_search,retargeting_search,144.53,21.68,122.85,USD
3235,5494,2025-07-14,email,winback,226.25,11.31,214.94,USD
3236,1026,2025-07-14,email,winback,134.3,0.0,134.3,USD
3237,2418,2025-07-14,paid_social,meta_prospecting,80.08,12.01,68.07,USD
3238,5140,2025-07-14,affiliate,partner_blog,116.04,0.0,116.04,USD
3239,1676,2025-07-14,paid_search,brand_search_q4,47.03,2.35,44.68,USD
3240,1547,2025-07-14,organic,organic_direct,47.15,0.0,47.15,USD
3241,3187,2025-07-14,paid_social,meta_retarget,178.96,0.0,178.96,USD
3242,7609,2025-07-14,paid_search,retargeting_search,280.39,0.0,280.39,USD
3243,2324,2025-07-14,email,newsletter_weekly,60.88,6.09,54.79,USD
3244,7643,2025-07-14,organic,organic_direct,163.25,24.49,138.76,USD
3245,827,2025-07-15,paid_search,generic_shoes,68.86,3.44,65.42,USD
3246,3879,2025-07-15,paid_search,brand_search_q4,110.65,5.53,105.12,USD
3247,6041,2025-07-15,organic,organic_direct,73.15,0.0,73.15,USD
3248,3488,2025-07-15,email,cart_abandon,159.26,15.93,143.33,USD
3249,6206,2025-07-15,affiliate,partner_blog,149.55,0.0,149.55,USD
3250,3598,2025-07-15,paid_search,generic_shoes,181.28,0.0,181.28,USD
3251,2706,2025-07-15,organic,organic_direct,67.7,0.0,67.7,USD
3252,3806,2025-07-15,organic,organic_direct,37.35,0.0,37.35,USD
3253,6733,2025-07-15,paid_social,tiktok_awareness,65.28,3.26,62.02,USD
3254,4295,2025-07-15,paid_search,generic_shoes,106.7,0.0,106.7,USD
3255,587,2025-07-15,email,cart_abandon,256.26,0.0,256.26,USD
3256,2843,2025-07-15,affiliate,partner_blog,103.45,0.0,103.45,USD
3257,7564,2025-07-15,email,cart_abandon,100.08,0.0,100.08,USD
3258,49,2025-07-15,organic,organic_direct,50.19,0.0,50.19,USD
3259,5306,2025-07-15,paid_search,generic_shoes,108.54,10.85,97.69,USD
3260,2339,2025-07-15,paid_social,meta_retarget,70.68,10.6,60.08,USD
3261,895,2025-07-15,paid_social,meta_retarget,143.85,7.19,136.66,USD
3262,7479,2025-07-15,organic,organic_direct,235.55,23.56,211.99,USD
3263,4778,2025-07-15,email,cart_abandon,187.5,9.38,178.12,USD
3264,5825,2025-07-15,paid_social,meta_prospecting,267.13,13.36,253.77,USD
3265,6669,2025-07-15,organic,organic_direct,223.32,22.33,200.99,USD
3266,3871,2025-07-15,organic,organic_direct,139.61,0.0,139.61,USD
3267,5427,2025-07-15,email,winback,115.7,5.79,109.91,USD
3268,6213,2025-07-15,paid_search,retargeting_search,220.55,0.0,220.55,USD
3269,5377,2025-07-15,email,cart_abandon,123.97,12.4,111.57,USD
3270,4892,2025-07-15,affiliate,coupon_site,155.49,0.0,155.49,USD
3271,2895,2025-07-15,paid_search,brand_search_q4,184.99,27.75,157.24,USD
3272,7131,2025-07-15,organic,organic_direct,227.49,34.12,193.37,USD
3273,4077,2025-07-15,paid_search,generic_shoes,41.47,2.07,39.4,USD
3274,6936,2025-07-15,paid_search,brand_search_q4,239.6,11.98,227.62,USD
3275,377,2025-07-15,affiliate,coupon_site,70.75,3.54,67.21,USD
3276,6307,2025-07-15,paid_social,meta_retarget,220.0,0.0,220.0,USD
3277,7302,2025-07-15,paid_search,generic_shoes,245.27,0.0,245.27,USD
3278,7698,2025-07-15,email,winback,40.96,4.1,36.86,USD
3279,3228,2025-07-15,paid_social,meta_retarget,267.69,0.0,267.69,USD
3280,7214,2025-07-15,paid_social,meta_retarget,133.23,0.0,133.23,USD
3281,5219,2025-07-15,paid_social,meta_prospecting,41.02,6.15,34.87,USD
3282,5797,2025-07-15,email,winback,16.91,0.85,16.06,USD
3283,7076,2025-07-15,organic,organic_direct,16.48,0.0,16.48,USD
3284,5175,2025-07-15,paid_search,generic_shoes,187.58,18.76,168.82,USD
3285,5921,2025-07-15,affiliate,coupon_site,44.48,0.0,44.48,USD
3286,7610,2025-07-15,paid_social,meta_prospecting,159.44,0.0,159.44,USD
3287,1451,2025-07-15,paid_social,tiktok_awareness,206.17,0.0,206.17,USD
3288,186,2025-07-15,paid_social,tiktok_awareness,37.36,1.87,35.49,USD
3289,2534,2025-07-15,affiliate,partner_blog,205.28,0.0,205.28,USD
3290,1585,2025-07-15,organic,organic_direct,82.54,0.0,82.54,USD
3291,858,2025-07-15,affiliate,coupon_site,155.59,0.0,155.59,USD
3292,3873,2025-07-15,paid_search,generic_shoes,200.87,20.09,180.78,USD
3293,6231,2025-07-15,paid_social,meta_prospecting,179.15,8.96,170.19,USD
3294,6723,2025-07-15,email,winback,66.57,9.99,56.58,USD
3295,3807,2025-07-15,paid_search,brand_search_q4,198.2,0.0,198.2,USD
3296,223,2025-07-15,paid_social,meta_retarget,39.92,2.0,37.92,USD
3297,4617,2025-07-15,affiliate,coupon_site,170.13,0.0,170.13,USD
3298,307,2025-07-15,organic,organic_direct,98.83,0.0,98.83,USD
3299,2119,2025-07-15,paid_search,brand_search_q4,183.45,9.17,174.28,USD
3300,6026,2025-07-15,paid_search,brand_search_q4,141.53,0.0,141.53,USD
3301,7066,2025-07-15,organic,organic_direct,207.66,10.38,197.28,USD
3302,7222,2025-07-15,organic,organic_direct,66.05,0.0,66.05,USD
3303,1037,2025-07-15,paid_social,meta_prospecting,30.38,0.0,30.38,USD
3304,3538,2025-07-15,email,newsletter_weekly,254.21,0.0,254.21,USD
3305,3361,2025-07-15,paid_social,meta_retarget,93.44,0.0,93.44,USD
3306,6389,2025-07-15,paid_social,tiktok_awareness,230.13,0.0,230.13,USD
3307,3730,2025-07-15,paid_social,meta_prospecting,87.53,13.13,74.4,USD
3308,7004,2025-07-15,paid_social,meta_prospecting,254.59,0.0,254.59,USD
3309,6298,2025-07-15,organic,organic_direct,178.95,0.0,178.95,USD
3310,1947,2025-07-15,organic,organic_direct,40.87,0.0,40.87,USD
3311,6005,2025-07-15,paid_social,meta_prospecting,33.15,0.0,33.15,USD
3312,1247,2025-07-15,email,cart_abandon,116.77,0.0,116.77,USD
3313,592,2025-07-15,paid_search,brand_search_q4,139.9,0.0,139.9,USD
3314,1777,2025-07-15,organic,organic_direct,157.43,0.0,157.43,USD
3315,4532,2025-07-15,paid_social,meta_prospecting,24.5,2.45,22.05,USD
3316,7840,2025-07-15,email,winback,111.54,0.0,111.54,USD
3317,6959,2025-07-15,affiliate,partner_blog,66.86,3.34,63.52,USD
3318,5956,2025-07-15,paid_search,brand_search_q4,158.38,0.0,158.38,USD
3319,5507,2025-07-15,affiliate,partner_blog,181.04,0.0,181.04,USD
3320,1797,2025-07-15,paid_search,retargeting_search,62.03,9.3,52.73,USD
3321,1017,2025-07-15,organic,organic_direct,245.85,0.0,245.85,USD
3322,4560,2025-07-15,paid_social,meta_retarget,118.95,17.84,101.11,USD
3323,5170,2025-07-15,paid_social,tiktok_awareness,195.33,9.77,185.56,USD
3324,1876,2025-07-16,affiliate,partner_blog,236.54,11.83,224.71,USD
3325,2933,2025-07-16,paid_social,meta_prospecting,36.86,5.53,31.33,USD
3326,3944,2025-07-16,email,cart_abandon,61.51,0.0,61.51,USD
3327,2156,2025-07-16,paid_search,generic_shoes,184.8,0.0,184.8,USD
3328,6766,2025-07-16,affiliate,coupon_site,44.97,0.0,44.97,USD
3329,5214,2025-07-16,paid_search,brand_search_q4,168.14,0.0,168.14,USD
3330,5013,2025-07-16,organic,organic_direct,250.2,12.51,237.69,USD
3331,7251,2025-07-16,paid_search,brand_search_q4,113.77,0.0,113.77,USD
3332,6971,2025-07-16,paid_search,brand_search_q4,221.93,0.0,221.93,USD
3333,7324,2025-07-16,paid_social,tiktok_awareness,151.91,0.0,151.91,USD
3334,5802,2025-07-16,affiliate,coupon_site,272.05,27.21,244.84,USD
3335,4133,2025-07-16,email,cart_abandon,66.9,3.35,63.55,USD
3336,5602,2025-07-16,paid_search,retargeting_search,238.28,11.91,226.37,USD
3337,3028,2025-07-16,paid_search,retargeting_search,135.94,0.0,135.94,USD
3338,1804,2025-07-16,paid_social,meta_prospecting,236.67,23.67,213.0,USD
3339,2430,2025-07-16,email,cart_abandon,188.44,9.42,179.02,USD
3340,7389,2025-07-16,organic,organic_direct,22.82,0.0,22.82,USD
3341,987,2025-07-16,organic,organic_direct,264.2,0.0,264.2,USD
3342,1429,2025-07-16,paid_social,meta_retarget,279.2,27.92,251.28,USD
3343,2397,2025-07-16,paid_search,generic_shoes,115.64,0.0,115.64,USD
3344,7703,2025-07-16,paid_search,brand_search_q4,285.31,0.0,285.31,USD
3345,4561,2025-07-16,affiliate,coupon_site,177.17,0.0,177.17,USD
3346,4754,2025-07-16,affiliate,partner_blog,222.9,22.29,200.61,USD
3347,2508,2025-07-16,paid_social,tiktok_awareness,199.89,29.98,169.91,USD
3348,1710,2025-07-16,paid_social,meta_retarget,49.42,0.0,49.42,USD
3349,127,2025-07-16,organic,organic_direct,91.51,13.73,77.78,USD
3350,2380,2025-07-16,email,newsletter_weekly,19.9,0.0,19.9,USD
3351,563,2025-07-16,organic,organic_direct,188.65,18.87,169.78,USD
3352,4436,2025-07-16,paid_social,tiktok_awareness,165.61,16.56,149.05,USD
3353,2637,2025-07-16,paid_social,tiktok_awareness,272.86,0.0,272.86,USD
3354,2110,2025-07-16,paid_social,meta_retarget,42.03,6.3,35.73,USD
3355,4743,2025-07-16,affiliate,coupon_site,179.51,0.0,179.51,USD
3356,2161,2025-07-16,email,winback,225.05,0.0,225.05,USD
3357,4415,2025-07-16,paid_social,meta_prospecting,138.75,0.0,138.75,USD
3358,6356,2025-07-16,affiliate,partner_blog,98.28,9.83,88.45,USD
3359,862,2025-07-16,paid_social,meta_prospecting,163.84,0.0,163.84,USD
3360,2352,2025-07-16,paid_search,retargeting_search,182.19,9.11,173.08,USD
3361,3177,2025-07-16,organic,organic_direct,177.69,0.0,177.69,USD
3362,693,2025-07-16,organic,organic_direct,238.28,35.74,202.54,USD
3363,7451,2025-07-16,paid_search,brand_search_q4,141.41,0.0,141.41,USD
3364,4568,2025-07-16,paid_social,meta_prospecting,73.77,11.07,62.7,USD
3365,4910,2025-07-16,paid_search,retargeting_search,256.79,12.84,243.95,USD
3366,1576,2025-07-16,paid_search,retargeting_search,203.77,10.19,193.58,USD
3367,4721,2025-07-16,organic,organic_direct,169.55,0.0,169.55,USD
3368,6885,2025-07-16,paid_social,tiktok_awareness,100.82,0.0,100.82,USD
3369,5785,2025-07-16,email,winback,228.57,0.0,228.57,USD
3370,150,2025-07-16,organic,organic_direct,46.7,0.0,46.7,USD
3371,639,2025-07-16,paid_search,brand_search_q4,154.42,23.16,131.26,USD
3372,2836,2025-07-16,paid_search,retargeting_search,199.87,0.0,199.87,USD
3373,3137,2025-07-16,paid_search,brand_search_q4,216.74,10.84,205.9,USD
3374,3897,2025-07-16,organic,organic_direct,260.82,39.12,221.7,USD
3375,3760,2025-07-16,organic,organic_direct,223.32,0.0,223.32,USD
3376,1015,2025-07-16,affiliate,coupon_site,94.07,0.0,94.07,USD
3377,2018,2025-07-16,paid_search,retargeting_search,211.48,0.0,211.48,USD
3378,2465,2025-07-16,paid_search,retargeting_search,209.15,10.46,198.69,USD
3379,4851,2025-07-16,paid_search,brand_search_q4,241.85,24.19,217.66,USD
3380,7839,2025-07-16,paid_social,tiktok_awareness,34.67,0.0,34.67,USD
3381,1376,2025-07-16,paid_social,meta_prospecting,126.35,0.0,126.35,USD
3382,2687,2025-07-16,organic,organic_direct,212.73,10.64,202.09,USD
3383,3791,2025-07-16,paid_search,retargeting_search,150.44,7.52,142.92,USD
3384,4909,2025-07-16,paid_search,generic_shoes,61.1,0.0,61.1,USD
3385,4669,2025-07-16,affiliate,partner_blog,156.71,0.0,156.71,USD
3386,1751,2025-07-16,paid_social,tiktok_awareness,20.17,0.0,20.17,USD
3387,6894,2025-07-16,organic,organic_direct,248.84,24.88,223.96,USD
3388,4161,2025-07-16,paid_search,brand_search_q4,115.38,17.31,98.07,USD
3389,6164,2025-07-16,affiliate,coupon_site,50.27,2.51,47.76,USD
3390,386,2025-07-16,paid_search,generic_shoes,227.87,0.0,227.87,USD
3391,7283,2025-07-16,paid_social,tiktok_awareness,221.16,0.0,221.16,USD
3392,3964,2025-07-16,paid_social,tiktok_awareness,15.96,0.0,15.96,USD
3393,5206,2025-07-16,paid_social,tiktok_awareness,113.41,11.34,102.07,USD
3394,3065,2025-07-16,paid_social,meta_retarget,171.93,0.0,171.93,USD
3395,4703,2025-07-16,paid_social,tiktok_awareness,287.37,0.0,287.37,USD
3396,5980,2025-07-16,paid_search,generic_shoes,137.64,0.0,137.64,USD
3397,5199,2025-07-16,organic,organic_direct,194.42,19.44,174.98,USD
3398,5616,2025-07-16,paid_social,meta_retarget,218.74,21.87,196.87,USD
3399,5862,2025-07-16,paid_search,retargeting_search,159.09,0.0,159.09,USD
3400,4831,2025-07-16,paid_search,brand_search_q4,202.87,0.0,202.87,USD
3401,618,2025-07-16,paid_social,meta_retarget,68.38,0.0,68.38,USD
3402,3509,2025-07-16,paid_search,brand_search_q4,260.59,13.03,247.56,USD
3403,91,2025-07-16,paid_social,meta_prospecting,161.84,24.28,137.56,USD
3404,1990,2025-07-16,organic,organic_direct,128.08,6.4,121.68,USD
3405,4605,2025-07-16,paid_social,tiktok_awareness,178.48,17.85,160.63,USD
3406,1586,2025-07-16,paid_social,meta_prospecting,209.6,0.0,209.6,USD
3407,4027,2025-07-16,paid_social,meta_prospecting,99.84,0.0,99.84,USD
3408,1835,2025-07-16,email,winback,251.56,0.0,251.56,USD
3409,6673,2025-07-16,organic,organic_direct,133.06,6.65,126.41,USD
3410,3829,2025-07-16,paid_social,meta_prospecting,249.12,0.0,249.12,USD
3411,5887,2025-07-16,paid_search,generic_shoes,159.33,7.97,151.36,USD
3412,4517,2025-07-16,paid_social,meta_prospecting,99.74,0.0,99.74,USD
3413,2298,2025-07-16,organic,organic_direct,282.49,28.25,254.24,USD
3414,1575,2025-07-16,paid_search,generic_shoes,82.09,4.1,77.99,USD
3415,3704,2025-07-16,email,newsletter_weekly,128.55,0.0,128.55,USD
3416,4165,2025-07-16,paid_search,retargeting_search,29.57,1.48,28.09,USD
3417,5912,2025-07-16,affiliate,coupon_site,232.92,0.0,232.92,USD
3418,4212,2025-07-16,email,winback,150.29,0.0,150.29,USD
3419,7293,2025-07-16,organic,organic_direct,107.6,10.76,96.84,USD
3420,2883,2025-07-16,organic,organic_direct,218.08,0.0,218.08,USD
3421,318,2025-07-16,paid_search,retargeting_search,151.98,22.8,129.18,USD
3422,6726,2025-07-16,paid_social,tiktok_awareness,242.39,36.36,206.03,USD
3423,4493,2025-07-16,paid_social,meta_prospecting,252.43,0.0,252.43,USD
3424,1137,2025-07-16,paid_search,generic_shoes,179.69,17.97,161.72,USD
3425,1979,2025-07-16,organic,organic_direct,173.67,0.0,173.67,USD
3426,4468,2025-07-16,paid_search,generic_shoes,92.81,9.28,83.53,USD
3427,6356,2025-07-16,organic,organic_direct,42.76,0.0,42.76,USD
3428,2690,2025-07-16,organic,organic_direct,213.69,0.0,213.69,USD
3429,6846,2025-07-16,paid_social,tiktok_awareness,252.64,25.26,227.38,USD
3430,1213,2025-07-16,paid_search,retargeting_search,179.66,0.0,179.66,USD
3431,5700,2025-07-17,organic,organic_direct,84.16,0.0,84.16,USD
3432,7654,2025-07-17,email,cart_abandon,31.28,1.56,29.72,USD
3433,242,2025-07-17,organic,organic_direct,130.68,0.0,130.68,USD
3434,2220,2025-07-17,paid_social,tiktok_awareness,69.21,10.38,58.83,USD
3435,5429,2025-07-17,organic,organic_direct,181.04,0.0,181.04,USD
3436,4652,2025-07-17,email,newsletter_weekly,64.75,6.48,58.27,USD
3437,6376,2025-07-17,organic,organic_direct,40.82,6.12,34.7,USD
3438,6192,2025-07-17,paid_search,retargeting_search,137.06,20.56,116.5,USD
3439,6903,2025-07-17,paid_social,meta_prospecting,85.41,4.27,81.14,USD
3440,7875,2025-07-17,paid_search,generic_shoes,170.6,0.0,170.6,USD
3441,748,2025-07-17,organic,organic_direct,40.7,0.0,40.7,USD
3442,1438,2025-07-17,paid_search,retargeting_search,133.05,0.0,133.05,USD
3443,1387,2025-07-17,paid_social,meta_retarget,251.57,12.58,238.99,USD
3444,1930,2025-07-17,paid_search,generic_shoes,79.43,0.0,79.43,USD
3445,6956,2025-07-17,paid_search,brand_search_q4,39.47,0.0,39.47,USD
3446,6167,2025-07-17,paid_social,tiktok_awareness,91.45,0.0,91.45,USD
3447,7451,2025-07-17,organic,organic_direct,52.17,0.0,52.17,USD
3448,6959,2025-07-17,paid_search,generic_shoes,59.01,0.0,59.01,USD
3449,2964,2025-07-17,organic,organic_direct,117.99,0.0,117.99,USD
3450,2972,2025-07-17,email,newsletter_weekly,92.63,9.26,83.37,USD
3451,1142,2025-07-17,paid_social,meta_retarget,282.41,42.36,240.05,USD
3452,889,2025-07-17,email,newsletter_weekly,254.06,38.11,215.95,USD
3453,1361,2025-07-17,organic,organic_direct,154.61,0.0,154.61,USD
3454,3744,2025-07-17,organic,organic_direct,223.21,0.0,223.21,USD
3455,563,2025-07-17,paid_search,retargeting_search,298.87,0.0,298.87,USD
3456,3185,2025-07-17,paid_social,meta_retarget,125.98,6.3,119.68,USD
3457,7459,2025-07-17,paid_search,generic_shoes,128.84,19.33,109.51,USD
3458,5101,2025-07-17,organic,organic_direct,194.23,9.71,184.52,USD
3459,6327,2025-07-17,email,cart_abandon,152.36,0.0,152.36,USD
3460,867,2025-07-17,organic,organic_direct,76.58,0.0,76.58,USD
3461,3003,2025-07-17,organic,organic_direct,49.31,4.93,44.38,USD
3462,4837,2025-07-17,email,cart_abandon,211.68,0.0,211.68,USD
3463,5671,2025-07-17,paid_social,meta_prospecting,93.29,13.99,79.3,USD
3464,973,2025-07-17,paid_social,tiktok_awareness,134.44,0.0,134.44,USD
3465,4479,2025-07-17,paid_search,brand_search_q4,129.57,6.48,123.09,USD
3466,5322,2025-07-17,paid_search,generic_shoes,154.69,23.2,131.49,USD
3467,6873,2025-07-17,paid_search,retargeting_search,148.41,0.0,148.41,USD
3468,1788,2025-07-17,paid_search,brand_search_q4,270.65,0.0,270.65,USD
3469,3944,2025-07-17,paid_search,brand_search_q4,260.74,0.0,260.74,USD
3470,6286,2025-07-17,paid_social,meta_prospecting,125.75,0.0,125.75,USD
3471,2333,2025-07-17,email,cart_abandon,159.35,15.94,143.41,USD
3472,322,2025-07-17,paid_search,generic_shoes,229.1,34.36,194.74,USD
3473,825,2025-07-17,paid_search,retargeting_search,164.28,0.0,164.28,USD
3474,7427,2025-07-17,paid_search,brand_search_q4,94.97,9.5,85.47,USD
3475,2845,2025-07-17,paid_search,brand_search_q4,130.89,0.0,130.89,USD
3476,2008,2025-07-17,affiliate,partner_blog,210.23,0.0,210.23,USD
3477,4362,2025-07-17,paid_social,meta_prospecting,214.78,0.0,214.78,USD
3478,3651,2025-07-17,email,newsletter_weekly,19.81,0.0,19.81,USD
3479,3596,2025-07-17,paid_search,generic_shoes,203.83,10.19,193.64,USD
3480,2354,2025-07-17,affiliate,coupon_site,207.86,20.79,187.07,USD
3481,6242,2025-07-17,paid_search,brand_search_q4,103.93,0.0,103.93,USD
3482,2262,2025-07-17,paid_social,meta_prospecting,268.18,0.0,268.18,USD
3483,2491,2025-07-17,paid_social,meta_retarget,145.92,0.0,145.92,USD
3484,7257,2025-07-17,paid_search,retargeting_search,68.53,6.85,61.68,USD
3485,395,2025-07-17,paid_search,retargeting_search,187.3,0.0,187.3,USD
3486,2766,2025-07-17,organic,organic_direct,274.96,41.24,233.72,USD
3487,7940,2025-07-17,paid_social,tiktok_awareness,62.15,9.32,52.83,USD
3488,3880,2025-07-17,paid_search,retargeting_search,140.72,0.0,140.72,USD
3489,7770,2025-07-17,organic,organic_direct,142.22,7.11,135.11,USD
3490,5856,2025-07-17,paid_social,meta_prospecting,171.99,0.0,171.99,USD
3491,5494,2025-07-17,email,cart_abandon,144.37,0.0,144.37,USD
3492,1624,2025-07-17,paid_search,retargeting_search,57.93,8.69,49.24,USD
3493,1311,2025-07-17,paid_search,generic_shoes,262.34,0.0,262.34,USD
3494,2397,2025-07-17,affiliate,coupon_site,288.89,0.0,288.89,USD
3495,1890,2025-07-17,organic,organic_direct,295.17,44.28,250.89,USD
3496,3471,2025-07-17,affiliate,coupon_site,81.29,0.0,81.29,USD
3497,4762,2025-07-17,email,winback,154.1,0.0,154.1,USD
3498,6761,2025-07-17,organic,organic_direct,284.42,28.44,255.98,USD
3499,5930,2025-07-17,paid_social,meta_prospecting,179.49,0.0,179.49,USD
3500,2007,2025-07-17,affiliate,coupon_site,252.84,25.28,227.56,USD
3501,3187,2025-07-17,paid_search,retargeting_search,59.19,2.96,56.23,USD
3502,5583,2025-07-17,organic,organic_direct,82.18,0.0,82.18,USD
3503,1788,2025-07-17,paid_social,tiktok_awareness,76.79,0.0,76.79,USD
3504,2680,2025-07-17,email,winback,258.84,0.0,258.84,USD
3505,5032,2025-07-17,paid_search,retargeting_search,239.51,35.93,203.58,USD
3506,5758,2025-07-18,affiliate,partner_blog,109.27,16.39,92.88,USD
3507,418,2025-07-18,paid_search,generic_shoes,111.99,11.2,100.79,USD
3508,844,2025-07-18,email,newsletter_weekly,196.99,0.0,196.99,USD
3509,5414,2025-07-18,affiliate,coupon_site,170.09,8.5,161.59,USD
3510,4955,2025-07-18,paid_search,retargeting_search,94.68,0.0,94.68,USD
3511,5378,2025-07-18,organic,organic_direct,109.44,10.94,98.5,USD
3512,961,2025-07-18,paid_search,generic_shoes,144.99,0.0,144.99,USD
3513,713,2025-07-18,affiliate,partner_blog,136.59,0.0,136.59,USD
3514,3523,2025-07-18,paid_search,generic_shoes,133.7,13.37,120.33,USD
3515,6736,2025-07-18,organic,organic_direct,163.85,0.0,163.85,USD
3516,5505,2025-07-18,organic,organic_direct,117.51,0.0,117.51,USD
3517,3774,2025-07-18,paid_social,meta_prospecting,17.11,0.0,17.11,USD
3518,7516,2025-07-18,email,cart_abandon,51.27,0.0,51.27,USD
3519,2318,2025-07-18,organic,organic_direct,133.01,0.0,133.01,USD
3520,4232,2025-07-18,organic,organic_direct,266.75,0.0,266.75,USD
3521,41,2025-07-18,paid_search,retargeting_search,263.24,0.0,263.24,USD
3522,6281,2025-07-18,organic,organic_direct,244.86,36.73,208.13,USD
3523,587,2025-07-18,paid_social,meta_retarget,116.81,17.52,99.29,USD
3524,4691,2025-07-18,email,newsletter_weekly,71.6,0.0,71.6,USD
3525,2676,2025-07-18,affiliate,partner_blog,100.55,0.0,100.55,USD
3526,7627,2025-07-18,organic,organic_direct,281.95,28.2,253.75,USD
3527,2515,2025-07-18,affiliate,coupon_site,103.72,0.0,103.72,USD
3528,1208,2025-07-18,organic,organic_direct,40.77,0.0,40.77,USD
3529,2566,2025-07-18,email,winback,127.36,0.0,127.36,USD
3530,3125,2025-07-18,email,winback,252.11,25.21,226.9,USD
3531,552,2025-07-18,paid_social,tiktok_awareness,117.93,0.0,117.93,USD
3532,5335,2025-07-18,paid_search,generic_shoes,226.32,0.0,226.32,USD
3533,7088,2025-07-18,paid_search,brand_search_q4,98.53,9.85,88.68,USD
3534,1391,2025-07-18,organic,organic_direct,139.06,0.0,139.06,USD
3535,2248,2025-07-18,paid_social,meta_retarget,233.89,0.0,233.89,USD
3536,428,2025-07-18,organic,organic_direct,278.7,0.0,278.7,USD
3537,4673,2025-07-18,paid_social,meta_prospecting,123.58,12.36,111.22,USD
3538,7990,2025-07-18,paid_social,meta_retarget,68.83,0.0,68.83,USD
3539,6489,2025-07-18,email,winback,113.82,11.38,102.44,USD
3540,4032,2025-07-18,paid_social,tiktok_awareness,161.62,24.24,137.38,USD
3541,7617,2025-07-18,affiliate,partner_blog,284.94,14.25,270.69,USD
3542,1602,2025-07-18,paid_search,generic_shoes,125.22,18.78,106.44,USD
3543,1899,2025-07-18,organic,organic_direct,121.19,6.06,115.13,USD
3544,1080,2025-07-18,paid_search,brand_search_q4,59.41,8.91,50.5,USD
3545,6627,2025-07-18,paid_search,generic_shoes,238.44,23.84,214.6,USD
3546,7026,2025-07-18,email,newsletter_weekly,184.84,0.0,184.84,USD
3547,1742,2025-07-18,paid_search,brand_search_q4,51.97,5.2,46.77,USD
3548,22,2025-07-18,organic,organic_direct,58.93,0.0,58.93,USD
3549,7189,2025-07-18,paid_search,brand_search_q4,118.19,0.0,118.19,USD
3550,7411,2025-07-18,affiliate,partner_blog,212.96,0.0,212.96,USD
3551,7512,2025-07-18,email,newsletter_weekly,111.43,0.0,111.43,USD
3552,4515,2025-07-18,email,newsletter_weekly,186.77,0.0,186.77,USD
3553,7383,2025-07-18,organic,organic_direct,207.23,0.0,207.23,USD
3554,1109,2025-07-18,email,cart_abandon,238.29,0.0,238.29,USD
3555,3360,2025-07-18,organic,organic_direct,304.19,30.42,273.77,USD
3556,1086,2025-07-18,organic,organic_direct,219.07,0.0,219.07,USD
3557,4731,2025-07-18,organic,organic_direct,195.07,29.26,165.81,USD
3558,3796,2025-07-18,paid_search,brand_search_q4,201.62,0.0,201.62,USD
3559,5823,2025-07-18,organic,organic_direct,117.78,0.0,117.78,USD
3560,4389,2025-07-18,paid_social,meta_prospecting,227.02,22.7,204.32,USD
3561,821,2025-07-18,paid_search,brand_search_q4,174.74,0.0,174.74,USD
3562,7507,2025-07-18,paid_social,tiktok_awareness,135.75,0.0,135.75,USD
3563,1619,2025-07-18,affiliate,coupon_site,159.63,0.0,159.63,USD
3564,76,2025-07-18,paid_social,meta_prospecting,113.34,0.0,113.34,USD
3565,7230,2025-07-18,paid_search,generic_shoes,33.06,0.0,33.06,USD
3566,1798,2025-07-18,organic,organic_direct,179.69,0.0,179.69,USD
3567,5469,2025-07-18,paid_social,tiktok_awareness,79.51,7.95,71.56,USD
3568,4796,2025-07-18,paid_search,retargeting_search,161.68,24.25,137.43,USD
3569,7739,2025-07-18,email,cart_abandon,261.29,0.0,261.29,USD
3570,5649,2025-07-18,organic,organic_direct,157.36,15.74,141.62,USD
3571,1309,2025-07-18,organic,organic_direct,126.24,6.31,119.93,USD
3572,5929,2025-07-18,paid_search,retargeting_search,267.73,13.39,254.34,USD
3573,927,2025-07-18,paid_search,generic_shoes,190.15,0.0,190.15,USD
3574,6753,2025-07-18,email,winback,48.48,0.0,48.48,USD
3575,901,2025-07-18,paid_search,brand_search_q4,241.54,36.23,205.31,USD
3576,5619,2025-07-18,paid_social,tiktok_awareness,50.76,5.08,45.68,USD
3577,6037,2025-07-18,affiliate,partner_blog,139.12,0.0,139.12,USD
3578,7379,2025-07-18,organic,organic_direct,22.25,0.0,22.25,USD
3579,2469,2025-07-18,affiliate,coupon_site,290.33,0.0,290.33,USD
3580,7110,2025-07-18,organic,organic_direct,38.84,0.0,38.84,USD
3581,2329,2025-07-18,email,cart_abandon,127.36,6.37,120.99,USD
3582,3754,2025-07-18,email,winback,207.28,31.09,176.19,USD
3583,833,2025-07-18,paid_social,meta_retarget,62.69,9.4,53.29,USD
3584,6838,2025-07-18,paid_social,tiktok_awareness,97.48,4.87,92.61,USD
3585,2548,2025-07-19,paid_social,meta_prospecting,126.36,0.0,126.36,USD
3586,6485,2025-07-19,email,newsletter_weekly,92.7,13.9,78.8,USD
3587,2777,2025-07-19,email,cart_abandon,294.33,0.0,294.33,USD
3588,643,2025-07-19,organic,organic_direct,164.19,0.0,164.19,USD
3589,2578,2025-07-19,organic,organic_direct,260.44,13.02,247.42,USD
3590,4544,2025-07-19,paid_search,retargeting_search,91.62,0.0,91.62,USD
3591,1866,2025-07-19,paid_social,meta_prospecting,227.12,0.0,227.12,USD
3592,4046,2025-07-19,organic,organic_direct,200.08,0.0,200.08,USD
3593,1362,2025-07-19,organic,organic_direct,94.89,4.74,90.15,USD
3594,3999,2025-07-19,paid_social,meta_retarget,250.22,37.53,212.69,USD
3595,2337,2025-07-19,email,cart_abandon,64.09,0.0,64.09,USD
3596,3216,2025-07-19,paid_social,meta_prospecting,20.54,2.05,18.49,USD
3597,4773,2025-07-19,email,cart_abandon,143.56,21.53,122.03,USD
3598,5457,2025-07-19,paid_search,retargeting_search,63.0,0.0,63.0,USD
3599,3467,2025-07-19,organic,organic_direct,29.04,0.0,29.04,USD
3600,6029,2025-07-19,affiliate,partner_blog,203.87,10.19,193.68,USD
3601,5417,2025-07-19,paid_search,retargeting_search,248.86,12.44,236.42,USD
3602,2824,2025-07-19,organic,organic_direct,45.18,4.52,40.66,USD
3603,7352,2025-07-19,organic,organic_direct,303.14,15.16,287.98,USD
3604,6857,2025-07-19,paid_social,tiktok_awareness,255.42,38.31,217.11,USD
3605,6061,2025-07-19,paid_search,retargeting_search,68.08,0.0,68.08,USD
3606,5796,2025-07-19,paid_search,retargeting_search,166.1,0.0,166.1,USD
3607,4509,2025-07-19,email,cart_abandon,182.66,0.0,182.66,USD
3608,3447,2025-07-19,organic,organic_direct,140.72,0.0,140.72,USD
3609,1208,2025-07-19,organic,organic_direct,42.6,0.0,42.6,USD
3610,3799,2025-07-19,paid_search,generic_shoes,240.0,36.0,204.0,USD
3611,7462,2025-07-19,affiliate,coupon_site,55.74,5.57,50.17,USD
3612,76,2025-07-19,paid_social,meta_prospecting,150.95,7.55,143.4,USD
3613,2522,2025-07-19,paid_search,retargeting_search,274.39,0.0,274.39,USD
3614,5685,2025-07-19,email,newsletter_weekly,251.98,0.0,251.98,USD
3615,5793,2025-07-19,paid_social,tiktok_awareness,219.24,32.89,186.35,USD
3616,6889,2025-07-19,organic,organic_direct,92.74,13.91,78.83,USD
3617,7311,2025-07-19,email,winback,40.52,0.0,40.52,USD
3618,7979,2025-07-19,paid_search,retargeting_search,98.34,0.0,98.34,USD
3619,311,2025-07-19,paid_search,generic_shoes,242.98,12.15,230.83,USD
3620,2788,2025-07-19,organic,organic_direct,119.51,17.93,101.58,USD
3621,7776,2025-07-19,organic,organic_direct,212.47,31.87,180.6,USD
3622,2158,2025-07-19,paid_social,tiktok_awareness,64.4,0.0,64.4,USD
3623,6625,2025-07-19,organic,organic_direct,217.6,0.0,217.6,USD
3624,1626,2025-07-19,paid_social,meta_prospecting,52.84,5.28,47.56,USD
3625,6504,2025-07-19,email,newsletter_weekly,66.46,0.0,66.46,USD
3626,483,2025-07-19,organic,organic_direct,113.52,17.03,96.49,USD
3627,6452,2025-07-19,organic,organic_direct,195.88,19.59,176.29,USD
3628,4477,2025-07-19,paid_search,brand_search_q4,16.92,0.0,16.92,USD
3629,4516,2025-07-19,organic,organic_direct,210.91,0.0,210.91,USD
3630,211,2025-07-19,organic,organic_direct,213.0,0.0,213.0,USD
3631,6617,2025-07-19,paid_social,meta_retarget,169.26,16.93,152.33,USD
3632,745,2025-07-19,paid_social,meta_prospecting,226.62,0.0,226.62,USD
3633,5738,2025-07-19,affiliate,partner_blog,211.85,31.78,180.07,USD
3634,6395,2025-07-19,organic,organic_direct,111.72,0.0,111.72,USD
3635,298,2025-07-19,email,cart_abandon,72.1,0.0,72.1,USD
3636,1840,2025-07-19,organic,organic_direct,147.13,0.0,147.13,USD
3637,2011,2025-07-19,organic,organic_direct,27.97,0.0,27.97,USD
3638,5303,2025-07-19,paid_search,brand_search_q4,258.91,0.0,258.91,USD
3639,3605,2025-07-19,affiliate,partner_blog,60.46,0.0,60.46,USD
3640,6266,2025-07-19,email,cart_abandon,55.41,8.31,47.1,USD
3641,2401,2025-07-19,paid_social,tiktok_awareness,69.17,3.46,65.71,USD
3642,4762,2025-07-19,organic,organic_direct,51.49,0.0,51.49,USD
3643,7135,2025-07-19,paid_search,brand_search_q4,258.29,0.0,258.29,USD
3644,6717,2025-07-19,email,newsletter_weekly,136.15,13.62,122.53,USD
3645,42,2025-07-19,email,winback,28.43,0.0,28.43,USD
3646,5515,2025-07-19,paid_search,retargeting_search,98.9,14.84,84.06,USD
3647,2536,2025-07-19,paid_social,tiktok_awareness,27.4,0.0,27.4,USD
3648,142,2025-07-19,paid_social,meta_retarget,144.1,0.0,144.1,USD
3649,4827,2025-07-19,email,newsletter_weekly,106.4,0.0,106.4,USD
3650,2015,2025-07-19,paid_search,retargeting_search,48.98,0.0,48.98,USD
3651,4149,2025-07-19,paid_social,meta_retarget,67.7,3.39,64.31,USD
3652,2640,2025-07-19,organic,organic_direct,227.27,0.0,227.27,USD
3653,39,2025-07-19,email,cart_abandon,111.13,5.56,105.57,USD
3654,1849,2025-07-19,organic,organic_direct,115.84,11.58,104.26,USD
3655,6279,2025-07-19,email,cart_abandon,102.84,0.0,102.84,USD
3656,6451,2025-07-19,organic,organic_direct,243.96,0.0,243.96,USD
3657,3216,2025-07-19,email,winback,157.93,7.9,150.03,USD
3658,5146,2025-07-19,organic,organic_direct,284.74,0.0,284.74,USD
3659,2502,2025-07-19,affiliate,coupon_site,66.35,0.0,66.35,USD
3660,2290,2025-07-19,email,newsletter_weekly,52.1,0.0,52.1,USD
3661,706,2025-07-19,email,newsletter_weekly,65.31,9.8,55.51,USD
3662,2172,2025-07-19,paid_social,meta_retarget,115.35,0.0,115.35,USD
3663,7668,2025-07-19,affiliate,coupon_site,215.22,10.76,204.46,USD
3664,437,2025-07-19,paid_social,meta_prospecting,164.99,16.5,148.49,USD
3665,5247,2025-07-19,organic,organic_direct,271.62,0.0,271.62,USD
3666,460,2025-07-19,email,newsletter_weekly,239.26,0.0,239.26,USD
3667,5778,2025-07-19,organic,organic_direct,29.95,0.0,29.95,USD
3668,597,2025-07-19,organic,organic_direct,75.63,3.78,71.85,USD
3669,2896,2025-07-19,email,cart_abandon,114.93,0.0,114.93,USD
3670,5975,2025-07-19,paid_social,tiktok_awareness,139.38,20.91,118.47,USD
3671,7996,2025-07-19,email,cart_abandon,98.85,14.83,84.02,USD
3672,5281,2025-07-19,organic,organic_direct,249.41,24.94,224.47,USD
3673,5009,2025-07-19,paid_search,brand_search_q4,189.84,18.98,170.86,USD
3674,6556,2025-07-19,paid_social,tiktok_awareness,76.6,0.0,76.6,USD
3675,6584,2025-07-19,paid_search,retargeting_search,79.72,7.97,71.75,USD
3676,2635,2025-07-20,organic,organic_direct,171.18,0.0,171.18,USD
3677,4297,2025-07-20,paid_search,retargeting_search,92.44,13.87,78.57,USD
3678,3951,2025-07-20,paid_search,brand_search_q4,244.6,12.23,232.37,USD
3679,3604,2025-07-20,affiliate,partner_blog,55.68,8.35,47.33,USD
3680,1522,2025-07-20,organic,organic_direct,73.38,0.0,73.38,USD
3681,4513,2025-07-20,organic,organic_direct,70.06,10.51,59.55,USD
3682,949,2025-07-20,paid_search,generic_shoes,190.34,0.0,190.34,USD
3683,6626,2025-07-20,organic,organic_direct,37.04,0.0,37.04,USD
3684,6265,2025-07-20,email,winback,169.56,8.48,161.08,USD
3685,5342,2025-07-20,paid_social,meta_prospecting,221.14,0.0,221.14,USD
3686,5429,2025-07-20,paid_social,meta_prospecting,170.62,25.59,145.03,USD
3687,3992,2025-07-20,email,cart_abandon,167.94,25.19,142.75,USD
3688,1251,2025-07-20,paid_social,meta_retarget,80.57,8.06,72.51,USD
3689,2995,2025-07-20,paid_search,retargeting_search,128.49,0.0,128.49,USD
3690,7245,2025-07-20,paid_social,tiktok_awareness,213.5,0.0,213.5,USD
3691,4544,2025-07-20,paid_social,tiktok_awareness,265.41,39.81,225.6,USD
3692,3942,2025-07-20,paid_social,meta_prospecting,202.12,30.32,171.8,USD
3693,3467,2025-07-20,paid_search,generic_shoes,34.23,0.0,34.23,USD
3694,7398,2025-07-20,paid_search,generic_shoes,33.51,1.68,31.83,USD
3695,7806,2025-07-20,paid_search,retargeting_search,141.43,14.14,127.29,USD
3696,1963,2025-07-20,paid_social,tiktok_awareness,213.17,31.98,181.19,USD
3697,2472,2025-07-20,paid_search,generic_shoes,35.38,0.0,35.38,USD
3698,6295,2025-07-20,paid_search,generic_shoes,229.56,0.0,229.56,USD
3699,1668,2025-07-20,paid_search,retargeting_search,25.17,3.78,21.39,USD
3700,3085,2025-07-20,organic,organic_direct,91.17,4.56,86.61,USD
3701,2759,2025-07-20,email,winback,259.59,0.0,259.59,USD
3702,1043,2025-07-20,paid_social,meta_retarget,39.45,0.0,39.45,USD
3703,3797,2025-07-20,paid_search,brand_search_q4,120.1,18.01,102.09,USD
3704,7394,2025-07-20,paid_search,generic_shoes,209.15,10.46,198.69,USD
3705,5528,2025-07-20,paid_search,brand_search_q4,271.36,0.0,271.36,USD
3706,969,2025-07-20,affiliate,partner_blog,160.59,0.0,160.59,USD
3707,4764,2025-07-20,organic,organic_direct,125.73,0.0,125.73,USD
3708,5439,2025-07-20,paid_social,meta_retarget,174.34,0.0,174.34,USD
3709,1360,2025-07-20,paid_search,brand_search_q4,148.65,7.43,141.22,USD
3710,4712,2025-07-20,email,cart_abandon,127.37,19.11,108.26,USD
3711,7539,2025-07-20,paid_social,tiktok_awareness,81.14,0.0,81.14,USD
3712,5905,2025-07-20,organic,organic_direct,62.66,0.0,62.66,USD
3713,6005,2025-07-20,paid_social,tiktok_awareness,77.2,0.0,77.2,USD
3714,7529,2025-07-20,affiliate,coupon_site,44.94,2.25,42.69,USD
3715,48,2025-07-20,organic,organic_direct,37.23,0.0,37.23,USD
3716,3354,2025-07-20,paid_search,generic_shoes,241.82,0.0,241.82,USD
3717,1243,2025-07-20,email,newsletter_weekly,232.09,0.0,232.09,USD
3718,21,2025-07-20,organic,organic_direct,150.33,0.0,150.33,USD
3719,3278,2025-07-20,email,cart_abandon,259.06,12.95,246.11,USD
3720,198,2025-07-20,affiliate,coupon_site,55.71,0.0,55.71,USD
3721,2990,2025-07-20,organic,organic_direct,24.95,2.5,22.45,USD
3722,7284,2025-07-20,paid_social,meta_prospecting,165.27,8.26,157.01,USD
3723,7924,2025-07-20,organic,organic_direct,268.34,26.83,241.51,USD
3724,2066,2025-07-20,organic,organic_direct,110.62,0.0,110.62,USD
3725,4899,2025-07-21,paid_social,meta_prospecting,113.22,0.0,113.22,USD
3726,5409,2025-07-21,paid_search,generic_shoes,215.58,21.56,194.02,USD
3727,6336,2025-07-21,paid_search,generic_shoes,100.02,10.0,90.02,USD
3728,4629,2025-07-21,email,cart_abandon,94.24,0.0,94.24,USD
3729,1403,2025-07-21,paid_social,tiktok_awareness,34.76,3.48,31.28,USD
3730,6782,2025-07-21,affiliate,coupon_site,132.4,0.0,132.4,USD
3731,2819,2025-07-21,paid_social,meta_prospecting,162.65,0.0,162.65,USD
3732,1669,2025-07-21,paid_search,generic_shoes,58.63,0.0,58.63,USD
3733,3351,2025-07-21,organic,organic_direct,251.01,12.55,238.46,USD
3734,4129,2025-07-21,affiliate,partner_blog,87.33,0.0,87.33,USD
3735,4448,2025-07-21,organic,organic_direct,121.43,18.21,103.22,USD
3736,4625,2025-07-21,paid_search,retargeting_search,247.58,37.14,210.44,USD
3737,6393,2025-07-21,paid_social,meta_prospecting,41.28,4.13,37.15,USD
3738,531,2025-07-21,paid_search,retargeting_search,242.52,0.0,242.52,USD
3739,1642,2025-07-21,paid_social,meta_prospecting,69.78,0.0,69.78,USD
3740,2740,2025-07-21,organic,organic_direct,182.74,18.27,164.47,USD
3741,3793,2025-07-21,paid_social,tiktok_awareness,36.26,0.0,36.26,USD
3742,4448,2025-07-21,paid_search,generic_shoes,198.5,29.77,168.73,USD
3743,1518,2025-07-21,email,newsletter_weekly,184.55,9.23,175.32,USD
3744,4247,2025-07-21,paid_search,retargeting_search,51.46,0.0,51.46,USD
3745,4667,2025-07-21,organic,organic_direct,168.69,0.0,168.69,USD
3746,2200,2025-07-21,organic,organic_direct,228.24,0.0,228.24,USD
3747,7799,2025-07-21,paid_search,generic_shoes,57.02,0.0,57.02,USD
3748,7199,2025-07-21,paid_search,brand_search_q4,188.11,18.81,169.3,USD
3749,1985,2025-07-21,organic,organic_direct,81.65,0.0,81.65,USD
3750,7117,2025-07-21,affiliate,partner_blog,81.56,0.0,81.56,USD
3751,5520,2025-07-21,affiliate,coupon_site,129.26,0.0,129.26,USD
3752,6642,2025-07-21,affiliate,partner_blog,169.27,0.0,169.27,USD
3753,4989,2025-07-21,organic,organic_direct,150.69,0.0,150.69,USD
3754,2751,2025-07-21,organic,organic_direct,28.88,0.0,28.88,USD
3755,971,2025-07-21,affiliate,partner_blog,171.08,0.0,171.08,USD
3756,6234,2025-07-21,paid_search,retargeting_search,50.92,0.0,50.92,USD
3757,1395,2025-07-21,organic,organic_direct,163.0,24.45,138.55,USD
3758,6067,2025-07-21,paid_social,meta_prospecting,164.39,0.0,164.39,USD
3759,3568,2025-07-21,paid_search,retargeting_search,143.9,7.2,136.7,USD
3760,66,2025-07-21,organic,organic_direct,152.24,0.0,152.24,USD
3761,514,2025-07-21,email,cart_abandon,183.24,18.32,164.92,USD
3762,2690,2025-07-21,paid_social,meta_prospecting,92.95,9.29,83.66,USD
3763,6596,2025-07-21,paid_search,retargeting_search,162.85,24.43,138.42,USD
3764,2267,2025-07-21,organic,organic_direct,263.64,26.36,237.28,USD
3765,4813,2025-07-21,paid_social,meta_retarget,32.4,3.24,29.16,USD
3766,6458,2025-07-21,paid_search,brand_search_q4,230.17,11.51,218.66,USD
3767,7774,2025-07-21,organic,organic_direct,241.28,0.0,241.28,USD
3768,4273,2025-07-21,email,newsletter_weekly,53.32,0.0,53.32,USD
3769,5293,2025-07-21,paid_search,brand_search_q4,25.39,0.0,25.39,USD
3770,6111,2025-07-21,paid_social,meta_prospecting,82.67,0.0,82.67,USD
3771,1150,2025-07-21,paid_search,generic_shoes,67.53,10.13,57.4,USD
3772,5461,2025-07-21,organic,organic_direct,188.25,0.0,188.25,USD
3773,5998,2025-07-21,paid_search,retargeting_search,213.45,0.0,213.45,USD
3774,3557,2025-07-21,email,cart_abandon,247.11,0.0,247.11,USD
3775,4408,2025-07-21,paid_social,tiktok_awareness,165.52,8.28,157.24,USD
3776,3079,2025-07-21,affiliate,coupon_site,52.48,2.62,49.86,USD
3777,2341,2025-07-21,paid_search,generic_shoes,50.76,0.0,50.76,USD
3778,6506,2025-07-21,affiliate,partner_blog,17.11,1.71,15.4,USD
3779,5560,2025-07-21,organic,organic_direct,67.77,3.39,64.38,USD
3780,2951,2025-07-21,paid_social,meta_retarget,135.13,0.0,135.13,USD
3781,4415,2025-07-21,paid_search,brand_search_q4,20.83,0.0,20.83,USD
3782,6087,2025-07-21,affiliate,coupon_site,78.99,0.0,78.99,USD
3783,5931,2025-07-21,paid_search,brand_search_q4,241.93,0.0,241.93,USD
3784,1435,2025-07-21,email,winback,91.52,0.0,91.52,USD
3785,4689,2025-07-21,email,newsletter_weekly,140.72,0.0,140.72,USD
3786,4688,2025-07-21,organic,organic_direct,31.47,0.0,31.47,USD
3787,4597,2025-07-21,organic,organic_direct,162.12,24.32,137.8,USD
3788,55,2025-07-21,paid_social,tiktok_awareness,43.11,4.31,38.8,USD
3789,1441,2025-07-21,affiliate,partner_blog,257.65,0.0,257.65,USD
3790,5826,2025-07-21,paid_social,tiktok_awareness,251.69,25.17,226.52,USD
3791,7175,2025-07-21,email,cart_abandon,61.53,0.0,61.53,USD
3792,3013,2025-07-21,paid_social,tiktok_awareness,133.21,0.0,133.21,USD
3793,2759,2025-07-21,paid_social,meta_prospecting,173.31,0.0,173.31,USD
3794,7804,2025-07-21,organic,organic_direct,218.66,0.0,218.66,USD
3795,759,2025-07-21,email,cart_abandon,120.75,12.08,108.67,USD
3796,5545,2025-07-22,paid_social,meta_prospecting,269.23,0.0,269.23,USD
3797,1359,2025-07-22,organic,organic_direct,104.51,15.68,88.83,USD
3798,6382,2025-07-22,paid_search,generic_shoes,122.25,0.0,122.25,USD
3799,281,2025-07-22,paid_social,meta_prospecting,209.65,20.97,188.68,USD
3800,283,2025-07-22,paid_search,brand_search_q4,32.23,0.0,32.23,USD
3801,1507,2025-07-22,email,cart_abandon,250.74,0.0,250.74,USD
3802,4801,2025-07-22,paid_social,meta_prospecting,214.31,10.72,203.59,USD
3803,7209,2025-07-22,organic,organic_direct,129.05,12.91,116.14,USD
3804,1152,2025-07-22,paid_social,meta_retarget,17.04,0.0,17.04,USD
3805,2797,2025-07-22,organic,organic_direct,193.05,0.0,193.05,USD
3806,1280,2025-07-22,organic,organic_direct,60.68,0.0,60.68,USD
3807,4138,2025-07-22,paid_search,generic_shoes,29.56,2.96,26.6,USD
3808,2640,2025-07-22,email,newsletter_weekly,230.48,0.0,230.48,USD
3809,5952,2025-07-22,paid_social,meta_prospecting,228.36,22.84,205.52,USD
3810,1764,2025-07-22,affiliate,partner_blog,14.1,0.0,14.1,USD
3811,6435,2025-07-22,paid_search,brand_search_q4,130.89,0.0,130.89,USD
3812,6515,2025-07-22,affiliate,partner_blog,147.31,14.73,132.58,USD
3813,1553,2025-07-22,email,winback,36.39,0.0,36.39,USD
3814,4481,2025-07-22,organic,organic_direct,247.91,0.0,247.91,USD
3815,6842,2025-07-22,organic,organic_direct,86.07,0.0,86.07,USD
3816,5333,2025-07-22,organic,organic_direct,228.67,0.0,228.67,USD
3817,7272,2025-07-22,paid_search,generic_shoes,131.47,0.0,131.47,USD
3818,5691,2025-07-22,organic,organic_direct,227.04,11.35,215.69,USD
3819,4427,2025-07-22,paid_search,brand_search_q4,215.07,0.0,215.07,USD
3820,1490,2025-07-22,paid_search,brand_search_q4,73.62,3.68,69.94,USD
3821,7278,2025-07-22,email,cart_abandon,124.99,0.0,124.99,USD
3822,3025,2025-07-22,organic,organic_direct,52.35,2.62,49.73,USD
3823,1267,2025-07-22,paid_social,meta_prospecting,226.85,22.69,204.16,USD
3824,4691,2025-07-22,email,cart_abandon,161.58,24.24,137.34,USD
3825,6320,2025-07-22,email,winback,213.08,21.31,191.77,USD
3826,917,2025-07-22,paid_search,generic_shoes,76.4,3.82,72.58,USD
3827,4808,2025-07-22,organic,organic_direct,233.91,0.0,233.91,USD
3828,6835,2025-07-22,paid_social,meta_retarget,283.01,28.3,254.71,USD
3829,112,2025-07-22,organic,organic_direct,159.69,7.98,151.71,USD
3830,4978,2025-07-22,paid_social,meta_prospecting,146.88,14.69,132.19,USD
3831,7969,2025-07-22,paid_search,brand_search_q4,257.58,38.64,218.94,USD
3832,6686,2025-07-22,paid_search,generic_shoes,213.08,0.0,213.08,USD
3833,5482,2025-07-22,organic,organic_direct,88.06,4.4,83.66,USD
3834,1494,2025-07-22,organic,organic_direct,72.58,0.0,72.58,USD
3835,3692,2025-07-22,paid_search,brand_search_q4,186.11,18.61,167.5,USD
3836,1587,2025-07-22,email,newsletter_weekly,215.44,0.0,215.44,USD
3837,7934,2025-07-22,email,newsletter_weekly,122.46,0.0,122.46,USD
3838,5555,2025-07-22,paid_search,brand_search_q4,65.63,3.28,62.35,USD
3839,909,2025-07-22,paid_social,tiktok_awareness,151.56,22.73,128.83,USD
3840,3674,2025-07-22,organic,organic_direct,300.43,15.02,285.41,USD
3841,59,2025-07-22,paid_social,tiktok_awareness,222.93,0.0,222.93,USD
3842,5968,2025-07-22,paid_social,meta_prospecting,53.29,0.0,53.29,USD
3843,1193,2025-07-22,organic,organic_direct,277.93,0.0,277.93,USD
3844,2474,2025-07-22,email,newsletter_weekly,224.99,33.75,191.24,USD
3845,6301,2025-07-22,paid_social,meta_prospecting,25.51,2.55,22.96,USD
3846,2976,2025-07-22,paid_social,tiktok_awareness,301.87,0.0,301.87,USD
3847,4305,2025-07-22,email,cart_abandon,149.85,22.48,127.37,USD
3848,5557,2025-07-22,organic,organic_direct,39.15,1.96,37.19,USD
3849,1568,2025-07-22,email,newsletter_weekly,62.98,3.15,59.83,USD
3850,7237,2025-07-22,organic,organic_direct,277.95,0.0,277.95,USD
3851,3607,2025-07-22,paid_search,retargeting_search,18.49,1.85,16.64,USD
3852,3091,2025-07-22,organic,organic_direct,109.51,10.95,98.56,USD
3853,4369,2025-07-22,paid_social,meta_prospecting,228.81,0.0,228.81,USD
3854,2382,2025-07-22,email,newsletter_weekly,200.76,20.08,180.68,USD
3855,4740,2025-07-22,organic,organic_direct,168.98,0.0,168.98,USD
3856,5337,2025-07-22,paid_search,retargeting_search,220.64,0.0,220.64,USD
3857,1341,2025-07-22,paid_social,meta_prospecting,194.51,9.73,184.78,USD
3858,6857,2025-07-22,organic,organic_direct,274.91,41.24,233.67,USD
3859,5873,2025-07-22,paid_search,retargeting_search,34.49,0.0,34.49,USD
3860,4177,2025-07-22,organic,organic_direct,264.03,0.0,264.03,USD
3861,7927,2025-07-22,email,cart_abandon,76.46,0.0,76.46,USD
3862,2523,2025-07-22,paid_search,brand_search_q4,270.29,0.0,270.29,USD
3863,7474,2025-07-22,email,cart_abandon,126.01,0.0,126.01,USD
3864,2251,2025-07-22,email,newsletter_weekly,40.33,6.05,34.28,USD
3865,5877,2025-07-22,organic,organic_direct,286.88,0.0,286.88,USD
3866,1746,2025-07-22,organic,organic_direct,176.33,0.0,176.33,USD
3867,4260,2025-07-22,paid_social,tiktok_awareness,263.68,0.0,263.68,USD
3868,7757,2025-07-22,paid_social,meta_prospecting,236.62,0.0,236.62,USD
3869,871,2025-07-22,paid_social,tiktok_awareness,16.19,1.62,14.57,USD
3870,4367,2025-07-22,paid_search,generic_shoes,57.25,0.0,57.25,USD
3871,1746,2025-07-22,paid_social,meta_retarget,236.54,0.0,236.54,USD
3872,2776,2025-07-22,organic,organic_direct,84.78,0.0,84.78,USD
3873,6166,2025-07-22,paid_search,brand_search_q4,86.06,4.3,81.76,USD
3874,1395,2025-07-22,paid_social,tiktok_awareness,117.8,17.67,100.13,USD
3875,2636,2025-07-22,paid_search,retargeting_search,224.2,0.0,224.2,USD
3876,5384,2025-07-22,email,newsletter_weekly,96.75,0.0,96.75,USD
3877,5848,2025-07-22,paid_search,generic_shoes,158.46,0.0,158.46,USD
3878,2356,2025-07-22,paid_search,generic_shoes,55.17,0.0,55.17,USD
3879,5457,2025-07-22,email,newsletter_weekly,136.41,20.46,115.95,USD
3880,2836,2025-07-23,email,winback,255.36,0.0,255.36,USD
3881,1397,2025-07-23,affiliate,partner_blog,195.4,0.0,195.4,USD
3882,4939,2025-07-23,email,newsletter_weekly,29.39,0.0,29.39,USD
3883,1935,2025-07-23,organic,organic_direct,253.38,0.0,253.38,USD
3884,6759,2025-07-23,paid_search,brand_search_q4,22.43,0.0,22.43,USD
3885,2464,2025-07-23,organic,organic_direct,209.92,0.0,209.92,USD
3886,6018,2025-07-23,affiliate,partner_blog,242.0,0.0,242.0,USD
3887,6044,2025-07-23,affiliate,coupon_site,18.55,0.0,18.55,USD
3888,4453,2025-07-23,paid_search,retargeting_search,89.92,0.0,89.92,USD
3889,4598,2025-07-23,email,winback,250.43,0.0,250.43,USD
3890,5926,2025-07-23,organic,organic_direct,248.43,0.0,248.43,USD
3891,4037,2025-07-23,organic,organic_direct,145.86,0.0,145.86,USD
3892,7616,2025-07-23,organic,organic_direct,155.66,7.78,147.88,USD
3893,5103,2025-07-23,organic,organic_direct,240.91,24.09,216.82,USD
3894,5546,2025-07-23,affiliate,coupon_site,152.6,0.0,152.6,USD
3895,3728,2025-07-23,paid_social,meta_prospecting,16.05,2.41,13.64,USD
3896,820,2025-07-23,paid_search,retargeting_search,145.37,0.0,145.37,USD
3897,4761,2025-07-23,paid_search,generic_shoes,24.63,2.46,22.17,USD
3898,2339,2025-07-23,affiliate,partner_blog,135.66,0.0,135.66,USD
3899,4833,2025-07-23,paid_search,brand_search_q4,259.9,0.0,259.9,USD
3900,4719,2025-07-23,organic,organic_direct,157.06,15.71,141.35,USD
3901,3757,2025-07-23,paid_search,generic_shoes,270.28,13.51,256.77,USD
3902,4430,2025-07-23,organic,organic_direct,126.45,0.0,126.45,USD
3903,1302,2025-07-23,paid_social,meta_prospecting,103.12,0.0,103.12,USD
3904,4375,2025-07-23,paid_search,generic_shoes,34.32,3.43,30.89,USD
3905,7623,2025-07-23,paid_search,retargeting_search,242.79,12.14,230.65,USD
3906,6722,2025-07-23,paid_search,brand_search_q4,146.92,0.0,146.92,USD
3907,2251,2025-07-23,organic,organic_direct,226.47,0.0,226.47,USD
3908,1623,2025-07-23,organic,organic_direct,142.23,0.0,142.23,USD
3909,3035,2025-07-23,email,winback,266.71,26.67,240.04,USD
3910,7264,2025-07-23,organic,organic_direct,74.16,7.42,66.74,USD
3911,3219,2025-07-23,paid_social,tiktok_awareness,167.41,8.37,159.04,USD
3912,4342,2025-07-23,paid_search,brand_search_q4,24.18,3.63,20.55,USD
3913,3996,2025-07-23,email,newsletter_weekly,165.7,0.0,165.7,USD
3914,1579,2025-07-23,paid_search,retargeting_search,22.94,0.0,22.94,USD
3915,557,2025-07-23,email,newsletter_weekly,218.13,10.91,207.22,USD
3916,1094,2025-07-23,organic,organic_direct,157.5,0.0,157.5,USD
3917,4424,2025-07-23,affiliate,coupon_site,228.33,0.0,228.33,USD
3918,6712,2025-07-23,paid_social,tiktok_awareness,181.54,18.15,163.39,USD
3919,277,2025-07-23,affiliate,coupon_site,169.09,0.0,169.09,USD
3920,7066,2025-07-23,paid_search,brand_search_q4,250.21,37.53,212.68,USD
3921,4127,2025-07-23,organic,organic_direct,230.69,34.6,196.09,USD
3922,4656,2025-07-23,email,winback,50.91,7.64,43.27,USD
3923,3665,2025-07-23,paid_search,retargeting_search,236.7,11.84,224.86,USD
3924,3033,2025-07-23,paid_social,meta_prospecting,243.45,24.34,219.11,USD
3925,2465,2025-07-23,organic,organic_direct,206.17,30.93,175.24,USD
3926,1389,2025-07-23,paid_search,retargeting_search,270.18,40.53,229.65,USD
3927,7002,2025-07-23,paid_social,meta_retarget,140.31,21.05,119.26,USD
3928,3660,2025-07-24,organic,organic_direct,204.16,0.0,204.16,USD
3929,1170,2025-07-24,paid_social,tiktok_awareness,51.72,0.0,51.72,USD
3930,1593,2025-07-24,affiliate,partner_blog,83.44,4.17,79.27,USD
3931,6118,2025-07-24,organic,organic_direct,120.22,18.03,102.19,USD
3932,1438,2025-07-24,paid_search,retargeting_search,120.09,18.01,102.08,USD
3933,6954,2025-07-24,paid_social,meta_prospecting,259.63,12.98,246.65,USD
3934,609,2025-07-24,affiliate,coupon_site,154.17,23.13,131.04,USD
3935,1884,2025-07-24,affiliate,coupon_site,78.17,0.0,78.17,USD
3936,4641,2025-07-24,paid_search,retargeting_search,223.6,22.36,201.24,USD
3937,5548,2025-07-24,paid_social,meta_prospecting,243.37,24.34,219.03,USD
3938,382,2025-07-24,affiliate,coupon_site,119.96,0.0,119.96,USD
3939,1107,2025-07-24,email,newsletter_weekly,177.61,8.88,168.73,USD
3940,1615,2025-07-24,paid_social,tiktok_awareness,274.39,0.0,274.39,USD
3941,3665,2025-07-24,organic,organic_direct,21.39,0.0,21.39,USD
3942,48,2025-07-24,affiliate,coupon_site,142.48,21.37,121.11,USD
3943,6813,2025-07-24,organic,organic_direct,170.47,17.05,153.42,USD
3944,922,2025-07-24,organic,organic_direct,40.11,0.0,40.11,USD
3945,681,2025-07-24,paid_search,retargeting_search,254.45,38.17,216.28,USD
3946,6079,2025-07-24,paid_search,brand_search_q4,149.66,0.0,149.66,USD
3947,7316,2025-07-24,paid_social,tiktok_awareness,220.15,0.0,220.15,USD
3948,3701,2025-07-24,paid_social,tiktok_awareness,232.42,0.0,232.42,USD
3949,2127,2025-07-24,email,winback,60.56,9.08,51.48,USD
3950,7800,2025-07-24,paid_search,generic_shoes,91.25,9.12,82.13,USD
3951,7912,2025-07-24,paid_search,generic_shoes,68.11,3.41,64.7,USD
3952,4529,2025-07-24,email,winback,92.36,13.85,78.51,USD
3953,2369,2025-07-24,paid_social,meta_prospecting,103.28,0.0,103.28,USD
3954,6263,2025-07-24,affiliate,partner_blog,213.86,10.69,203.17,USD
3955,556,2025-07-24,affiliate,coupon_site,118.4,11.84,106.56,USD
3956,6808,2025-07-24,paid_search,brand_search_q4,41.95,4.2,37.75,USD
3957,7446,2025-07-24,organic,organic_direct,145.25,0.0,145.25,USD
3958,584,2025-07-24,paid_search,brand_search_q4,170.63,0.0,170.63,USD
3959,5024,2025-07-24,paid_social,tiktok_awareness,222.5,22.25,200.25,USD
3960,1057,2025-07-24,paid_search,brand_search_q4,265.38,26.54,238.84,USD
3961,6229,2025-07-24,organic,organic_direct,115.73,5.79,109.94,USD
3962,5792,2025-07-24,paid_social,meta_prospecting,63.03,0.0,63.03,USD
3963,2928,2025-07-24,paid_search,brand_search_q4,109.42,5.47,103.95,USD
3964,2484,2025-07-24,organic,organic_direct,294.18,14.71,279.47,USD
3965,6395,2025-07-24,paid_search,generic_shoes,16.26,2.44,13.82,USD
3966,4661,2025-07-24,paid_social,meta_prospecting,122.23,0.0,122.23,USD
3967,7397,2025-07-24,paid_search,generic_shoes,183.97,0.0,183.97,USD
3968,4872,2025-07-24,paid_search,generic_shoes,202.24,0.0,202.24,USD
3969,4027,2025-07-24,paid_search,brand_search_q4,22.1,0.0,22.1,USD
3970,539,2025-07-24,paid_social,tiktok_awareness,201.82,0.0,201.82,USD
3971,1401,2025-07-24,paid_search,retargeting_search,75.24,11.29,63.95,USD
3972,6639,2025-07-24,paid_search,retargeting_search,132.01,0.0,132.01,USD
3973,4212,2025-07-24,paid_search,brand_search_q4,287.76,14.39,273.37,USD
3974,3986,2025-07-24,paid_search,retargeting_search,234.28,23.43,210.85,USD
3975,5852,2025-07-24,organic,organic_direct,36.89,3.69,33.2,USD
3976,7931,2025-07-24,paid_search,retargeting_search,45.69,4.57,41.12,USD
3977,362,2025-07-24,paid_social,meta_retarget,164.75,0.0,164.75,USD
3978,2271,2025-07-24,organic,organic_direct,61.46,9.22,52.24,USD
3979,4238,2025-07-24,paid_search,retargeting_search,161.47,0.0,161.47,USD
3980,2538,2025-07-24,paid_social,meta_prospecting,269.63,40.44,229.19,USD
3981,5513,2025-07-24,paid_search,brand_search_q4,65.68,0.0,65.68,USD
3982,2238,2025-07-24,email,newsletter_weekly,165.96,0.0,165.96,USD
3983,5372,2025-07-24,organic,organic_direct,119.33,0.0,119.33,USD
3984,3204,2025-07-24,organic,organic_direct,137.64,6.88,130.76,USD
3985,4562,2025-07-24,paid_social,tiktok_awareness,38.17,5.73,32.44,USD
3986,2318,2025-07-24,paid_search,brand_search_q4,190.98,28.65,162.33,USD
3987,6660,2025-07-24,affiliate,partner_blog,101.77,0.0,101.77,USD
3988,304,2025-07-24,email,cart_abandon,123.75,0.0,123.75,USD
3989,7863,2025-07-24,paid_social,tiktok_awareness,126.34,0.0,126.34,USD
3990,1692,2025-07-24,email,cart_abandon,61.95,9.29,52.66,USD
3991,1820,2025-07-24,paid_social,meta_prospecting,278.68,0.0,278.68,USD
3992,3752,2025-07-24,organic,organic_direct,173.08,0.0,173.08,USD
3993,5822,2025-07-24,email,winback,21.13,0.0,21.13,USD
3994,5286,2025-07-24,paid_search,retargeting_search,144.14,0.0,144.14,USD
3995,2209,2025-07-24,organic,organic_direct,144.61,7.23,137.38,USD
3996,2407,2025-07-24,paid_social,meta_prospecting,209.92,0.0,209.92,USD
3997,5702,2025-07-24,organic,organic_direct,98.39,0.0,98.39,USD
3998,229,2025-07-25,organic,organic_direct,89.68,0.0,89.68,USD
3999,7448,2025-07-25,organic,organic_direct,102.43,15.36,87.07,USD
4000,7546,2025-07-25,paid_search,retargeting_search,116.77,0.0,116.77,USD
4001,5198,2025-07-25,paid_search,generic_shoes,45.07,0.0,45.07,USD
4002,5974,2025-07-25,affiliate,partner_blog,28.77,1.44,27.33,USD
4003,3689,2025-07-25,paid_search,brand_search_q4,218.98,10.95,208.03,USD
4004,3495,2025-07-25,paid_search,brand_search_q4,245.26,12.26,233.0,USD
4005,7781,2025-07-25,organic,organic_direct,44.06,2.2,41.86,USD
4006,5519,2025-07-25,paid_search,brand_search_q4,160.15,24.02,136.13,USD
4007,7878,2025-07-25,paid_social,tiktok_awareness,199.75,29.96,169.79,USD
4008,7894,2025-07-25,organic,organic_direct,219.38,32.91,186.47,USD
4009,1766,2025-07-25,paid_social,meta_retarget,231.31,11.57,219.74,USD
4010,7104,2025-07-25,organic,organic_direct,134.3,0.0,134.3,USD
4011,4511,2025-07-25,organic,organic_direct,172.32,25.85,146.47,USD
4012,81,2025-07-25,paid_search,brand_search_q4,44.05,0.0,44.05,USD
4013,617,2025-07-25,email,winback,190.12,28.52,161.6,USD
4014,2500,2025-07-25,affiliate,partner_blog,209.27,0.0,209.27,USD
4015,7528,2025-07-25,paid_search,generic_shoes,29.54,0.0,29.54,USD
4016,6410,2025-07-25,paid_search,brand_search_q4,246.05,24.61,221.44,USD
4017,191,2025-07-25,affiliate,coupon_site,211.04,31.66,179.38,USD
4018,408,2025-07-25,paid_social,tiktok_awareness,228.0,22.8,205.2,USD
4019,3405,2025-07-25,paid_social,meta_prospecting,196.07,29.41,166.66,USD
4020,2431,2025-07-25,organic,organic_direct,100.07,0.0,100.07,USD
4021,4093,2025-07-25,paid_search,brand_search_q4,91.79,13.77,78.02,USD
4022,3917,2025-07-25,paid_search,brand_search_q4,61.68,9.25,52.43,USD
4023,46,2025-07-25,organic,organic_direct,140.9,0.0,140.9,USD
4024,3130,2025-07-25,email,winback,121.37,0.0,121.37,USD
4025,6794,2025-07-25,organic,organic_direct,242.05,0.0,242.05,USD
4026,1679,2025-07-25,paid_social,meta_prospecting,181.11,9.06,172.05,USD
4027,1960,2025-07-25,paid_social,meta_prospecting,54.72,0.0,54.72,USD
4028,6238,2025-07-25,paid_search,generic_shoes,182.67,27.4,155.27,USD
4029,3049,2025-07-25,organic,organic_direct,139.09,20.86,118.23,USD
4030,7226,2025-07-25,paid_search,brand_search_q4,150.15,22.52,127.63,USD
4031,7456,2025-07-25,paid_search,retargeting_search,58.14,2.91,55.23,USD
4032,3980,2025-07-25,paid_search,generic_shoes,146.38,0.0,146.38,USD
4033,77,2025-07-25,paid_search,retargeting_search,190.8,19.08,171.72,USD
4034,1652,2025-07-25,email,newsletter_weekly,162.16,16.22,145.94,USD
4035,2133,2025-07-25,organic,organic_direct,210.04,0.0,210.04,USD
4036,5501,2025-07-25,paid_search,brand_search_q4,133.86,0.0,133.86,USD
4037,3485,2025-07-25,email,cart_abandon,37.16,0.0,37.16,USD
4038,2410,2025-07-25,email,newsletter_weekly,184.86,0.0,184.86,USD
4039,861,2025-07-25,paid_search,brand_search_q4,255.07,0.0,255.07,USD
4040,6556,2025-07-25,organic,organic_direct,124.87,0.0,124.87,USD
4041,914,2025-07-25,paid_social,meta_retarget,113.16,0.0,113.16,USD
4042,39,2025-07-25,email,newsletter_weekly,184.53,27.68,156.85,USD
4043,2355,2025-07-25,paid_social,meta_retarget,141.64,0.0,141.64,USD
4044,1583,2025-07-25,paid_search,brand_search_q4,151.77,0.0,151.77,USD
4045,5992,2025-07-25,paid_social,meta_retarget,221.26,33.19,188.07,USD
4046,7394,2025-07-25,paid_social,tiktok_awareness,241.89,12.09,229.8,USD
4047,3623,2025-07-25,organic,organic_direct,99.03,9.9,89.13,USD
4048,2123,2025-07-25,email,newsletter_weekly,162.56,8.13,154.43,USD
4049,7400,2025-07-25,affiliate,coupon_site,91.42,0.0,91.42,USD
4050,3521,2025-07-25,paid_search,retargeting_search,147.22,0.0,147.22,USD
4051,2640,2025-07-25,paid_search,retargeting_search,98.94,9.89,89.05,USD
4052,4429,2025-07-25,organic,organic_direct,232.74,0.0,232.74,USD
4053,6853,2025-07-25,organic,organic_direct,80.36,0.0,80.36,USD
4054,1472,2025-07-25,paid_search,generic_shoes,155.89,7.79,148.1,USD
4055,794,2025-07-25,affiliate,coupon_site,63.45,6.35,57.1,USD
4056,3253,2025-07-25,organic,organic_direct,202.45,0.0,202.45,USD
4057,5308,2025-07-25,paid_search,generic_shoes,185.66,0.0,185.66,USD
4058,5144,2025-07-25,paid_social,tiktok_awareness,203.91,30.59,173.32,USD
4059,6357,2025-07-25,email,winback,56.59,5.66,50.93,USD
4060,3349,2025-07-25,organic,organic_direct,245.5,12.28,233.22,USD
4061,7975,2025-07-25,paid_search,generic_shoes,85.42,12.81,72.61,USD
4062,3120,2025-07-25,paid_search,generic_shoes,86.91,0.0,86.91,USD
4063,7352,2025-07-25,paid_search,retargeting_search,213.43,0.0,213.43,USD
4064,6603,2025-07-25,organic,organic_direct,153.7,15.37,138.33,USD
4065,4690,2025-07-25,organic,organic_direct,40.59,0.0,40.59,USD
4066,4046,2025-07-25,email,newsletter_weekly,131.18,13.12,118.06,USD
4067,4103,2025-07-25,affiliate,coupon_site,172.01,25.8,146.21,USD
4068,3261,2025-07-25,organic,organic_direct,133.8,0.0,133.8,USD
4069,7073,2025-07-25,paid_search,retargeting_search,144.86,7.24,137.62,USD
4070,5043,2025-07-25,paid_social,tiktok_awareness,17.57,0.88,16.69,USD
4071,3034,2025-07-25,email,newsletter_weekly,208.15,20.82,187.33,USD
4072,5839,2025-07-25,paid_search,retargeting_search,197.14,0.0,197.14,USD
4073,5791,2025-07-25,paid_social,tiktok_awareness,102.05,5.1,96.95,USD
4074,5295,2025-07-25,paid_search,generic_shoes,22.64,0.0,22.64,USD
4075,5512,2025-07-25,paid_social,tiktok_awareness,16.1,0.81,15.29,USD
4076,335,2025-07-25,affiliate,partner_blog,223.91,0.0,223.91,USD
4077,2493,2025-07-25,email,cart_abandon,225.64,33.85,191.79,USD
4078,7817,2025-07-25,affiliate,coupon_site,222.05,0.0,222.05,USD
4079,2824,2025-07-25,affiliate,coupon_site,186.31,27.95,158.36,USD
4080,1611,2025-07-25,organic,organic_direct,232.15,23.22,208.93,USD
4081,6334,2025-07-25,email,cart_abandon,253.79,0.0,253.79,USD
4082,7653,2025-07-25,affiliate,partner_blog,238.97,23.9,215.07,USD
4083,4954,2025-07-25,paid_search,generic_shoes,134.22,13.42,120.8,USD
4084,1574,2025-07-25,affiliate,coupon_site,184.62,27.69,156.93,USD
4085,3104,2025-07-25,paid_search,generic_shoes,123.11,6.16,116.95,USD
4086,1237,2025-07-26,email,winback,250.02,12.5,237.52,USD
4087,6462,2025-07-26,organic,organic_direct,18.62,0.0,18.62,USD
4088,7533,2025-07-26,paid_search,brand_search_q4,250.92,37.64,213.28,USD
4089,172,2025-07-26,paid_social,meta_prospecting,241.53,0.0,241.53,USD
4090,5377,2025-07-26,paid_social,meta_retarget,199.37,29.91,169.46,USD
4091,5320,2025-07-26,organic,organic_direct,212.97,0.0,212.97,USD
4092,903,2025-07-26,organic,organic_direct,292.46,14.62,277.84,USD
4093,5285,2025-07-26,paid_search,brand_search_q4,296.35,14.82,281.53,USD
4094,1958,2025-07-26,organic,organic_direct,248.29,0.0,248.29,USD
4095,2082,2025-07-26,email,newsletter_weekly,141.15,0.0,141.15,USD
4096,2476,2025-07-26,paid_social,meta_prospecting,204.7,0.0,204.7,USD
4097,5164,2025-07-26,paid_search,brand_search_q4,273.28,27.33,245.95,USD
4098,3147,2025-07-26,paid_social,meta_retarget,198.99,29.85,169.14,USD
4099,75,2025-07-26,email,cart_abandon,243.31,24.33,218.98,USD
4100,5810,2025-07-26,organic,organic_direct,229.02,34.35,194.67,USD
4101,5430,2025-07-26,paid_social,tiktok_awareness,293.67,29.37,264.3,USD
4102,255,2025-07-26,email,newsletter_weekly,275.33,41.3,234.03,USD
4103,4477,2025-07-26,paid_social,meta_prospecting,86.39,0.0,86.39,USD
4104,2592,2025-07-26,paid_search,retargeting_search,95.43,0.0,95.43,USD
4105,4757,2025-07-26,organic,organic_direct,250.58,37.59,212.99,USD
4106,7704,2025-07-26,email,cart_abandon,265.72,0.0,265.72,USD
4107,3980,2025-07-26,paid_search,retargeting_search,241.81,36.27,205.54,USD
4108,3582,2025-07-26,paid_search,retargeting_search,247.18,12.36,234.82,USD
4109,6490,2025-07-26,paid_search,generic_shoes,149.05,0.0,149.05,USD
4110,1950,2025-07-26,paid_search,brand_search_q4,153.44,7.67,145.77,USD
4111,4103,2025-07-26,paid_search,retargeting_search,194.2,0.0,194.2,USD
4112,998,2025-07-26,paid_social,tiktok_awareness,188.8,28.32,160.48,USD
4113,2540,2025-07-26,paid_search,brand_search_q4,114.67,11.47,103.2,USD
4114,3525,2025-07-26,email,cart_abandon,248.61,12.43,236.18,USD
4115,2102,2025-07-26,paid_social,tiktok_awareness,82.8,4.14,78.66,USD
4116,4163,2025-07-26,paid_social,tiktok_awareness,209.55,0.0,209.55,USD
4117,5532,2025-07-26,organic,organic_direct,176.93,8.85,168.08,USD
4118,1318,2025-07-26,paid_search,retargeting_search,155.19,0.0,155.19,USD
4119,40,2025-07-26,organic,organic_direct,97.56,0.0,97.56,USD
4120,3327,2025-07-26,organic,organic_direct,275.32,41.3,234.02,USD
4121,2531,2025-07-26,paid_social,meta_prospecting,214.16,10.71,203.45,USD
4122,4196,2025-07-26,paid_social,meta_retarget,86.49,0.0,86.49,USD
4123,4041,2025-07-26,organic,organic_direct,265.05,0.0,265.05,USD
4124,6993,2025-07-26,organic,organic_direct,42.93,4.29,38.64,USD
4125,2261,2025-07-26,paid_search,brand_search_q4,139.26,0.0,139.26,USD
4126,585,2025-07-26,affiliate,coupon_site,105.05,0.0,105.05,USD
4127,6064,2025-07-26,organic,organic_direct,266.76,0.0,266.76,USD
4128,3354,2025-07-26,organic,organic_direct,192.3,9.62,182.68,USD
4129,4758,2025-07-26,paid_search,retargeting_search,48.35,0.0,48.35,USD
4130,7520,2025-07-26,email,cart_abandon,249.12,0.0,249.12,USD
4131,6224,2025-07-26,organic,organic_direct,133.2,0.0,133.2,USD
4132,4003,2025-07-26,organic,organic_direct,231.89,11.59,220.3,USD
4133,7781,2025-07-26,paid_social,meta_retarget,95.2,4.76,90.44,USD
4134,3103,2025-07-26,paid_search,generic_shoes,98.1,14.71,83.39,USD
4135,120,2025-07-26,email,newsletter_weekly,165.03,0.0,165.03,USD
4136,1107,2025-07-26,email,cart_abandon,154.91,0.0,154.91,USD
4137,5777,2025-07-26,email,winback,223.35,0.0,223.35,USD
4138,3377,2025-07-26,organic,organic_direct,184.5,0.0,184.5,USD
4139,1510,2025-07-26,paid_search,brand_search_q4,51.52,2.58,48.94,USD
4140,6299,2025-07-26,email,cart_abandon,91.43,13.71,77.72,USD
4141,3697,2025-07-26,affiliate,partner_blog,180.0,18.0,162.0,USD
4142,655,2025-07-26,paid_search,retargeting_search,129.49,0.0,129.49,USD
4143,3536,2025-07-26,organic,organic_direct,199.43,19.94,179.49,USD
4144,367,2025-07-26,organic,organic_direct,51.5,7.72,43.78,USD
4145,6947,2025-07-26,organic,organic_direct,192.15,0.0,192.15,USD
4146,4308,2025-07-26,paid_social,meta_prospecting,83.53,0.0,83.53,USD
4147,5171,2025-07-26,paid_search,retargeting_search,109.13,0.0,109.13,USD
4148,7330,2025-07-26,organic,organic_direct,22.76,0.0,22.76,USD
4149,2475,2025-07-26,paid_search,brand_search_q4,185.04,18.5,166.54,USD
4150,2462,2025-07-26,organic,organic_direct,87.11,0.0,87.11,USD
4151,4020,2025-07-26,paid_social,meta_prospecting,274.85,27.49,247.36,USD
4152,3546,2025-07-26,paid_search,retargeting_search,221.41,33.21,188.2,USD
4153,5121,2025-07-26,paid_social,meta_prospecting,74.59,0.0,74.59,USD
4154,1545,2025-07-26,paid_search,brand_search_q4,92.39,9.24,83.15,USD
4155,2495,2025-07-26,organic,organic_direct,72.38,0.0,72.38,USD
4156,4022,2025-07-26,paid_search,retargeting_search,267.09,13.35,253.74,USD
4157,1068,2025-07-26,paid_search,generic_shoes,177.0,17.7,159.3,USD
4158,6343,2025-07-26,email,winback,85.64,4.28,81.36,USD
4159,2459,2025-07-26,paid_search,generic_shoes,205.01,0.0,205.01,USD
4160,2437,2025-07-26,paid_social,tiktok_awareness,187.69,18.77,168.92,USD
4161,4878,2025-07-26,paid_search,retargeting_search,105.44,5.27,100.17,USD
4162,5272,2025-07-26,paid_social,meta_prospecting,74.0,0.0,74.0,USD
4163,5547,2025-07-26,email,cart_abandon,272.69,0.0,272.69,USD
4164,2848,2025-07-26,organic,organic_direct,199.22,9.96,189.26,USD
4165,1498,2025-07-26,paid_search,retargeting_search,101.66,0.0,101.66,USD
4166,4722,2025-07-26,email,newsletter_weekly,90.27,0.0,90.27,USD
4167,409,2025-07-26,organic,organic_direct,42.73,0.0,42.73,USD
4168,6691,2025-07-26,organic,organic_direct,158.86,15.89,142.97,USD
4169,945,2025-07-26,organic,organic_direct,124.96,0.0,124.96,USD
4170,6593,2025-07-26,paid_social,tiktok_awareness,253.66,12.68,240.98,USD
4171,876,2025-07-26,affiliate,coupon_site,16.6,0.0,16.6,USD
4172,556,2025-07-26,paid_search,retargeting_search,222.16,0.0,222.16,USD
4173,6377,2025-07-26,paid_social,tiktok_awareness,231.16,23.12,208.04,USD
4174,4317,2025-07-26,paid_social,meta_retarget,64.68,9.7,54.98,USD
4175,7956,2025-07-26,affiliate,coupon_site,133.2,6.66,126.54,USD
4176,4166,2025-07-27,paid_social,meta_retarget,120.19,12.02,108.17,USD
4177,6107,2025-07-27,paid_search,brand_search_q4,179.18,26.88,152.3,USD
4178,3643,2025-07-27,paid_social,tiktok_awareness,170.4,0.0,170.4,USD
4179,7619,2025-07-27,paid_social,tiktok_awareness,304.77,0.0,304.77,USD
4180,6104,2025-07-27,organic,organic_direct,236.98,35.55,201.43,USD
4181,5352,2025-07-27,paid_search,generic_shoes,188.05,28.21,159.84,USD
4182,5801,2025-07-27,email,cart_abandon,74.09,7.41,66.68,USD
4183,103,2025-07-27,paid_search,brand_search_q4,112.55,0.0,112.55,USD
4184,4826,2025-07-27,affiliate,partner_blog,121.2,18.18,103.02,USD
4185,3643,2025-07-27,paid_search,retargeting_search,35.79,0.0,35.79,USD
4186,6022,2025-07-27,paid_social,meta_retarget,173.27,0.0,173.27,USD
4187,7305,2025-07-27,paid_social,meta_prospecting,75.57,11.34,64.23,USD
4188,5508,2025-07-27,organic,organic_direct,102.91,0.0,102.91,USD
4189,4441,2025-07-27,paid_social,meta_prospecting,214.66,21.47,193.19,USD
4190,4695,2025-07-27,organic,organic_direct,278.82,0.0,278.82,USD
4191,5155,2025-07-27,affiliate,coupon_site,217.97,0.0,217.97,USD
4192,7099,2025-07-27,paid_search,brand_search_q4,248.76,37.31,211.45,USD
4193,3047,2025-07-27,paid_social,meta_prospecting,224.59,22.46,202.13,USD
4194,7860,2025-07-27,paid_social,tiktok_awareness,54.8,0.0,54.8,USD
4195,7783,2025-07-27,organic,organic_direct,107.01,16.05,90.96,USD
4196,36,2025-07-27,paid_social,meta_retarget,133.31,13.33,119.98,USD
4197,6658,2025-07-27,organic,organic_direct,45.54,0.0,45.54,USD
4198,1479,2025-07-27,affiliate,coupon_site,48.96,4.9,44.06,USD
4199,40,2025-07-27,paid_social,tiktok_awareness,161.48,24.22,137.26,USD
4200,6759,2025-07-27,organic,organic_direct,34.79,0.0,34.79,USD
4201,1773,2025-07-27,paid_search,retargeting_search,144.6,0.0,144.6,USD
4202,3418,2025-07-27,affiliate,coupon_site,26.38,0.0,26.38,USD
4203,1287,2025-07-27,paid_social,meta_prospecting,105.03,15.75,89.28,USD
4204,935,2025-07-27,paid_search,retargeting_search,127.06,0.0,127.06,USD
4205,173,2025-07-27,paid_search,generic_shoes,172.87,0.0,172.87,USD
4206,1465,2025-07-27,email,newsletter_weekly,106.73,0.0,106.73,USD
4207,7651,2025-07-27,organic,organic_direct,109.19,10.92,98.27,USD
4208,2182,2025-07-27,email,cart_abandon,107.77,0.0,107.77,USD
4209,1752,2025-07-27,organic,organic_direct,113.76,5.69,108.07,USD
4210,6046,2025-07-27,paid_social,meta_prospecting,136.9,20.54,116.36,USD
4211,4293,2025-07-27,paid_social,tiktok_awareness,76.06,11.41,64.65,USD
4212,5272,2025-07-27,paid_search,generic_shoes,269.08,0.0,269.08,USD
4213,1895,2025-07-27,paid_social,meta_prospecting,233.95,0.0,233.95,USD
4214,2990,2025-07-27,paid_social,tiktok_awareness,254.65,0.0,254.65,USD
4215,3316,2025-07-27,email,cart_abandon,92.75,0.0,92.75,USD
4216,1355,2025-07-27,paid_search,brand_search_q4,176.64,17.66,158.98,USD
4217,4582,2025-07-27,affiliate,coupon_site,223.98,33.6,190.38,USD
4218,2982,2025-07-27,organic,organic_direct,119.53,17.93,101.6,USD
4219,3262,2025-07-27,email,cart_abandon,288.46,43.27,245.19,USD
4220,2618,2025-07-27,email,winback,245.47,36.82,208.65,USD
4221,7249,2025-07-27,affiliate,partner_blog,156.66,0.0,156.66,USD
4222,6775,2025-07-27,paid_social,meta_retarget,210.61,0.0,210.61,USD
4223,6217,2025-07-27,paid_social,meta_prospecting,98.27,14.74,83.53,USD
4224,5702,2025-07-27,organic,organic_direct,253.16,37.97,215.19,USD
4225,2138,2025-07-27,organic,organic_direct,79.75,11.96,67.79,USD
4226,7218,2025-07-27,organic,organic_direct,56.94,0.0,56.94,USD
4227,3721,2025-07-27,paid_social,meta_retarget,36.57,3.66,32.91,USD
4228,7101,2025-07-27,organic,organic_direct,205.47,0.0,205.47,USD
4229,7308,2025-07-27,organic,organic_direct,66.66,10.0,56.66,USD
4230,7424,2025-07-27,organic,organic_direct,118.89,0.0,118.89,USD
4231,6671,2025-07-27,email,cart_abandon,37.51,1.88,35.63,USD
4232,918,2025-07-27,paid_search,generic_shoes,139.13,0.0,139.13,USD
4233,6607,2025-07-27,email,newsletter_weekly,144.03,0.0,144.03,USD
4234,2265,2025-07-27,affiliate,partner_blog,295.49,29.55,265.94,USD
4235,7153,2025-07-27,organic,organic_direct,209.41,0.0,209.41,USD
4236,2276,2025-07-27,affiliate,partner_blog,234.72,0.0,234.72,USD
4237,4671,2025-07-27,affiliate,partner_blog,19.76,2.96,16.8,USD
4238,456,2025-07-27,organic,organic_direct,214.83,0.0,214.83,USD
4239,3710,2025-07-27,paid_social,tiktok_awareness,144.4,21.66,122.74,USD
4240,5785,2025-07-27,paid_social,tiktok_awareness,257.01,25.7,231.31,USD
4241,5674,2025-07-27,email,winback,168.47,0.0,168.47,USD
4242,2310,2025-07-27,affiliate,coupon_site,18.81,0.0,18.81,USD
4243,6697,2025-07-27,paid_social,tiktok_awareness,140.47,0.0,140.47,USD
4244,615,2025-07-27,affiliate,coupon_site,209.53,10.48,199.05,USD
4245,1199,2025-07-27,paid_search,retargeting_search,250.51,37.58,212.93,USD
4246,6629,2025-07-27,organic,organic_direct,240.62,0.0,240.62,USD
4247,380,2025-07-27,paid_search,brand_search_q4,51.67,5.17,46.5,USD
4248,5731,2025-07-27,paid_search,brand_search_q4,211.57,0.0,211.57,USD
4249,1562,2025-07-27,paid_search,retargeting_search,81.33,4.07,77.26,USD
4250,2150,2025-07-27,paid_search,retargeting_search,240.63,24.06,216.57,USD
4251,5559,2025-07-27,paid_search,generic_shoes,279.27,27.93,251.34,USD
4252,7765,2025-07-27,paid_social,meta_retarget,76.15,3.81,72.34,USD
4253,2328,2025-07-27,paid_search,brand_search_q4,212.89,31.93,180.96,USD
4254,2640,2025-07-27,paid_search,brand_search_q4,98.14,0.0,98.14,USD
4255,2648,2025-07-27,affiliate,partner_blog,265.18,26.52,238.66,USD
4256,1096,2025-07-27,email,cart_abandon,253.31,38.0,215.31,USD
4257,4038,2025-07-27,email,winback,78.55,3.93,74.62,USD
4258,342,2025-07-27,organic,organic_direct,74.65,0.0,74.65,USD
4259,181,2025-07-27,paid_social,meta_retarget,161.82,0.0,161.82,USD
4260,1279,2025-07-28,paid_search,retargeting_search,145.64,0.0,145.64,USD
4261,3667,2025-07-28,email,cart_abandon,63.22,9.48,53.74,USD
4262,3385,2025-07-28,organic,organic_direct,265.41,0.0,265.41,USD
4263,7660,2025-07-28,affiliate,partner_blog,262.83,13.14,249.69,USD
4264,7144,2025-07-28,organic,organic_direct,94.29,0.0,94.29,USD
4265,4275,2025-07-28,organic,organic_direct,161.88,8.09,153.79,USD
4266,6813,2025-07-28,organic,organic_direct,128.77,0.0,128.77,USD
4267,5799,2025-07-28,email,newsletter_weekly,74.1,0.0,74.1,USD
4268,4161,2025-07-28,paid_search,retargeting_search,78.12,0.0,78.12,USD
4269,7608,2025-07-28,paid_search,brand_search_q4,87.41,8.74,78.67,USD
4270,849,2025-07-28,email,newsletter_weekly,257.5,12.88,244.62,USD
4271,2117,2025-07-28,organic,organic_direct,73.62,0.0,73.62,USD
4272,2573,2025-07-28,paid_social,meta_retarget,206.33,0.0,206.33,USD
4273,538,2025-07-28,organic,organic_direct,249.01,0.0,249.01,USD
4274,3666,2025-07-28,organic,organic_direct,21.01,0.0,21.01,USD
4275,7110,2025-07-28,paid_social,meta_prospecting,277.49,13.87,263.62,USD
4276,1420,2025-07-28,paid_social,tiktok_awareness,72.76,10.91,61.85,USD
4277,7846,2025-07-28,organic,organic_direct,15.99,0.0,15.99,USD
4278,919,2025-07-28,paid_search,generic_shoes,191.11,0.0,191.11,USD
4279,105,2025-07-28,paid_social,tiktok_awareness,92.76,0.0,92.76,USD
4280,7255,2025-07-28,organic,organic_direct,54.11,8.12,45.99,USD
4281,4891,2025-07-28,organic,organic_direct,91.25,0.0,91.25,USD
4282,545,2025-07-28,paid_social,meta_prospecting,305.4,0.0,305.4,USD
4283,6543,2025-07-28,paid_search,generic_shoes,47.89,2.39,45.5,USD
4284,6209,2025-07-28,email,newsletter_weekly,116.38,0.0,116.38,USD
4285,6110,2025-07-28,organic,organic_direct,50.79,2.54,48.25,USD
4286,283,2025-07-28,organic,organic_direct,57.24,5.72,51.52,USD
4287,6949,2025-07-28,affiliate,coupon_site,89.09,0.0,89.09,USD
4288,3578,2025-07-28,paid_search,retargeting_search,120.46,0.0,120.46,USD
4289,7780,2025-07-28,organic,organic_direct,197.78,9.89,187.89,USD
4290,3670,2025-07-28,affiliate,coupon_site,120.99,0.0,120.99,USD
4291,5484,2025-07-28,organic,organic_direct,93.74,0.0,93.74,USD
4292,6345,2025-07-28,paid_social,tiktok_awareness,160.32,24.05,136.27,USD
4293,867,2025-07-28,paid_social,meta_prospecting,177.49,8.87,168.62,USD
4294,6811,2025-07-28,paid_search,generic_shoes,189.9,9.5,180.4,USD
4295,7316,2025-07-28,email,winback,119.39,0.0,119.39,USD
4296,5803,2025-07-28,paid_search,brand_search_q4,222.75,22.28,200.47,USD
4297,3455,2025-07-28,paid_search,brand_search_q4,77.87,11.68,66.19,USD
4298,1734,2025-07-28,email,winback,180.07,0.0,180.07,USD
4299,1186,2025-07-28,paid_search,retargeting_search,19.85,1.99,17.86,USD
4300,4442,2025-07-28,paid_social,meta_retarget,18.17,0.91,17.26,USD
4301,4474,2025-07-28,paid_search,retargeting_search,198.87,29.83,169.04,USD
4302,2508,2025-07-28,paid_search,generic_shoes,140.62,0.0,140.62,USD
4303,422,2025-07-28,organic,organic_direct,77.48,0.0,77.48,USD
4304,3641,2025-07-28,organic,organic_direct,168.13,16.81,151.32,USD
4305,7281,2025-07-28,paid_search,generic_shoes,264.76,0.0,264.76,USD
4306,1702,2025-07-28,paid_social,tiktok_awareness,111.23,5.56,105.67,USD
4307,3165,2025-07-28,organic,organic_direct,256.53,38.48,218.05,USD
4308,4461,2025-07-28,organic,organic_direct,228.77,11.44,217.33,USD
4309,5206,2025-07-28,paid_social,meta_retarget,161.82,8.09,153.73,USD
4310,373,2025-07-28,email,newsletter_weekly,213.18,31.98,181.2,USD
4311,6127,2025-07-28,affiliate,coupon_site,103.55,5.18,98.37,USD
4312,2595,2025-07-28,organic,organic_direct,101.16,0.0,101.16,USD
4313,693,2025-07-28,paid_social,meta_prospecting,118.06,0.0,118.06,USD
4314,3854,2025-07-28,paid_search,retargeting_search,43.33,6.5,36.83,USD
4315,1504,2025-07-28,email,winback,174.41,0.0,174.41,USD
4316,261,2025-07-28,organic,organic_direct,48.32,0.0,48.32,USD
4317,918,2025-07-28,organic,organic_direct,96.09,9.61,86.48,USD
4318,5111,2025-07-28,paid_search,retargeting_search,195.98,9.8,186.18,USD
4319,6151,2025-07-28,affiliate,coupon_site,105.89,0.0,105.89,USD
4320,2189,2025-07-28,organic,organic_direct,223.21,22.32,200.89,USD
4321,6475,2025-07-28,affiliate,coupon_site,155.62,23.34,132.28,USD
4322,4837,2025-07-28,organic,organic_direct,256.12,0.0,256.12,USD
4323,5994,2025-07-28,organic,organic_direct,97.36,0.0,97.36,USD
4324,7990,2025-07-28,organic,organic_direct,184.37,18.44,165.93,USD
4325,2002,2025-07-28,paid_search,generic_shoes,126.17,6.31,119.86,USD
4326,4504,2025-07-28,paid_search,brand_search_q4,26.39,0.0,26.39,USD
4327,7178,2025-07-28,organic,organic_direct,94.57,4.73,89.84,USD
4328,1613,2025-07-28,paid_social,meta_retarget,70.46,0.0,70.46,USD
4329,6898,2025-07-28,affiliate,partner_blog,241.06,0.0,241.06,USD
4330,1430,2025-07-28,email,winback,186.62,18.66,167.96,USD
4331,3844,2025-07-28,affiliate,coupon_site,84.91,0.0,84.91,USD
4332,801,2025-07-28,email,winback,95.59,0.0,95.59,USD
4333,4526,2025-07-28,paid_search,retargeting_search,25.52,0.0,25.52,USD
4334,2087,2025-07-28,paid_search,retargeting_search,237.38,11.87,225.51,USD
4335,1598,2025-07-28,organic,organic_direct,28.96,4.34,24.62,USD
4336,6272,2025-07-28,paid_social,tiktok_awareness,269.84,40.48,229.36,USD
4337,2405,2025-07-28,paid_social,tiktok_awareness,18.0,0.0,18.0,USD
4338,7668,2025-07-28,organic,organic_direct,273.99,0.0,273.99,USD
4339,3546,2025-07-28,paid_search,retargeting_search,164.52,0.0,164.52,USD
4340,6232,2025-07-28,email,winback,91.21,0.0,91.21,USD
4341,6100,2025-07-28,organic,organic_direct,53.24,0.0,53.24,USD
4342,1467,2025-07-28,affiliate,coupon_site,22.92,1.15,21.77,USD
4343,1377,2025-07-28,organic,organic_direct,272.1,40.82,231.28,USD
4344,5918,2025-07-28,organic,organic_direct,103.76,0.0,103.76,USD
4345,4141,2025-07-28,organic,organic_direct,89.74,13.46,76.28,USD
4346,3634,2025-07-28,paid_search,retargeting_search,159.56,0.0,159.56,USD
4347,6359,2025-07-28,organic,organic_direct,145.52,0.0,145.52,USD
4348,6275,2025-07-29,affiliate,partner_blog,18.83,0.0,18.83,USD
4349,4928,2025-07-29,paid_social,meta_retarget,133.24,0.0,133.24,USD
4350,2045,2025-07-29,paid_search,brand_search_q4,248.78,37.32,211.46,USD
4351,2927,2025-07-29,email,cart_abandon,283.04,0.0,283.04,USD
4352,1444,2025-07-29,paid_search,brand_search_q4,256.59,0.0,256.59,USD
4353,3159,2025-07-29,organic,organic_direct,276.01,0.0,276.01,USD
4354,588,2025-07-29,organic,organic_direct,226.93,11.35,215.58,USD
4355,5689,2025-07-29,paid_social,meta_retarget,127.81,19.17,108.64,USD
4356,2891,2025-07-29,organic,organic_direct,17.26,0.86,16.4,USD
4357,2674,2025-07-29,paid_search,generic_shoes,15.53,0.0,15.53,USD
4358,2544,2025-07-29,organic,organic_direct,282.88,14.14,268.74,USD
4359,4450,2025-07-29,email,cart_abandon,194.68,9.73,184.95,USD
4360,7907,2025-07-29,paid_search,generic_shoes,27.2,0.0,27.2,USD
4361,6768,2025-07-29,email,winback,195.04,0.0,195.04,USD
4362,3042,2025-07-29,paid_search,retargeting_search,84.53,0.0,84.53,USD
4363,6470,2025-07-29,organic,organic_direct,75.41,3.77,71.64,USD
4364,330,2025-07-29,paid_search,retargeting_search,108.24,0.0,108.24,USD
4365,4012,2025-07-29,email,newsletter_weekly,45.75,0.0,45.75,USD
4366,5386,2025-07-29,paid_social,meta_prospecting,112.09,5.6,106.49,USD
4367,6755,2025-07-29,email,newsletter_weekly,109.31,0.0,109.31,USD
4368,7433,2025-07-29,organic,organic_direct,245.75,0.0,245.75,USD
4369,6614,2025-07-29,organic,organic_direct,91.02,0.0,91.02,USD
4370,1231,2025-07-29,paid_social,meta_retarget,92.1,4.6,87.5,USD
4371,6670,2025-07-29,paid_social,tiktok_awareness,41.5,6.22,35.28,USD
4372,4255,2025-07-29,organic,organic_direct,143.45,0.0,143.45,USD
4373,6221,2025-07-29,paid_social,meta_retarget,200.13,20.01,180.12,USD
4374,4801,2025-07-29,organic,organic_direct,55.85,5.59,50.26,USD
4375,1139,2025-07-29,organic,organic_direct,177.15,17.71,159.44,USD
4376,5121,2025-07-29,paid_social,tiktok_awareness,207.58,0.0,207.58,USD
4377,4496,2025-07-29,paid_social,meta_prospecting,62.68,9.4,53.28,USD
4378,4571,2025-07-29,paid_search,generic_shoes,92.87,9.29,83.58,USD
4379,2653,2025-07-29,organic,organic_direct,153.45,15.34,138.11,USD
4380,2457,2025-07-29,paid_search,brand_search_q4,18.18,0.0,18.18,USD
4381,2741,2025-07-29,organic,organic_direct,32.82,4.92,27.9,USD
4382,5945,2025-07-29,affiliate,partner_blog,85.97,0.0,85.97,USD
4383,7561,2025-07-29,affiliate,coupon_site,264.62,0.0,264.62,USD
4384,1633,2025-07-29,paid_social,tiktok_awareness,112.75,5.64,107.11,USD
4385,4852,2025-07-29,organic,organic_direct,154.68,15.47,139.21,USD
4386,5509,2025-07-29,organic,organic_direct,251.32,25.13,226.19,USD
4387,5270,2025-07-29,paid_social,meta_retarget,34.11,0.0,34.11,USD
4388,5562,2025-07-29,paid_social,tiktok_awareness,26.6,3.99,22.61,USD
4389,2367,2025-07-29,organic,organic_direct,24.7,1.24,23.46,USD
4390,3253,2025-07-29,paid_search,retargeting_search,34.37,0.0,34.37,USD
4391,5292,2025-07-29,paid_social,tiktok_awareness,131.95,19.79,112.16,USD
4392,7428,2025-07-30,paid_social,tiktok_awareness,106.61,5.33,101.28,USD
4393,7786,2025-07-30,paid_social,meta_retarget,267.48,0.0,267.48,USD
4394,777,2025-07-30,organic,organic_direct,92.67,9.27,83.4,USD
4395,1801,2025-07-30,organic,organic_direct,70.41,0.0,70.41,USD
4396,3628,2025-07-30,email,winback,74.98,11.25,63.73,USD
4397,5963,2025-07-30,paid_search,brand_search_q4,118.24,5.91,112.33,USD
4398,4520,2025-07-30,organic,organic_direct,25.71,0.0,25.71,USD
4399,3253,2025-07-30,paid_search,retargeting_search,38.35,3.84,34.51,USD
4400,956,2025-07-30,email,winback,15.43,0.0,15.43,USD
4401,7439,2025-07-30,paid_social,meta_prospecting,264.96,26.5,238.46,USD
4402,7377,2025-07-30,organic,organic_direct,160.15,24.02,136.13,USD
4403,6288,2025-07-30,email,winback,74.32,0.0,74.32,USD
4404,2304,2025-07-30,paid_search,retargeting_search,136.87,6.84,130.03,USD
4405,5673,2025-07-30,paid_search,retargeting_search,273.51,0.0,273.51,USD
4406,5972,2025-07-30,email,cart_abandon,197.33,29.6,167.73,USD
4407,3286,2025-07-30,paid_social,meta_retarget,200.68,20.07,180.61,USD
4408,6453,2025-07-30,organic,organic_direct,240.27,36.04,204.23,USD
4409,3417,2025-07-30,organic,organic_direct,99.18,0.0,99.18,USD
4410,4544,2025-07-30,email,cart_abandon,130.02,0.0,130.02,USD
4411,6475,2025-07-30,organic,organic_direct,251.75,12.59,239.16,USD
4412,4412,2025-07-30,organic,organic_direct,195.91,29.39,166.52,USD
4413,6485,2025-07-30,paid_social,meta_retarget,47.21,2.36,44.85,USD
4414,5689,2025-07-30,paid_social,meta_retarget,229.29,34.39,194.9,USD
4415,3458,2025-07-30,organic,organic_direct,161.77,0.0,161.77,USD
4416,1112,2025-07-30,organic,organic_direct,253.26,0.0,253.26,USD
4417,2738,2025-07-30,organic,organic_direct,152.48,7.62,144.86,USD
4418,4897,2025-07-30,paid_social,tiktok_awareness,153.64,0.0,153.64,USD
4419,1702,2025-07-30,organic,organic_direct,65.99,0.0,65.99,USD
4420,1864,2025-07-30,paid_search,generic_shoes,248.58,0.0,248.58,USD
4421,3812,2025-07-30,organic,organic_direct,53.75,0.0,53.75,USD
4422,7590,2025-07-30,email,winback,167.38,0.0,167.38,USD
4423,7485,2025-07-30,paid_social,meta_retarget,231.87,0.0,231.87,USD
4424,2181,2025-07-30,paid_search,retargeting_search,47.6,7.14,40.46,USD
4425,2442,2025-07-30,organic,organic_direct,195.93,0.0,195.93,USD
4426,6741,2025-07-30,organic,organic_direct,124.43,12.44,111.99,USD
4427,5485,2025-07-30,paid_search,generic_shoes,216.65,10.83,205.82,USD
4428,5196,2025-07-30,affiliate,partner_blog,50.57,7.59,42.98,USD
4429,4340,2025-07-30,organic,organic_direct,81.86,0.0,81.86,USD
4430,1919,2025-07-30,paid_search,brand_search_q4,160.89,24.13,136.76,USD
4431,4134,2025-07-30,email,cart_abandon,178.68,0.0,178.68,USD
4432,5089,2025-07-30,organic,organic_direct,32.6,0.0,32.6,USD
4433,5259,2025-07-30,organic,organic_direct,33.52,0.0,33.52,USD
4434,6949,2025-07-30,email,winback,158.39,0.0,158.39,USD
4435,4258,2025-07-30,paid_search,generic_shoes,99.08,9.91,89.17,USD
4436,2739,2025-07-30,paid_social,meta_prospecting,51.45,5.15,46.3,USD
4437,2491,2025-07-30,email,cart_abandon,201.41,10.07,191.34,USD
4438,5609,2025-07-30,organic,organic_direct,292.91,0.0,292.91,USD
4439,6024,2025-07-30,paid_search,generic_shoes,96.63,14.49,82.14,USD
4440,2197,2025-07-31,paid_search,retargeting_search,117.44,11.74,105.7,USD
4441,4551,2025-07-31,paid_search,retargeting_search,94.3,9.43,84.87,USD
4442,6278,2025-07-31,organic,organic_direct,102.16,0.0,102.16,USD
4443,5059,2025-07-31,paid_social,tiktok_awareness,245.42,36.81,208.61,USD
4444,5714,2025-07-31,email,newsletter_weekly,138.38,0.0,138.38,USD
4445,6695,2025-07-31,organic,organic_direct,259.19,0.0,259.19,USD
4446,102,2025-07-31,organic,organic_direct,251.87,0.0,251.87,USD
4447,591,2025-07-31,affiliate,partner_blog,78.82,7.88,70.94,USD
4448,5799,2025-07-31,paid_search,generic_shoes,164.25,8.21,156.04,USD
4449,2158,2025-07-31,paid_social,meta_retarget,53.6,0.0,53.6,USD
4450,2769,2025-07-31,paid_social,tiktok_awareness,116.37,11.64,104.73,USD
4451,5068,2025-07-31,email,newsletter_weekly,185.98,27.9,158.08,USD
4452,1399,2025-07-31,paid_social,meta_retarget,120.36,0.0,120.36,USD
4453,1133,2025-07-31,email,newsletter_weekly,58.12,5.81,52.31,USD
4454,2475,2025-07-31,paid_search,brand_search_q4,90.78,4.54,86.24,USD
4455,140,2025-07-31,organic,organic_direct,223.41,22.34,201.07,USD
4456,5326,2025-07-31,email,newsletter_weekly,40.86,0.0,40.86,USD
4457,3969,2025-07-31,paid_search,generic_shoes,231.31,0.0,231.31,USD
4458,3970,2025-07-31,affiliate,coupon_site,138.15,0.0,138.15,USD
4459,1053,2025-07-31,organic,organic_direct,248.3,0.0,248.3,USD
4460,805,2025-07-31,email,cart_abandon,99.18,14.88,84.3,USD
4461,5431,2025-07-31,paid_search,retargeting_search,122.23,12.22,110.01,USD
4462,3375,2025-07-31,paid_search,retargeting_search,294.27,44.14,250.13,USD
4463,4238,2025-07-31,paid_search,brand_search_q4,250.76,0.0,250.76,USD
4464,7502,2025-07-31,paid_social,meta_prospecting,63.09,0.0,63.09,USD
4465,5129,2025-07-31,organic,organic_direct,125.45,12.55,112.9,USD
4466,3119,2025-07-31,organic,organic_direct,98.72,0.0,98.72,USD
4467,7539,2025-07-31,paid_search,retargeting_search,99.19,0.0,99.19,USD
4468,4623,2025-07-31,email,newsletter_weekly,118.55,0.0,118.55,USD
4469,2230,2025-07-31,organic,organic_direct,26.54,0.0,26.54,USD
4470,7675,2025-07-31,paid_social,meta_retarget,79.6,3.98,75.62,USD
4471,7736,2025-07-31,paid_social,tiktok_awareness,83.21,4.16,79.05,USD
4472,6970,2025-07-31,paid_social,meta_prospecting,180.75,0.0,180.75,USD
4473,6279,2025-07-31,affiliate,coupon_site,270.12,0.0,270.12,USD
4474,5324,2025-07-31,affiliate,coupon_site,77.8,7.78,70.02,USD
4475,7525,2025-07-31,paid_search,generic_shoes,93.17,0.0,93.17,USD
4476,1899,2025-07-31,paid_social,meta_retarget,243.16,12.16,231.0,USD
4477,543,2025-07-31,email,newsletter_weekly,33.38,0.0,33.38,USD
4478,3114,2025-07-31,email,winback,189.69,18.97,170.72,USD
4479,800,2025-07-31,organic,organic_direct,102.53,10.25,92.28,USD
4480,2847,2025-07-31,organic,organic_direct,24.91,2.49,22.42,USD
4481,7590,2025-07-31,email,cart_abandon,137.54,13.75,123.79,USD
4482,2556,2025-07-31,email,newsletter_weekly,232.48,23.25,209.23,USD
4483,6877,2025-08-01,paid_social,meta_retarget,186.25,0.0,186.25,USD
4484,5605,2025-08-01,paid_search,brand_search_q4,77.0,0.0,77.0,USD
4485,7676,2025-08-01,paid_search,brand_search_q4,90.78,0.0,90.78,USD
4486,483,2025-08-01,paid_social,meta_prospecting,135.6,20.34,115.26,USD
4487,221,2025-08-01,paid_social,meta_prospecting,112.36,11.24,101.12,USD
4488,4174,2025-08-01,paid_search,retargeting_search,86.75,0.0,86.75,USD
4489,1698,2025-08-01,paid_social,meta_retarget,89.65,0.0,89.65,USD
4490,6208,2025-08-01,paid_search,brand_search_q4,280.72,28.07,252.65,USD
4491,3215,2025-08-01,email,newsletter_weekly,234.8,0.0,234.8,USD
4492,1585,2025-08-01,paid_search,brand_search_q4,290.37,14.52,275.85,USD
4493,1288,2025-08-01,organic,organic_direct,132.28,0.0,132.28,USD
4494,3421,2025-08-01,email,newsletter_weekly,133.04,6.65,126.39,USD
4495,7238,2025-08-01,organic,organic_direct,302.93,45.44,257.49,USD
4496,5917,2025-08-01,organic,organic_direct,65.74,0.0,65.74,USD
4497,5425,2025-08-01,email,cart_abandon,210.27,0.0,210.27,USD
4498,4255,2025-08-01,organic,organic_direct,16.66,1.67,14.99,USD
4499,3854,2025-08-01,organic,organic_direct,184.69,18.47,166.22,USD
4500,929,2025-08-01,organic,organic_direct,135.27,0.0,135.27,USD
4501,938,2025-08-01,paid_social,tiktok_awareness,139.3,0.0,139.3,USD
4502,3865,2025-08-01,organic,organic_direct,191.02,28.65,162.37,USD
4503,3405,2025-08-01,organic,organic_direct,100.29,5.01,95.28,USD
4504,7946,2025-08-01,paid_search,retargeting_search,265.9,39.88,226.02,USD
4505,4339,2025-08-01,paid_social,meta_prospecting,88.23,8.82,79.41,USD
4506,5527,2025-08-01,paid_social,meta_prospecting,245.52,24.55,220.97,USD
4507,5930,2025-08-01,paid_search,brand_search_q4,231.74,0.0,231.74,USD
4508,4429,2025-08-01,paid_search,brand_search_q4,77.71,0.0,77.71,USD
4509,4303,2025-08-01,paid_search,retargeting_search,119.33,0.0,119.33,USD
4510,5491,2025-08-01,organic,organic_direct,158.0,0.0,158.0,USD
4511,7183,2025-08-01,email,cart_abandon,35.11,0.0,35.11,USD
4512,2842,2025-08-01,paid_search,retargeting_search,179.05,17.91,161.14,USD
4513,2270,2025-08-01,affiliate,partner_blog,136.77,0.0,136.77,USD
4514,5076,2025-08-01,email,winback,156.67,23.5,133.17,USD
4515,580,2025-08-01,paid_social,meta_prospecting,121.43,0.0,121.43,USD
4516,4311,2025-08-01,organic,organic_direct,203.76,20.38,183.38,USD
4517,5132,2025-08-01,paid_search,retargeting_search,103.38,0.0,103.38,USD
4518,365,2025-08-01,paid_social,meta_retarget,94.97,9.5,85.47,USD
4519,1442,2025-08-01,paid_social,tiktok_awareness,192.84,0.0,192.84,USD
4520,4171,2025-08-01,affiliate,coupon_site,58.59,2.93,55.66,USD
4521,3154,2025-08-01,organic,organic_direct,85.46,8.55,76.91,USD
4522,7451,2025-08-01,paid_social,meta_retarget,193.53,0.0,193.53,USD
4523,2483,2025-08-01,email,winback,118.95,0.0,118.95,USD
4524,6454,2025-08-01,paid_social,meta_retarget,259.54,0.0,259.54,USD
4525,6238,2025-08-01,organic,organic_direct,174.6,26.19,148.41,USD
4526,5899,2025-08-01,organic,organic_direct,98.09,14.71,83.38,USD
4527,539,2025-08-01,affiliate,partner_blog,95.84,9.58,86.26,USD
4528,5536,2025-08-01,paid_social,meta_retarget,218.54,21.85,196.69,USD
4529,6210,2025-08-01,paid_social,meta_retarget,81.99,0.0,81.99,USD
4530,1940,2025-08-01,email,winback,127.85,0.0,127.85,USD
4531,1740,2025-08-01,email,cart_abandon,70.24,10.54,59.7,USD
4532,42,2025-08-01,paid_social,tiktok_awareness,122.25,18.34,103.91,USD
4533,7030,2025-08-01,organic,organic_direct,110.99,0.0,110.99,USD
4534,7343,2025-08-01,organic,organic_direct,16.42,1.64,14.78,USD
4535,1479,2025-08-01,paid_social,meta_prospecting,98.11,0.0,98.11,USD
4536,237,2025-08-01,email,newsletter_weekly,210.25,21.03,189.22,USD
4537,2583,2025-08-01,paid_search,brand_search_q4,34.77,5.22,29.55,USD
4538,728,2025-08-01,organic,organic_direct,293.13,14.66,278.47,USD
4539,185,2025-08-01,paid_social,tiktok_awareness,31.54,0.0,31.54,USD
4540,7340,2025-08-01,affiliate,coupon_site,226.97,34.05,192.92,USD
4541,922,2025-08-01,paid_social,meta_prospecting,60.62,6.06,54.56,USD
4542,7430,2025-08-01,paid_search,retargeting_search,97.62,0.0,97.62,USD
4543,4740,2025-08-01,paid_search,generic_shoes,177.04,26.56,150.48,USD
4544,3567,2025-08-01,paid_search,generic_shoes,159.87,0.0,159.87,USD
4545,2765,2025-08-01,affiliate,coupon_site,120.53,0.0,120.53,USD
4546,7709,2025-08-01,organic,organic_direct,130.86,0.0,130.86,USD
4547,1167,2025-08-01,organic,organic_direct,32.09,3.21,28.88,USD
4548,5970,2025-08-01,affiliate,partner_blog,163.21,0.0,163.21,USD
4549,6610,2025-08-01,affiliate,coupon_site,31.19,0.0,31.19,USD
4550,1328,2025-08-01,paid_search,brand_search_q4,83.06,8.31,74.75,USD
4551,3723,2025-08-01,email,cart_abandon,165.82,0.0,165.82,USD
4552,3820,2025-08-01,organic,organic_direct,86.69,0.0,86.69,USD
4553,7291,2025-08-01,paid_social,meta_retarget,271.59,0.0,271.59,USD
4554,1124,2025-08-01,paid_social,tiktok_awareness,47.88,0.0,47.88,USD
4555,6582,2025-08-01,paid_social,meta_prospecting,148.6,14.86,133.74,USD
4556,7106,2025-08-01,paid_social,tiktok_awareness,183.02,9.15,173.87,USD
4557,1498,2025-08-01,affiliate,partner_blog,230.65,0.0,230.65,USD
4558,2384,2025-08-01,paid_search,brand_search_q4,135.63,20.34,115.29,USD
4559,6721,2025-08-01,paid_social,meta_retarget,182.19,0.0,182.19,USD
4560,7733,2025-08-01,email,winback,167.73,25.16,142.57,USD
4561,7509,2025-08-01,organic,organic_direct,88.29,13.24,75.05,USD
4562,4349,2025-08-01,paid_search,generic_shoes,105.62,5.28,100.34,USD
4563,5247,2025-08-01,organic,organic_direct,180.64,18.06,162.58,USD
4564,3829,2025-08-01,email,winback,255.84,0.0,255.84,USD
4565,6285,2025-08-01,email,winback,75.01,7.5,67.51,USD
4566,5321,2025-08-01,email,newsletter_weekly,109.76,0.0,109.76,USD
4567,915,2025-08-01,paid_search,generic_shoes,140.1,0.0,140.1,USD
4568,7876,2025-08-01,paid_search,brand_search_q4,73.83,0.0,73.83,USD
4569,3255,2025-08-01,organic,organic_direct,100.67,0.0,100.67,USD
4570,1872,2025-08-01,paid_social,meta_prospecting,164.47,8.22,156.25,USD
4571,3277,2025-08-01,paid_search,retargeting_search,21.35,1.07,20.28,USD
4572,2147,2025-08-01,affiliate,coupon_site,104.16,0.0,104.16,USD
4573,5345,2025-08-02,organic,organic_direct,63.6,0.0,63.6,USD
4574,190,2025-08-02,organic,organic_direct,270.99,27.1,243.89,USD
4575,3523,2025-08-02,email,cart_abandon,226.42,0.0,226.42,USD
4576,327,2025-08-02,paid_social,meta_retarget,134.42,6.72,127.7,USD
4577,7252,2025-08-02,organic,organic_direct,92.86,0.0,92.86,USD
4578,3798,2025-08-02,organic,organic_direct,60.74,0.0,60.74,USD
4579,6290,2025-08-02,paid_social,meta_prospecting,240.39,24.04,216.35,USD
4580,2484,2025-08-02,paid_social,meta_prospecting,98.0,9.8,88.2,USD
4581,3028,2025-08-02,paid_search,retargeting_search,98.22,14.73,83.49,USD
4582,5349,2025-08-02,organic,organic_direct,49.91,4.99,44.92,USD
4583,3074,2025-08-02,paid_social,meta_prospecting,209.31,20.93,188.38,USD
4584,3172,2025-08-02,paid_social,meta_prospecting,149.75,22.46,127.29,USD
4585,7185,2025-08-02,paid_search,generic_shoes,55.68,0.0,55.68,USD
4586,6333,2025-08-02,organic,organic_direct,119.69,0.0,119.69,USD
4587,7884,2025-08-02,paid_search,generic_shoes,100.36,10.04,90.32,USD
4588,7492,2025-08-02,paid_search,retargeting_search,34.8,0.0,34.8,USD
4589,4633,2025-08-02,organic,organic_direct,69.97,7.0,62.97,USD
4590,7038,2025-08-02,organic,organic_direct,25.79,0.0,25.79,USD
4591,5471,2025-08-02,paid_social,meta_retarget,123.67,6.18,117.49,USD
4592,4561,2025-08-02,organic,organic_direct,53.07,5.31,47.76,USD
4593,7543,2025-08-02,organic,organic_direct,85.48,4.27,81.21,USD
4594,538,2025-08-02,organic,organic_direct,22.17,1.11,21.06,USD
4595,1230,2025-08-02,email,cart_abandon,188.49,28.27,160.22,USD
4596,2397,2025-08-02,paid_social,meta_retarget,152.8,0.0,152.8,USD
4597,4099,2025-08-02,affiliate,partner_blog,234.3,23.43,210.87,USD
4598,5482,2025-08-02,affiliate,coupon_site,44.41,6.66,37.75,USD
4599,6087,2025-08-02,paid_search,generic_shoes,121.3,0.0,121.3,USD
4600,810,2025-08-02,paid_social,meta_retarget,193.38,29.01,164.37,USD
4601,1352,2025-08-02,email,cart_abandon,122.59,0.0,122.59,USD
4602,6447,2025-08-02,email,winback,35.82,5.37,30.45,USD
4603,1949,2025-08-02,paid_search,brand_search_q4,161.38,24.21,137.17,USD
4604,4623,2025-08-02,email,cart_abandon,229.87,11.49,218.38,USD
4605,2144,2025-08-02,organic,organic_direct,228.17,34.23,193.94,USD
4606,4641,2025-08-02,organic,organic_direct,145.57,0.0,145.57,USD
4607,5589,2025-08-02,paid_search,brand_search_q4,206.67,10.33,196.34,USD
4608,7482,2025-08-02,paid_social,meta_retarget,76.67,0.0,76.67,USD
4609,7012,2025-08-02,affiliate,coupon_site,168.09,25.21,142.88,USD
4610,4708,2025-08-02,affiliate,partner_blog,249.44,12.47,236.97,USD
4611,5010,2025-08-02,email,newsletter_weekly,150.71,7.54,143.17,USD
4612,462,2025-08-02,organic,organic_direct,39.48,3.95,35.53,USD
4613,3294,2025-08-02,organic,organic_direct,91.45,0.0,91.45,USD
4614,7748,2025-08-02,affiliate,partner_blog,133.67,0.0,133.67,USD
4615,4490,2025-08-02,paid_social,meta_prospecting,273.74,41.06,232.68,USD
4616,83,2025-08-02,paid_search,generic_shoes,251.49,37.72,213.77,USD
4617,2985,2025-08-02,paid_search,brand_search_q4,153.25,7.66,145.59,USD
4618,5799,2025-08-02,affiliate,coupon_site,231.05,34.66,196.39,USD
4619,118,2025-08-02,paid_search,retargeting_search,98.68,0.0,98.68,USD
4620,7091,2025-08-02,paid_social,meta_retarget,213.36,21.34,192.02,USD
4621,3250,2025-08-02,email,newsletter_weekly,262.02,0.0,262.02,USD
4622,6287,2025-08-02,paid_social,meta_prospecting,40.49,4.05,36.44,USD
4623,7562,2025-08-02,paid_social,tiktok_awareness,50.23,0.0,50.23,USD
4624,5982,2025-08-02,organic,organic_direct,122.25,0.0,122.25,USD
4625,6319,2025-08-02,affiliate,coupon_site,104.68,5.23,99.45,USD
4626,1888,2025-08-02,paid_social,tiktok_awareness,195.46,0.0,195.46,USD
4627,1832,2025-08-02,organic,organic_direct,87.55,8.76,78.79,USD
4628,1333,2025-08-02,organic,organic_direct,213.16,21.32,191.84,USD
4629,2183,2025-08-02,organic,organic_direct,194.35,0.0,194.35,USD
4630,2369,2025-08-02,organic,organic_direct,171.12,17.11,154.01,USD
4631,4545,2025-08-02,organic,organic_direct,81.18,0.0,81.18,USD
4632,7693,2025-08-02,organic,organic_direct,160.94,24.14,136.8,USD
4633,5598,2025-08-02,paid_search,brand_search_q4,155.63,0.0,155.63,USD
4634,6473,2025-08-02,paid_search,brand_search_q4,77.14,7.71,69.43,USD
4635,2263,2025-08-02,affiliate,coupon_site,197.54,0.0,197.54,USD
4636,5270,2025-08-02,organic,organic_direct,251.86,0.0,251.86,USD
4637,1872,2025-08-02,paid_search,generic_shoes,115.59,5.78,109.81,USD
4638,6591,2025-08-02,organic,organic_direct,90.67,0.0,90.67,USD
4639,937,2025-08-02,organic,organic_direct,126.35,0.0,126.35,USD
4640,6970,2025-08-02,email,newsletter_weekly,106.62,0.0,106.62,USD
4641,7494,2025-08-02,paid_search,retargeting_search,202.86,0.0,202.86,USD
4642,4333,2025-08-02,paid_social,meta_prospecting,118.98,0.0,118.98,USD
4643,5844,2025-08-02,organic,organic_direct,260.2,0.0,260.2,USD
4644,1609,2025-08-02,paid_social,tiktok_awareness,282.31,42.35,239.96,USD
4645,2247,2025-08-02,organic,organic_direct,145.56,7.28,138.28,USD
4646,452,2025-08-02,email,winback,110.68,5.53,105.15,USD
4647,4487,2025-08-02,affiliate,partner_blog,140.2,14.02,126.18,USD
4648,4690,2025-08-02,paid_social,tiktok_awareness,180.17,0.0,180.17,USD
4649,799,2025-08-02,paid_search,retargeting_search,194.67,19.47,175.2,USD
4650,3081,2025-08-02,paid_social,meta_retarget,183.76,0.0,183.76,USD
4651,843,2025-08-02,paid_social,meta_retarget,113.75,5.69,108.06,USD
4652,3188,2025-08-02,organic,organic_direct,259.19,38.88,220.31,USD
4653,1945,2025-08-02,paid_search,brand_search_q4,58.47,0.0,58.47,USD
4654,5265,2025-08-02,paid_social,meta_prospecting,21.71,2.17,19.54,USD
4655,7923,2025-08-02,email,cart_abandon,231.29,0.0,231.29,USD
4656,5190,2025-08-02,organic,organic_direct,190.94,0.0,190.94,USD
4657,4298,2025-08-02,paid_search,retargeting_search,47.07,0.0,47.07,USD
4658,12,2025-08-02,paid_search,generic_shoes,69.22,6.92,62.3,USD
4659,6304,2025-08-02,paid_search,brand_search_q4,111.02,0.0,111.02,USD
4660,4981,2025-08-02,paid_social,meta_prospecting,84.26,12.64,71.62,USD
4661,5870,2025-08-02,email,winback,231.39,0.0,231.39,USD
4662,1385,2025-08-02,paid_social,meta_retarget,81.68,12.25,69.43,USD
4663,3989,2025-08-02,affiliate,coupon_site,159.62,0.0,159.62,USD
4664,4969,2025-08-02,affiliate,partner_blog,154.41,0.0,154.41,USD
4665,2698,2025-08-02,organic,organic_direct,252.84,25.28,227.56,USD
4666,3533,2025-08-03,organic,organic_direct,165.42,0.0,165.42,USD
4667,6710,2025-08-03,affiliate,coupon_site,121.47,0.0,121.47,USD
4668,4286,2025-08-03,email,winback,214.33,0.0,214.33,USD
4669,1823,2025-08-03,organic,organic_direct,61.54,3.08,58.46,USD
4670,6717,2025-08-03,paid_social,tiktok_awareness,128.83,0.0,128.83,USD
4671,988,2025-08-03,affiliate,coupon_site,48.33,0.0,48.33,USD
4672,7189,2025-08-03,paid_social,meta_prospecting,206.78,0.0,206.78,USD
4673,518,2025-08-03,paid_social,meta_retarget,215.37,0.0,215.37,USD
4674,813,2025-08-03,paid_search,generic_shoes,232.32,0.0,232.32,USD
4675,2162,2025-08-03,email,winback,212.23,0.0,212.23,USD
4676,645,2025-08-03,email,winback,203.63,10.18,193.45,USD
4677,1354,2025-08-03,email,newsletter_weekly,101.97,0.0,101.97,USD
4678,6243,2025-08-03,paid_social,tiktok_awareness,97.49,9.75,87.74,USD
4679,979,2025-08-03,paid_search,generic_shoes,117.86,0.0,117.86,USD
4680,1934,2025-08-03,organic,organic_direct,282.11,0.0,282.11,USD
4681,7540,2025-08-03,paid_search,generic_shoes,62.04,9.31,52.73,USD
4682,4257,2025-08-03,email,winback,19.27,0.0,19.27,USD
4683,346,2025-08-03,organic,organic_direct,225.19,0.0,225.19,USD
4684,5022,2025-08-03,email,cart_abandon,246.32,0.0,246.32,USD
4685,7332,2025-08-03,organic,organic_direct,237.36,35.6,201.76,USD
4686,4180,2025-08-03,paid_search,retargeting_search,226.32,0.0,226.32,USD
4687,4602,2025-08-03,paid_search,generic_shoes,31.18,0.0,31.18,USD
4688,6679,2025-08-03,organic,organic_direct,266.55,13.33,253.22,USD
4689,6648,2025-08-03,paid_search,generic_shoes,122.14,0.0,122.14,USD
4690,1024,2025-08-03,paid_social,tiktok_awareness,20.16,2.02,18.14,USD
4691,5535,2025-08-03,organic,organic_direct,64.2,9.63,54.57,USD
4692,5198,2025-08-03,paid_search,retargeting_search,271.51,13.58,257.93,USD
4693,5224,2025-08-03,email,cart_abandon,164.09,24.61,139.48,USD
4694,2217,2025-08-03,paid_social,tiktok_awareness,112.42,0.0,112.42,USD
4695,4056,2025-08-03,paid_social,meta_prospecting,121.06,0.0,121.06,USD
4696,1620,2025-08-03,email,winback,171.99,8.6,163.39,USD
4697,1624,2025-08-03,paid_search,generic_shoes,165.05,0.0,165.05,USD
4698,7208,2025-08-03,organic,organic_direct,167.94,0.0,167.94,USD
4699,4963,2025-08-03,organic,organic_direct,175.64,8.78,166.86,USD
4700,7070,2025-08-03,paid_search,brand_search_q4,61.7,0.0,61.7,USD
4701,5730,2025-08-03,paid_social,tiktok_awareness,95.87,0.0,95.87,USD
4702,7636,2025-08-03,paid_search,generic_shoes,193.7,0.0,193.7,USD
4703,2944,2025-08-03,paid_search,brand_search_q4,171.13,8.56,162.57,USD
4704,2148,2025-08-03,paid_search,brand_search_q4,108.79,10.88,97.91,USD
4705,6091,2025-08-03,organic,organic_direct,146.05,14.61,131.44,USD
4706,4511,2025-08-03,paid_social,meta_prospecting,241.21,0.0,241.21,USD
4707,428,2025-08-03,paid_social,tiktok_awareness,78.81,7.88,70.93,USD
4708,1345,2025-08-03,paid_search,generic_shoes,62.47,0.0,62.47,USD
4709,90,2025-08-03,organic,organic_direct,161.95,16.2,145.75,USD
4710,5935,2025-08-03,affiliate,partner_blog,176.85,0.0,176.85,USD
4711,6404,2025-08-03,paid_social,meta_prospecting,120.29,0.0,120.29,USD
4712,139,2025-08-03,organic,organic_direct,106.13,5.31,100.82,USD
4713,6358,2025-08-03,paid_social,tiktok_awareness,87.9,0.0,87.9,USD
4714,6159,2025-08-03,paid_social,tiktok_awareness,29.46,0.0,29.46,USD
4715,6958,2025-08-03,email,winback,99.89,9.99,89.9,USD
4716,3011,2025-08-03,paid_search,brand_search_q4,55.76,0.0,55.76,USD
4717,7106,2025-08-03,paid_search,brand_search_q4,171.33,0.0,171.33,USD
4718,953,2025-08-03,affiliate,partner_blog,205.42,0.0,205.42,USD
4719,5833,2025-08-03,paid_social,meta_retarget,110.17,11.02,99.15,USD
4720,3542,2025-08-03,organic,organic_direct,19.96,0.0,19.96,USD
4721,1015,2025-08-03,paid_search,generic_shoes,262.26,0.0,262.26,USD
4722,6065,2025-08-03,affiliate,partner_blog,37.73,1.89,35.84,USD
4723,5484,2025-08-03,organic,organic_direct,242.39,36.36,206.03,USD
4724,2961,2025-08-03,paid_search,brand_search_q4,84.01,8.4,75.61,USD
4725,2127,2025-08-03,paid_social,meta_prospecting,260.26,13.01,247.25,USD
4726,7358,2025-08-03,organic,organic_direct,113.59,5.68,107.91,USD
4727,3348,2025-08-03,organic,organic_direct,133.63,0.0,133.63,USD
4728,6956,2025-08-03,paid_search,brand_search_q4,83.5,0.0,83.5,USD
4729,6118,2025-08-03,paid_social,tiktok_awareness,106.16,0.0,106.16,USD
4730,4529,2025-08-03,paid_search,brand_search_q4,105.76,10.58,95.18,USD
4731,3763,2025-08-03,organic,organic_direct,141.88,21.28,120.6,USD
4732,7164,2025-08-04,paid_search,brand_search_q4,68.52,10.28,58.24,USD
4733,7404,2025-08-04,organic,organic_direct,165.69,0.0,165.69,USD
4734,6767,2025-08-04,paid_search,brand_search_q4,92.19,13.83,78.36,USD
4735,457,2025-08-04,paid_search,generic_shoes,168.11,0.0,168.11,USD
4736,7455,2025-08-04,organic,organic_direct,228.82,22.88,205.94,USD
4737,3452,2025-08-04,organic,organic_direct,204.46,0.0,204.46,USD
4738,4779,2025-08-04,paid_social,tiktok_awareness,125.07,18.76,106.31,USD
4739,7586,2025-08-04,email,cart_abandon,242.45,24.25,218.2,USD
4740,1553,2025-08-04,paid_social,meta_prospecting,70.42,0.0,70.42,USD
4741,1911,2025-08-04,paid_search,brand_search_q4,210.36,10.52,199.84,USD
4742,4726,2025-08-04,affiliate,partner_blog,238.87,0.0,238.87,USD
4743,7161,2025-08-04,paid_social,meta_prospecting,70.74,0.0,70.74,USD
4744,5579,2025-08-04,organic,organic_direct,121.03,18.15,102.88,USD
4745,1547,2025-08-04,paid_search,retargeting_search,190.43,0.0,190.43,USD
4746,2067,2025-08-04,paid_search,generic_shoes,269.93,0.0,269.93,USD
4747,3256,2025-08-04,paid_search,brand_search_q4,235.31,0.0,235.31,USD
4748,1209,2025-08-04,paid_search,retargeting_search,186.03,0.0,186.03,USD
4749,3382,2025-08-04,email,newsletter_weekly,96.77,0.0,96.77,USD
4750,6576,2025-08-04,organic,organic_direct,187.78,18.78,169.0,USD
4751,3963,2025-08-04,organic,organic_direct,128.1,6.41,121.69,USD
4752,5027,2025-08-04,paid_search,retargeting_search,55.74,0.0,55.74,USD
4753,2944,2025-08-04,affiliate,coupon_site,34.22,0.0,34.22,USD
4754,4357,2025-08-04,organic,organic_direct,257.11,0.0,257.11,USD
4755,293,2025-08-04,organic,organic_direct,173.29,25.99,147.3,USD
4756,1935,2025-08-04,organic,organic_direct,22.02,0.0,22.02,USD
4757,2139,2025-08-04,organic,organic_direct,235.24,0.0,235.24,USD
4758,7787,2025-08-04,paid_search,retargeting_search,152.9,22.93,129.97,USD
4759,7703,2025-08-04,paid_social,meta_prospecting,104.07,0.0,104.07,USD
4760,2546,2025-08-04,paid_social,tiktok_awareness,195.6,0.0,195.6,USD
4761,6733,2025-08-04,paid_social,meta_retarget,21.95,1.1,20.85,USD
4762,6041,2025-08-04,email,winback,38.07,0.0,38.07,USD
4763,1671,2025-08-04,paid_search,retargeting_search,272.42,13.62,258.8,USD
4764,6225,2025-08-04,paid_social,tiktok_awareness,266.76,0.0,266.76,USD
4765,7668,2025-08-04,paid_social,meta_prospecting,189.07,0.0,189.07,USD
4766,4231,2025-08-04,paid_search,retargeting_search,25.62,0.0,25.62,USD
4767,4114,2025-08-04,paid_search,retargeting_search,251.58,0.0,251.58,USD
4768,5652,2025-08-04,email,winback,249.18,12.46,236.72,USD
4769,3431,2025-08-04,organic,organic_direct,129.55,12.96,116.59,USD
4770,3121,2025-08-05,paid_search,brand_search_q4,80.19,12.03,68.16,USD
4771,6767,2025-08-05,paid_social,tiktok_awareness,103.3,0.0,103.3,USD
4772,4433,2025-08-05,organic,organic_direct,29.85,1.49,28.36,USD
4773,5423,2025-08-05,paid_social,meta_retarget,216.59,21.66,194.93,USD
4774,5195,2025-08-05,email,cart_abandon,207.66,0.0,207.66,USD
4775,4591,2025-08-05,paid_search,brand_search_q4,65.86,3.29,62.57,USD
4776,5186,2025-08-05,paid_search,retargeting_search,89.55,13.43,76.12,USD
4777,6570,2025-08-05,paid_search,retargeting_search,95.11,0.0,95.11,USD
4778,2695,2025-08-05,paid_search,brand_search_q4,78.45,11.77,66.68,USD
4779,4323,2025-08-05,paid_social,tiktok_awareness,94.72,4.74,89.98,USD
4780,5905,2025-08-05,paid_search,brand_search_q4,194.56,0.0,194.56,USD
4781,5008,2025-08-05,paid_search,brand_search_q4,41.01,0.0,41.01,USD
4782,7265,2025-08-05,paid_social,tiktok_awareness,52.34,2.62,49.72,USD
4783,2922,2025-08-05,organic,organic_direct,238.38,0.0,238.38,USD
4784,7724,2025-08-05,paid_social,meta_retarget,286.97,0.0,286.97,USD
4785,701,2025-08-05,affiliate,coupon_site,102.5,0.0,102.5,USD
4786,2838,2025-08-05,organic,organic_direct,46.36,6.95,39.41,USD
4787,6415,2025-08-05,paid_search,retargeting_search,104.7,0.0,104.7,USD
4788,5285,2025-08-05,paid_social,meta_retarget,182.5,0.0,182.5,USD
4789,3000,2025-08-05,organic,organic_direct,65.43,0.0,65.43,USD
4790,5079,2025-08-05,organic,organic_direct,118.93,0.0,118.93,USD
4791,981,2025-08-05,paid_social,tiktok_awareness,256.54,0.0,256.54,USD
4792,4812,2025-08-05,affiliate,partner_blog,128.58,6.43,122.15,USD
4793,7634,2025-08-05,email,winback,196.47,0.0,196.47,USD
4794,694,2025-08-05,paid_search,retargeting_search,100.92,0.0,100.92,USD
4795,6469,2025-08-05,affiliate,partner_blog,77.96,11.69,66.27,USD
4796,2056,2025-08-05,organic,organic_direct,146.22,14.62,131.6,USD
4797,5596,2025-08-05,organic,organic_direct,174.18,17.42,156.76,USD
4798,7475,2025-08-05,paid_search,retargeting_search,28.23,1.41,26.82,USD
4799,7573,2025-08-05,paid_social,meta_prospecting,282.73,0.0,282.73,USD
4800,4704,2025-08-05,organic,organic_direct,221.61,11.08,210.53,USD
4801,6090,2025-08-05,paid_social,meta_retarget,288.54,0.0,288.54,USD
4802,6691,2025-08-05,email,cart_abandon,231.77,0.0,231.77,USD
4803,6301,2025-08-05,email,winback,14.35,1.44,12.91,USD
4804,4343,2025-08-05,paid_social,meta_prospecting,256.61,0.0,256.61,USD
4805,2042,2025-08-05,organic,organic_direct,238.5,23.85,214.65,USD
4806,6353,2025-08-05,organic,organic_direct,47.49,4.75,42.74,USD
4807,4630,2025-08-05,paid_social,tiktok_awareness,198.43,0.0,198.43,USD
4808,2057,2025-08-05,affiliate,coupon_site,165.93,8.3,157.63,USD
4809,2069,2025-08-05,paid_social,meta_retarget,101.99,15.3,86.69,USD
4810,2120,2025-08-05,affiliate,coupon_site,196.78,0.0,196.78,USD
4811,2133,2025-08-05,email,winback,224.06,33.61,190.45,USD
4812,1389,2025-08-05,paid_search,generic_shoes,104.3,0.0,104.3,USD
4813,7622,2025-08-05,paid_search,retargeting_search,91.55,0.0,91.55,USD
4814,260,2025-08-05,paid_search,brand_search_q4,87.92,13.19,74.73,USD
4815,6619,2025-08-05,paid_social,meta_retarget,198.0,0.0,198.0,USD
4816,6504,2025-08-05,email,winback,241.23,0.0,241.23,USD
4817,6254,2025-08-05,affiliate,coupon_site,68.42,0.0,68.42,USD
4818,1511,2025-08-05,affiliate,coupon_site,152.88,0.0,152.88,USD
4819,4524,2025-08-05,email,cart_abandon,253.65,25.37,228.28,USD
4820,4789,2025-08-05,paid_search,brand_search_q4,169.86,25.48,144.38,USD
4821,6150,2025-08-05,email,newsletter_weekly,17.18,0.0,17.18,USD
4822,3868,2025-08-05,affiliate,partner_blog,249.39,24.94,224.45,USD
4823,1164,2025-08-05,email,newsletter_weekly,158.92,0.0,158.92,USD
4824,7443,2025-08-05,organic,organic_direct,74.58,0.0,74.58,USD
4825,1460,2025-08-05,paid_search,retargeting_search,159.72,7.99,151.73,USD
4826,1016,2025-08-05,organic,organic_direct,153.06,7.65,145.41,USD
4827,812,2025-08-05,organic,organic_direct,75.16,7.52,67.64,USD
4828,4987,2025-08-05,email,winback,97.07,0.0,97.07,USD
4829,4509,2025-08-05,paid_social,tiktok_awareness,216.89,32.53,184.36,USD
4830,29,2025-08-05,paid_social,tiktok_awareness,65.26,0.0,65.26,USD
4831,2380,2025-08-05,email,cart_abandon,191.61,28.74,162.87,USD
4832,4776,2025-08-05,paid_search,brand_search_q4,149.29,0.0,149.29,USD
4833,4556,2025-08-05,paid_search,retargeting_search,104.44,10.44,94.0,USD
4834,7221,2025-08-05,organic,organic_direct,201.17,20.12,181.05,USD
4835,1892,2025-08-05,organic,organic_direct,132.89,0.0,132.89,USD
4836,4453,2025-08-05,organic,organic_direct,56.22,5.62,50.6,USD
4837,4573,2025-08-05,paid_social,tiktok_awareness,62.8,0.0,62.8,USD
4838,944,2025-08-05,paid_social,tiktok_awareness,111.06,0.0,111.06,USD
4839,7985,2025-08-05,paid_search,brand_search_q4,96.31,9.63,86.68,USD
4840,4470,2025-08-05,affiliate,coupon_site,54.46,0.0,54.46,USD
4841,5677,2025-08-05,paid_social,meta_prospecting,24.46,3.67,20.79,USD
4842,2479,2025-08-05,organic,organic_direct,218.14,32.72,185.42,USD
4843,7858,2025-08-05,paid_social,meta_retarget,242.84,0.0,242.84,USD
4844,735,2025-08-05,paid_search,brand_search_q4,142.96,0.0,142.96,USD
4845,2056,2025-08-05,organic,organic_direct,295.95,44.39,251.56,USD
4846,2110,2025-08-05,paid_search,brand_search_q4,235.03,35.25,199.78,USD
4847,7148,2025-08-06,paid_search,generic_shoes,89.31,8.93,80.38,USD
4848,5902,2025-08-06,paid_social,tiktok_awareness,261.03,0.0,261.03,USD
4849,5919,2025-08-06,paid_social,tiktok_awareness,147.68,0.0,147.68,USD
4850,6009,2025-08-06,paid_social,meta_prospecting,52.84,2.64,50.2,USD
4851,982,2025-08-06,paid_search,retargeting_search,87.19,8.72,78.47,USD
4852,3255,2025-08-06,paid_search,generic_shoes,181.51,0.0,181.51,USD
4853,5837,2025-08-06,paid_search,retargeting_search,113.98,0.0,113.98,USD
4854,1361,2025-08-06,affiliate,coupon_site,257.09,0.0,257.09,USD
4855,1794,2025-08-06,paid_social,meta_retarget,147.23,0.0,147.23,USD
4856,7363,2025-08-06,paid_search,brand_search_q4,134.55,0.0,134.55,USD
4857,3154,2025-08-06,paid_social,meta_prospecting,120.27,0.0,120.27,USD
4858,7689,2025-08-06,paid_search,brand_search_q4,159.52,23.93,135.59,USD
4859,2308,2025-08-06,organic,organic_direct,36.63,5.49,31.14,USD
4860,823,2025-08-06,organic,organic_direct,15.94,0.8,15.14,USD
4861,4463,2025-08-06,organic,organic_direct,89.31,0.0,89.31,USD
4862,4397,2025-08-06,organic,organic_direct,95.33,0.0,95.33,USD
4863,6058,2025-08-06,paid_social,meta_prospecting,69.84,0.0,69.84,USD
4864,4699,2025-08-06,email,winback,257.38,0.0,257.38,USD
4865,3545,2025-08-06,paid_social,tiktok_awareness,136.93,0.0,136.93,USD
4866,6028,2025-08-06,paid_social,tiktok_awareness,184.18,9.21,174.97,USD
4867,4272,2025-08-06,paid_social,meta_prospecting,84.35,0.0,84.35,USD
4868,3295,2025-08-06,organic,organic_direct,244.13,0.0,244.13,USD
4869,6497,2025-08-06,email,newsletter_weekly,145.59,21.84,123.75,USD
4870,3399,2025-08-06,paid_social,tiktok_awareness,64.92,0.0,64.92,USD
4871,4808,2025-08-06,paid_social,meta_prospecting,283.42,42.51,240.91,USD
4872,4412,2025-08-06,paid_search,brand_search_q4,205.96,30.89,175.07,USD
4873,3641,2025-08-06,paid_social,meta_prospecting,26.23,0.0,26.23,USD
4874,1940,2025-08-06,paid_search,retargeting_search,262.98,39.45,223.53,USD
4875,1904,2025-08-06,organic,organic_direct,182.98,0.0,182.98,USD
4876,6582,2025-08-06,organic,organic_direct,43.26,0.0,43.26,USD
4877,2935,2025-08-06,organic,organic_direct,55.82,0.0,55.82,USD
4878,2091,2025-08-06,organic,organic_direct,69.52,0.0,69.52,USD
4879,7134,2025-08-06,paid_social,meta_prospecting,137.49,0.0,137.49,USD
4880,3446,2025-08-06,paid_search,retargeting_search,302.49,0.0,302.49,USD
4881,5168,2025-08-06,organic,organic_direct,72.34,3.62,68.72,USD
4882,3407,2025-08-06,paid_search,generic_shoes,87.77,0.0,87.77,USD
4883,4169,2025-08-06,email,newsletter_weekly,234.47,35.17,199.3,USD
4884,2573,2025-08-06,paid_search,retargeting_search,118.07,17.71,100.36,USD
4885,5603,2025-08-06,paid_social,tiktok_awareness,62.65,6.27,56.38,USD
4886,3235,2025-08-06,paid_search,generic_shoes,29.12,0.0,29.12,USD
4887,5665,2025-08-06,paid_search,retargeting_search,14.34,0.0,14.34,USD
4888,602,2025-08-06,paid_social,meta_prospecting,77.06,3.85,73.21,USD
4889,3836,2025-08-06,paid_social,tiktok_awareness,46.37,0.0,46.37,USD
4890,5414,2025-08-06,paid_search,brand_search_q4,267.37,26.74,240.63,USD
4891,5815,2025-08-06,organic,organic_direct,98.61,0.0,98.61,USD
4892,5738,2025-08-06,email,cart_abandon,215.93,21.59,194.34,USD
4893,288,2025-08-06,paid_social,tiktok_awareness,82.45,4.12,78.33,USD
4894,1211,2025-08-06,email,newsletter_weekly,61.36,0.0,61.36,USD
4895,6531,2025-08-06,email,cart_abandon,267.1,26.71,240.39,USD
4896,3960,2025-08-06,email,newsletter_weekly,50.71,2.54,48.17,USD
4897,2427,2025-08-06,affiliate,coupon_site,269.86,0.0,269.86,USD
4898,4830,2025-08-06,paid_social,tiktok_awareness,168.69,8.43,160.26,USD
4899,1056,2025-08-06,affiliate,partner_blog,157.73,15.77,141.96,USD
4900,4679,2025-08-06,paid_search,brand_search_q4,21.16,0.0,21.16,USD
4901,2891,2025-08-06,paid_search,brand_search_q4,123.25,0.0,123.25,USD
4902,7978,2025-08-06,email,newsletter_weekly,184.42,0.0,184.42,USD
4903,733,2025-08-06,organic,organic_direct,176.03,0.0,176.03,USD
4904,132,2025-08-06,paid_search,brand_search_q4,38.85,0.0,38.85,USD
4905,2866,2025-08-06,organic,organic_direct,161.1,0.0,161.1,USD
4906,3418,2025-08-06,paid_search,brand_search_q4,140.06,7.0,133.06,USD
4907,3122,2025-08-06,paid_social,meta_prospecting,200.25,30.04,170.21,USD
4908,4493,2025-08-06,organic,organic_direct,244.29,12.21,232.08,USD
4909,6037,2025-08-06,paid_search,retargeting_search,159.05,7.95,151.1,USD
4910,2936,2025-08-06,paid_search,generic_shoes,43.53,6.53,37.0,USD
4911,6870,2025-08-06,affiliate,partner_blog,114.06,17.11,96.95,USD
4912,6911,2025-08-06,organic,organic_direct,24.99,0.0,24.99,USD
4913,5505,2025-08-06,paid_search,brand_search_q4,73.38,0.0,73.38,USD
4914,4763,2025-08-06,organic,organic_direct,67.68,0.0,67.68,USD
4915,2023,2025-08-06,email,winback,90.65,9.07,81.58,USD
4916,1700,2025-08-06,paid_search,retargeting_search,200.26,20.03,180.23,USD
4917,5777,2025-08-06,organic,organic_direct,189.49,18.95,170.54,USD
4918,4193,2025-08-06,paid_social,tiktok_awareness,169.75,8.49,161.26,USD
4919,6162,2025-08-06,paid_search,generic_shoes,153.72,0.0,153.72,USD
4920,7146,2025-08-06,paid_search,brand_search_q4,142.66,0.0,142.66,USD
4921,4990,2025-08-06,paid_social,tiktok_awareness,107.01,10.7,96.31,USD
4922,3253,2025-08-06,organic,organic_direct,74.91,0.0,74.91,USD
4923,2492,2025-08-06,paid_search,retargeting_search,231.73,34.76,196.97,USD
4924,5852,2025-08-06,paid_search,generic_shoes,43.87,0.0,43.87,USD
4925,3126,2025-08-06,paid_social,tiktok_awareness,100.12,10.01,90.11,USD
4926,4966,2025-08-06,paid_search,retargeting_search,123.41,0.0,123.41,USD
4927,5827,2025-08-06,paid_search,brand_search_q4,126.97,6.35,120.62,USD
4928,1677,2025-08-06,email,newsletter_weekly,247.24,0.0,247.24,USD
4929,4011,2025-08-06,email,cart_abandon,123.11,0.0,123.11,USD
4930,169,2025-08-06,affiliate,partner_blog,68.25,0.0,68.25,USD
4931,5063,2025-08-06,email,newsletter_weekly,51.86,2.59,49.27,USD
4932,2491,2025-08-06,email,cart_abandon,116.13,11.61,104.52,USD
4933,1364,2025-08-06,paid_search,generic_shoes,162.98,16.3,146.68,USD
4934,6541,2025-08-06,paid_social,meta_prospecting,229.86,0.0,229.86,USD
4935,4912,2025-08-07,paid_search,brand_search_q4,161.08,24.16,136.92,USD
4936,7847,2025-08-07,paid_search,retargeting_search,178.86,26.83,152.03,USD
4937,4529,2025-08-07,paid_search,retargeting_search,223.57,11.18,212.39,USD
4938,4265,2025-08-07,organic,organic_direct,169.84,8.49,161.35,USD
4939,3495,2025-08-07,paid_social,meta_prospecting,191.79,28.77,163.02,USD
4940,3829,2025-08-07,organic,organic_direct,244.06,12.2,231.86,USD
4941,6957,2025-08-07,paid_social,meta_retarget,141.08,21.16,119.92,USD
4942,3984,2025-08-07,paid_social,meta_prospecting,29.64,4.45,25.19,USD
4943,6423,2025-08-07,paid_search,generic_shoes,77.61,0.0,77.61,USD
4944,3007,2025-08-07,paid_search,retargeting_search,208.02,0.0,208.02,USD
4945,884,2025-08-07,affiliate,coupon_site,228.75,0.0,228.75,USD
4946,4947,2025-08-07,paid_search,retargeting_search,203.66,20.37,183.29,USD
4947,264,2025-08-07,organic,organic_direct,120.98,18.15,102.83,USD
4948,4169,2025-08-07,affiliate,coupon_site,14.35,0.0,14.35,USD
4949,2382,2025-08-07,email,winback,181.03,9.05,171.98,USD
4950,1896,2025-08-07,paid_social,tiktok_awareness,19.42,0.0,19.42,USD
4951,6749,2025-08-07,organic,organic_direct,164.94,0.0,164.94,USD
4952,550,2025-08-07,paid_social,meta_retarget,272.11,13.61,258.5,USD
4953,4723,2025-08-07,paid_search,retargeting_search,30.81,4.62,26.19,USD
4954,6088,2025-08-07,paid_search,brand_search_q4,59.14,8.87,50.27,USD
4955,2465,2025-08-07,email,winback,154.74,0.0,154.74,USD
4956,1895,2025-08-07,paid_social,meta_retarget,219.79,0.0,219.79,USD
4957,4528,2025-08-07,paid_search,retargeting_search,25.96,0.0,25.96,USD
4958,1,2025-08-07,paid_search,generic_shoes,70.33,0.0,70.33,USD
4959,2047,2025-08-07,paid_social,meta_retarget,142.15,0.0,142.15,USD
4960,1521,2025-08-07,organic,organic_direct,24.3,3.65,20.65,USD
4961,3661,2025-08-07,paid_search,retargeting_search,34.03,5.1,28.93,USD
4962,2282,2025-08-07,organic,organic_direct,172.18,0.0,172.18,USD
4963,2585,2025-08-07,paid_social,tiktok_awareness,85.91,0.0,85.91,USD
4964,6327,2025-08-07,paid_search,retargeting_search,251.27,12.56,238.71,USD
4965,5058,2025-08-07,organic,organic_direct,228.01,34.2,193.81,USD
4966,3943,2025-08-07,paid_search,retargeting_search,209.6,0.0,209.6,USD
4967,5284,2025-08-07,paid_social,tiktok_awareness,54.75,8.21,46.54,USD
4968,941,2025-08-07,organic,organic_direct,54.75,5.48,49.27,USD
4969,2574,2025-08-07,organic,organic_direct,61.92,0.0,61.92,USD
4970,2489,2025-08-07,paid_search,brand_search_q4,61.74,0.0,61.74,USD
4971,5535,2025-08-07,paid_search,generic_shoes,138.69,20.8,117.89,USD
4972,5682,2025-08-07,paid_search,retargeting_search,144.12,0.0,144.12,USD
4973,1200,2025-08-07,paid_search,generic_shoes,81.09,8.11,72.98,USD
4974,5126,2025-08-07,organic,organic_direct,40.12,2.01,38.11,USD
4975,3057,2025-08-07,paid_social,meta_prospecting,75.41,0.0,75.41,USD
4976,1156,2025-08-07,affiliate,partner_blog,287.48,14.37,273.11,USD
4977,5975,2025-08-07,organic,organic_direct,150.73,15.07,135.66,USD
4978,4165,2025-08-07,paid_search,generic_shoes,161.66,24.25,137.41,USD
4979,3373,2025-08-07,email,cart_abandon,143.34,14.33,129.01,USD
4980,5265,2025-08-07,paid_social,meta_retarget,96.94,4.85,92.09,USD
4981,644,2025-08-07,paid_social,meta_retarget,203.8,0.0,203.8,USD
4982,5600,2025-08-07,paid_search,brand_search_q4,109.04,0.0,109.04,USD
4983,2465,2025-08-07,paid_social,meta_prospecting,254.86,12.74,242.12,USD
4984,3917,2025-08-07,paid_social,meta_prospecting,59.65,5.96,53.69,USD
4985,4501,2025-08-07,paid_social,meta_retarget,189.49,0.0,189.49,USD
4986,1602,2025-08-07,organic,organic_direct,63.47,6.35,57.12,USD
4987,3373,2025-08-07,organic,organic_direct,213.76,0.0,213.76,USD
4988,5164,2025-08-07,paid_social,meta_prospecting,88.94,0.0,88.94,USD
4989,1359,2025-08-07,paid_social,tiktok_awareness,260.49,0.0,260.49,USD
4990,2877,2025-08-07,paid_social,meta_prospecting,180.42,0.0,180.42,USD
4991,2056,2025-08-07,email,newsletter_weekly,23.47,0.0,23.47,USD
4992,4810,2025-08-07,affiliate,partner_blog,222.14,0.0,222.14,USD
4993,4066,2025-08-07,organic,organic_direct,84.87,0.0,84.87,USD
4994,1874,2025-08-07,paid_social,meta_retarget,256.19,38.43,217.76,USD
4995,3864,2025-08-07,organic,organic_direct,20.6,0.0,20.6,USD
4996,7782,2025-08-07,organic,organic_direct,146.29,21.94,124.35,USD
4997,2530,2025-08-07,organic,organic_direct,216.29,21.63,194.66,USD
4998,6292,2025-08-07,paid_social,meta_prospecting,122.01,18.3,103.71,USD
4999,5384,2025-08-07,paid_search,brand_search_q4,182.93,9.15,173.78,USD
5000,7545,2025-08-07,paid_search,retargeting_search,248.99,0.0,248.99,USD
5001,90,2025-08-07,paid_social,tiktok_awareness,137.1,20.56,116.54,USD
5002,3494,2025-08-07,organic,organic_direct,96.23,4.81,91.42,USD
5003,5817,2025-08-07,paid_search,generic_shoes,184.26,0.0,184.26,USD
5004,594,2025-08-07,organic,organic_direct,253.71,12.69,241.02,USD
5005,6680,2025-08-07,paid_search,generic_shoes,75.81,0.0,75.81,USD
5006,5440,2025-08-07,paid_social,meta_retarget,95.93,4.8,91.13,USD
5007,3005,2025-08-07,affiliate,coupon_site,93.56,0.0,93.56,USD
5008,3901,2025-08-07,paid_search,generic_shoes,247.4,12.37,235.03,USD
5009,7853,2025-08-07,affiliate,coupon_site,238.95,11.95,227.0,USD
5010,6222,2025-08-07,paid_social,tiktok_awareness,270.2,13.51,256.69,USD
5011,7182,2025-08-07,organic,organic_direct,133.37,13.34,120.03,USD
5012,3636,2025-08-07,affiliate,coupon_site,22.7,0.0,22.7,USD
5013,7368,2025-08-07,email,newsletter_weekly,261.62,0.0,261.62,USD
5014,871,2025-08-07,paid_social,meta_retarget,236.5,23.65,212.85,USD
5015,7041,2025-08-07,organic,organic_direct,228.77,34.32,194.45,USD
5016,35,2025-08-07,paid_social,tiktok_awareness,169.04,0.0,169.04,USD
5017,3769,2025-08-07,paid_search,retargeting_search,250.89,0.0,250.89,USD
5018,3238,2025-08-07,email,cart_abandon,126.2,0.0,126.2,USD
5019,5648,2025-08-07,paid_search,generic_shoes,152.07,7.6,144.47,USD
5020,6397,2025-08-07,paid_social,meta_prospecting,21.72,0.0,21.72,USD
5021,5841,2025-08-07,paid_search,brand_search_q4,55.6,0.0,55.6,USD
5022,2781,2025-08-07,affiliate,coupon_site,229.5,0.0,229.5,USD
5023,111,2025-08-07,paid_search,retargeting_search,250.73,0.0,250.73,USD
5024,1597,2025-08-07,email,cart_abandon,38.88,0.0,38.88,USD
5025,2326,2025-08-07,paid_search,retargeting_search,112.36,5.62,106.74,USD
5026,6223,2025-08-08,paid_search,retargeting_search,96.39,0.0,96.39,USD
5027,625,2025-08-08,email,cart_abandon,215.7,0.0,215.7,USD
5028,3502,2025-08-08,organic,organic_direct,221.07,0.0,221.07,USD
5029,4517,2025-08-08,organic,organic_direct,202.11,0.0,202.11,USD
5030,1346,2025-08-08,organic,organic_direct,78.33,7.83,70.5,USD
5031,2834,2025-08-08,paid_search,retargeting_search,109.43,10.94,98.49,USD
5032,1046,2025-08-08,paid_social,meta_retarget,261.6,0.0,261.6,USD
5033,5344,2025-08-08,paid_search,retargeting_search,18.83,0.0,18.83,USD
5034,1282,2025-08-08,affiliate,partner_blog,247.1,0.0,247.1,USD
5035,3399,2025-08-08,organic,organic_direct,97.25,9.73,87.52,USD
5036,1642,2025-08-08,organic,organic_direct,68.21,0.0,68.21,USD
5037,7582,2025-08-08,paid_search,retargeting_search,176.34,0.0,176.34,USD
5038,3893,2025-08-08,paid_social,meta_retarget,96.49,0.0,96.49,USD
5039,1678,2025-08-08,paid_search,retargeting_search,166.39,16.64,149.75,USD
5040,6393,2025-08-08,paid_search,brand_search_q4,30.49,0.0,30.49,USD
5041,7421,2025-08-08,paid_social,tiktok_awareness,141.7,14.17,127.53,USD
5042,6060,2025-08-08,paid_search,generic_shoes,124.23,12.42,111.81,USD
5043,6828,2025-08-08,paid_search,generic_shoes,137.08,0.0,137.08,USD
5044,7887,2025-08-08,paid_search,brand_search_q4,111.62,5.58,106.04,USD
5045,4561,2025-08-08,organic,organic_direct,22.11,1.11,21.0,USD
5046,3910,2025-08-08,paid_search,generic_shoes,80.85,12.13,68.72,USD
5047,7642,2025-08-08,paid_social,meta_prospecting,240.37,12.02,228.35,USD
5048,2125,2025-08-08,email,winback,241.78,0.0,241.78,USD
5049,2014,2025-08-08,organic,organic_direct,127.56,12.76,114.8,USD
5050,4294,2025-08-08,paid_social,tiktok_awareness,135.69,20.35,115.34,USD
5051,1978,2025-08-08,paid_social,meta_prospecting,24.51,0.0,24.51,USD
5052,2205,2025-08-08,organic,organic_direct,222.4,11.12,211.28,USD
5053,2562,2025-08-08,paid_search,brand_search_q4,175.65,8.78,166.87,USD
5054,5337,2025-08-08,paid_search,retargeting_search,262.73,0.0,262.73,USD
5055,3652,2025-08-08,affiliate,partner_blog,47.95,7.19,40.76,USD
5056,650,2025-08-08,paid_search,retargeting_search,97.66,9.77,87.89,USD
5057,1393,2025-08-08,organic,organic_direct,21.97,3.3,18.67,USD
5058,6786,2025-08-08,paid_social,meta_retarget,245.68,0.0,245.68,USD
5059,6954,2025-08-08,paid_social,meta_prospecting,143.06,7.15,135.91,USD
5060,2084,2025-08-08,paid_social,meta_retarget,248.65,0.0,248.65,USD
5061,400,2025-08-08,paid_social,meta_prospecting,208.23,10.41,197.82,USD
5062,2476,2025-08-08,email,cart_abandon,223.78,0.0,223.78,USD
5063,3794,2025-08-08,paid_search,retargeting_search,163.27,24.49,138.78,USD
5064,2676,2025-08-08,organic,organic_direct,187.27,18.73,168.54,USD
5065,410,2025-08-08,paid_social,meta_prospecting,278.16,0.0,278.16,USD
5066,437,2025-08-08,paid_social,meta_retarget,164.54,16.45,148.09,USD
5067,2200,2025-08-08,organic,organic_direct,217.61,0.0,217.61,USD
5068,7121,2025-08-08,organic,organic_direct,79.53,0.0,79.53,USD
5069,4389,2025-08-08,affiliate,coupon_site,219.55,21.96,197.59,USD
5070,1670,2025-08-08,affiliate,coupon_site,221.21,0.0,221.21,USD
5071,7566,2025-08-08,organic,organic_direct,191.65,28.75,162.9,USD
5072,7719,2025-08-08,affiliate,partner_blog,115.3,11.53,103.77,USD
5073,6083,2025-08-08,organic,organic_direct,184.42,0.0,184.42,USD
5074,7904,2025-08-08,paid_search,retargeting_search,144.43,0.0,144.43,USD
5075,3402,2025-08-08,paid_search,brand_search_q4,165.19,0.0,165.19,USD
5076,4226,2025-08-08,paid_search,retargeting_search,135.91,0.0,135.91,USD
5077,5995,2025-08-08,organic,organic_direct,224.55,11.23,213.32,USD
5078,55,2025-08-08,affiliate,coupon_site,24.85,0.0,24.85,USD
5079,5809,2025-08-08,organic,organic_direct,188.75,9.44,179.31,USD
5080,905,2025-08-08,organic,organic_direct,38.82,0.0,38.82,USD
5081,1320,2025-08-08,paid_social,meta_retarget,96.43,9.64,86.79,USD
5082,2931,2025-08-08,email,winback,249.54,12.48,237.06,USD
5083,3265,2025-08-08,paid_social,meta_prospecting,86.21,8.62,77.59,USD
5084,3756,2025-08-08,paid_social,tiktok_awareness,174.13,0.0,174.13,USD
5085,1850,2025-08-09,organic,organic_direct,172.54,0.0,172.54,USD
5086,5318,2025-08-09,paid_search,generic_shoes,36.87,1.84,35.03,USD
5087,6642,2025-08-09,paid_search,brand_search_q4,110.59,0.0,110.59,USD
5088,2352,2025-08-09,email,cart_abandon,203.25,10.16,193.09,USD
5089,5779,2025-08-09,paid_search,brand_search_q4,61.97,0.0,61.97,USD
5090,4142,2025-08-09,organic,organic_direct,67.76,10.16,57.6,USD
5091,1911,2025-08-09,paid_search,generic_shoes,132.16,0.0,132.16,USD
5092,7451,2025-08-09,affiliate,partner_blog,265.83,0.0,265.83,USD
5093,1310,2025-08-09,affiliate,coupon_site,234.63,11.73,222.9,USD
5094,2088,2025-08-09,paid_search,brand_search_q4,51.76,5.18,46.58,USD
5095,718,2025-08-09,organic,organic_direct,271.93,40.79,231.14,USD
5096,1898,2025-08-09,organic,organic_direct,106.37,0.0,106.37,USD
5097,2698,2025-08-09,affiliate,partner_blog,40.53,6.08,34.45,USD
5098,6506,2025-08-09,affiliate,partner_blog,136.94,0.0,136.94,USD
5099,4206,2025-08-09,paid_social,meta_retarget,141.84,0.0,141.84,USD
5100,6812,2025-08-09,affiliate,partner_blog,231.09,0.0,231.09,USD
5101,3376,2025-08-09,paid_search,brand_search_q4,31.67,4.75,26.92,USD
5102,5554,2025-08-09,paid_search,generic_shoes,240.74,0.0,240.74,USD
5103,391,2025-08-09,organic,organic_direct,67.9,0.0,67.9,USD
5104,7615,2025-08-09,paid_search,brand_search_q4,83.33,12.5,70.83,USD
5105,2663,2025-08-09,paid_search,brand_search_q4,257.05,0.0,257.05,USD
5106,50,2025-08-09,organic,organic_direct,88.09,8.81,79.28,USD
5107,3853,2025-08-09,paid_social,tiktok_awareness,52.7,0.0,52.7,USD
5108,7703,2025-08-09,organic,organic_direct,225.93,11.3,214.63,USD
5109,2325,2025-08-09,paid_search,retargeting_search,80.58,12.09,68.49,USD
5110,2775,2025-08-09,email,winback,25.07,2.51,22.56,USD
5111,4960,2025-08-09,email,cart_abandon,180.58,27.09,153.49,USD
5112,4557,2025-08-09,paid_search,generic_shoes,247.7,0.0,247.7,USD
5113,2072,2025-08-09,affiliate,partner_blog,149.32,0.0,149.32,USD
5114,289,2025-08-09,affiliate,partner_blog,143.82,0.0,143.82,USD
5115,751,2025-08-09,paid_social,tiktok_awareness,189.86,18.99,170.87,USD
5116,6453,2025-08-09,paid_search,retargeting_search,227.05,0.0,227.05,USD
5117,4019,2025-08-09,paid_search,brand_search_q4,41.84,0.0,41.84,USD
5118,2650,2025-08-09,organic,organic_direct,207.15,0.0,207.15,USD
5119,1662,2025-08-09,organic,organic_direct,101.57,0.0,101.57,USD
5120,7337,2025-08-09,paid_search,generic_shoes,51.61,7.74,43.87,USD
5121,1046,2025-08-09,paid_search,retargeting_search,106.08,10.61,95.47,USD
5122,5061,2025-08-09,paid_social,meta_retarget,194.91,19.49,175.42,USD
5123,2728,2025-08-09,paid_social,meta_prospecting,176.42,8.82,167.6,USD
5124,4354,2025-08-09,organic,organic_direct,79.99,8.0,71.99,USD
5125,3236,2025-08-09,paid_social,tiktok_awareness,123.63,0.0,123.63,USD
5126,5330,2025-08-09,paid_search,brand_search_q4,195.03,9.75,185.28,USD
5127,4511,2025-08-09,paid_search,retargeting_search,159.11,15.91,143.2,USD
5128,7508,2025-08-09,paid_search,brand_search_q4,172.21,25.83,146.38,USD
5129,6739,2025-08-09,organic,organic_direct,248.24,37.24,211.0,USD
5130,6877,2025-08-09,paid_search,retargeting_search,245.0,12.25,232.75,USD
5131,7979,2025-08-09,affiliate,coupon_site,59.35,5.94,53.41,USD
5132,2105,2025-08-09,organic,organic_direct,31.88,0.0,31.88,USD
5133,6847,2025-08-09,paid_social,tiktok_awareness,94.43,14.16,80.27,USD
5134,4854,2025-08-09,paid_search,retargeting_search,107.06,16.06,91.0,USD
5135,6341,2025-08-09,paid_search,brand_search_q4,84.55,12.68,71.87,USD
5136,241,2025-08-09,paid_search,retargeting_search,244.56,36.68,207.88,USD
5137,1735,2025-08-09,organic,organic_direct,222.35,11.12,211.23,USD
5138,5301,2025-08-09,organic,organic_direct,70.95,3.55,67.4,USD
5139,1661,2025-08-09,email,newsletter_weekly,171.19,25.68,145.51,USD
5140,4836,2025-08-09,paid_search,brand_search_q4,229.85,0.0,229.85,USD
5141,2653,2025-08-09,email,cart_abandon,239.26,35.89,203.37,USD
5142,6353,2025-08-09,email,cart_abandon,117.31,5.87,111.44,USD
5143,2420,2025-08-09,organic,organic_direct,255.24,25.52,229.72,USD
5144,1365,2025-08-09,email,cart_abandon,51.28,7.69,43.59,USD
5145,6958,2025-08-09,organic,organic_direct,182.97,27.45,155.52,USD
5146,6059,2025-08-09,email,winback,87.56,0.0,87.56,USD
5147,3939,2025-08-09,affiliate,partner_blog,78.5,0.0,78.5,USD
5148,2311,2025-08-09,paid_search,generic_shoes,245.48,24.55,220.93,USD
5149,6171,2025-08-09,email,newsletter_weekly,95.6,0.0,95.6,USD
5150,5773,2025-08-09,organic,organic_direct,163.92,0.0,163.92,USD
5151,3895,2025-08-09,paid_search,retargeting_search,130.02,13.0,117.02,USD
5152,6024,2025-08-09,organic,organic_direct,163.34,8.17,155.17,USD
5153,6969,2025-08-09,organic,organic_direct,201.22,0.0,201.22,USD
5154,3182,2025-08-09,paid_search,generic_shoes,29.82,0.0,29.82,USD
5155,1827,2025-08-09,paid_search,retargeting_search,186.46,9.32,177.14,USD
5156,2579,2025-08-09,organic,organic_direct,178.66,17.87,160.79,USD
5157,5592,2025-08-09,paid_search,retargeting_search,219.11,0.0,219.11,USD
5158,5288,2025-08-09,paid_search,retargeting_search,66.38,6.64,59.74,USD
5159,1118,2025-08-09,organic,organic_direct,50.3,2.52,47.78,USD
5160,364,2025-08-09,organic,organic_direct,94.95,0.0,94.95,USD
5161,4646,2025-08-09,organic,organic_direct,272.54,0.0,272.54,USD
5162,208,2025-08-09,email,winback,284.88,0.0,284.88,USD
5163,2067,2025-08-09,organic,organic_direct,116.69,0.0,116.69,USD
5164,5899,2025-08-09,paid_search,retargeting_search,176.76,0.0,176.76,USD
5165,7454,2025-08-09,paid_search,generic_shoes,127.79,0.0,127.79,USD
5166,2558,2025-08-09,paid_search,retargeting_search,97.29,14.59,82.7,USD
5167,5337,2025-08-09,organic,organic_direct,104.38,15.66,88.72,USD
5168,3508,2025-08-09,affiliate,partner_blog,221.96,22.2,199.76,USD
5169,7126,2025-08-09,email,cart_abandon,64.09,9.61,54.48,USD
5170,653,2025-08-09,organic,organic_direct,93.08,0.0,93.08,USD
5171,1765,2025-08-09,organic,organic_direct,132.48,0.0,132.48,USD
5172,6964,2025-08-09,paid_search,retargeting_search,39.42,5.91,33.51,USD
5173,5182,2025-08-09,paid_search,generic_shoes,268.23,40.23,228.0,USD
5174,7704,2025-08-09,organic,organic_direct,209.94,20.99,188.95,USD
5175,4320,2025-08-09,affiliate,partner_blog,153.99,23.1,130.89,USD
5176,4636,2025-08-09,email,newsletter_weekly,142.87,7.14,135.73,USD
5177,2271,2025-08-09,email,newsletter_weekly,40.74,0.0,40.74,USD
5178,2298,2025-08-09,affiliate,coupon_site,155.3,0.0,155.3,USD
5179,3270,2025-08-09,organic,organic_direct,145.12,14.51,130.61,USD
5180,5847,2025-08-09,organic,organic_direct,123.79,0.0,123.79,USD
5181,7366,2025-08-09,paid_search,brand_search_q4,175.03,0.0,175.03,USD
5182,2479,2025-08-09,paid_search,retargeting_search,114.95,0.0,114.95,USD
5183,1546,2025-08-09,paid_search,generic_shoes,233.76,23.38,210.38,USD
5184,2912,2025-08-09,organic,organic_direct,195.85,9.79,186.06,USD
5185,7846,2025-08-09,paid_search,brand_search_q4,29.82,1.49,28.33,USD
5186,1241,2025-08-09,organic,organic_direct,86.31,12.95,73.36,USD
5187,6184,2025-08-09,email,winback,185.98,0.0,185.98,USD
5188,2971,2025-08-09,paid_search,generic_shoes,59.41,2.97,56.44,USD
5189,2894,2025-08-10,organic,organic_direct,221.02,22.1,198.92,USD
5190,2356,2025-08-10,organic,organic_direct,209.37,0.0,209.37,USD
5191,3454,2025-08-10,organic,organic_direct,248.64,24.86,223.78,USD
5192,2769,2025-08-10,paid_social,meta_prospecting,213.48,0.0,213.48,USD
5193,5847,2025-08-10,paid_social,meta_retarget,162.24,0.0,162.24,USD
5194,6268,2025-08-10,paid_search,retargeting_search,32.53,3.25,29.28,USD
5195,155,2025-08-10,organic,organic_direct,19.72,1.97,17.75,USD
5196,861,2025-08-10,paid_social,meta_prospecting,29.25,4.39,24.86,USD
5197,3929,2025-08-10,paid_social,meta_prospecting,114.59,0.0,114.59,USD
5198,1784,2025-08-10,paid_social,meta_retarget,39.4,3.94,35.46,USD
5199,5263,2025-08-10,organic,organic_direct,74.83,11.22,63.61,USD
5200,6083,2025-08-10,organic,organic_direct,247.42,12.37,235.05,USD
5201,7605,2025-08-10,organic,organic_direct,283.12,0.0,283.12,USD
5202,3290,2025-08-10,organic,organic_direct,106.91,10.69,96.22,USD
5203,318,2025-08-10,email,winback,183.82,9.19,174.63,USD
5204,5715,2025-08-10,affiliate,coupon_site,299.4,44.91,254.49,USD
5205,3540,2025-08-10,organic,organic_direct,63.88,0.0,63.88,USD
5206,1787,2025-08-10,organic,organic_direct,209.82,0.0,209.82,USD
5207,2727,2025-08-10,email,newsletter_weekly,230.84,0.0,230.84,USD
5208,5417,2025-08-10,organic,organic_direct,88.58,0.0,88.58,USD
5209,20,2025-08-10,email,cart_abandon,277.98,13.9,264.08,USD
5210,7948,2025-08-10,paid_search,brand_search_q4,172.26,0.0,172.26,USD
5211,3748,2025-08-10,email,winback,91.6,13.74,77.86,USD
5212,3347,2025-08-10,paid_search,generic_shoes,38.75,0.0,38.75,USD
5213,2191,2025-08-10,paid_search,generic_shoes,92.48,9.25,83.23,USD
5214,3571,2025-08-10,paid_search,retargeting_search,86.45,4.32,82.13,USD
5215,6372,2025-08-10,organic,organic_direct,255.76,0.0,255.76,USD
5216,7402,2025-08-10,affiliate,coupon_site,146.37,0.0,146.37,USD
5217,3870,2025-08-10,email,newsletter_weekly,46.52,4.65,41.87,USD
5218,3605,2025-08-10,email,winback,221.44,22.14,199.3,USD
5219,7209,2025-08-10,paid_search,brand_search_q4,23.33,1.17,22.16,USD
5220,5207,2025-08-10,paid_social,tiktok_awareness,192.9,19.29,173.61,USD
5221,2592,2025-08-10,paid_search,brand_search_q4,28.09,1.4,26.69,USD
5222,4152,2025-08-10,paid_social,tiktok_awareness,199.99,0.0,199.99,USD
5223,555,2025-08-10,paid_social,meta_prospecting,175.38,0.0,175.38,USD
5224,4563,2025-08-10,organic,organic_direct,37.94,1.9,36.04,USD
5225,1189,2025-08-10,paid_social,meta_retarget,75.37,3.77,71.6,USD
5226,5160,2025-08-10,paid_social,tiktok_awareness,218.63,0.0,218.63,USD
5227,5163,2025-08-10,paid_search,brand_search_q4,228.97,22.9,206.07,USD
5228,1074,2025-08-10,paid_social,meta_prospecting,84.9,0.0,84.9,USD
5229,3045,2025-08-10,paid_search,retargeting_search,22.71,0.0,22.71,USD
5230,1193,2025-08-10,affiliate,partner_blog,46.1,0.0,46.1,USD
5231,894,2025-08-10,email,winback,21.59,3.24,18.35,USD
5232,2391,2025-08-10,paid_social,meta_prospecting,65.1,0.0,65.1,USD
5233,1774,2025-08-10,paid_search,brand_search_q4,86.43,4.32,82.11,USD
5234,5542,2025-08-10,organic,organic_direct,134.35,0.0,134.35,USD
5235,2958,2025-08-10,paid_search,brand_search_q4,270.2,13.51,256.69,USD
5236,7795,2025-08-10,email,cart_abandon,178.19,0.0,178.19,USD
5237,4466,2025-08-10,organic,organic_direct,146.48,14.65,131.83,USD
5238,3151,2025-08-10,paid_social,meta_retarget,57.23,0.0,57.23,USD
5239,4518,2025-08-10,organic,organic_direct,36.98,0.0,36.98,USD
5240,4551,2025-08-10,email,cart_abandon,244.87,12.24,232.63,USD
5241,7311,2025-08-10,organic,organic_direct,274.62,0.0,274.62,USD
5242,6106,2025-08-10,paid_search,generic_shoes,98.39,4.92,93.47,USD
5243,7645,2025-08-10,affiliate,coupon_site,168.69,0.0,168.69,USD
5244,3710,2025-08-10,email,newsletter_weekly,27.82,1.39,26.43,USD
5245,6394,2025-08-10,email,cart_abandon,38.44,0.0,38.44,USD
5246,3429,2025-08-10,organic,organic_direct,231.1,34.66,196.44,USD
5247,5157,2025-08-10,paid_search,generic_shoes,146.05,14.61,131.44,USD
5248,7714,2025-08-10,paid_social,meta_retarget,87.22,13.08,74.14,USD
5249,4426,2025-08-10,email,newsletter_weekly,80.1,4.0,76.1,USD
5250,5945,2025-08-10,affiliate,partner_blog,86.56,0.0,86.56,USD
5251,3994,2025-08-10,paid_social,tiktok_awareness,132.71,6.64,126.07,USD
5252,2550,2025-08-10,email,cart_abandon,96.54,0.0,96.54,USD
5253,842,2025-08-10,organic,organic_direct,104.57,0.0,104.57,USD
5254,7158,2025-08-10,paid_search,retargeting_search,192.41,0.0,192.41,USD
5255,2678,2025-08-10,paid_search,brand_search_q4,200.63,0.0,200.63,USD
5256,4868,2025-08-10,paid_social,meta_prospecting,134.73,6.74,127.99,USD
5257,376,2025-08-10,paid_social,meta_retarget,296.49,29.65,266.84,USD
5258,4632,2025-08-10,email,cart_abandon,253.41,12.67,240.74,USD
5259,1970,2025-08-10,organic,organic_direct,106.59,0.0,106.59,USD
5260,6504,2025-08-10,paid_social,meta_prospecting,264.91,13.25,251.66,USD
5261,5321,2025-08-10,organic,organic_direct,16.24,2.44,13.8,USD
5262,4512,2025-08-10,email,cart_abandon,75.69,3.78,71.91,USD
5263,7177,2025-08-10,organic,organic_direct,131.73,0.0,131.73,USD
5264,7255,2025-08-10,affiliate,coupon_site,47.5,0.0,47.5,USD
5265,5767,2025-08-10,organic,organic_direct,45.67,2.28,43.39,USD
5266,1869,2025-08-10,email,winback,65.36,9.8,55.56,USD
5267,2282,2025-08-10,paid_search,generic_shoes,183.06,18.31,164.75,USD
5268,5867,2025-08-10,paid_search,generic_shoes,138.24,0.0,138.24,USD
5269,5436,2025-08-10,organic,organic_direct,225.78,0.0,225.78,USD
5270,2998,2025-08-10,paid_social,meta_prospecting,256.03,0.0,256.03,USD
5271,7116,2025-08-10,paid_search,retargeting_search,227.24,0.0,227.24,USD
5272,354,2025-08-10,organic,organic_direct,90.46,0.0,90.46,USD
5273,2413,2025-08-10,affiliate,coupon_site,274.63,0.0,274.63,USD
5274,4138,2025-08-10,email,newsletter_weekly,75.75,0.0,75.75,USD
5275,4530,2025-08-10,paid_search,generic_shoes,133.95,6.7,127.25,USD
5276,5704,2025-08-10,organic,organic_direct,48.22,0.0,48.22,USD
5277,4345,2025-08-10,paid_search,brand_search_q4,245.53,24.55,220.98,USD
5278,3415,2025-08-10,affiliate,partner_blog,264.43,26.44,237.99,USD
5279,2537,2025-08-10,email,cart_abandon,263.23,13.16,250.07,USD
5280,7415,2025-08-10,paid_search,retargeting_search,147.15,7.36,139.79,USD
5281,1825,2025-08-10,organic,organic_direct,181.86,0.0,181.86,USD
5282,7104,2025-08-10,email,winback,203.66,10.18,193.48,USD
5283,5761,2025-08-10,organic,organic_direct,141.21,7.06,134.15,USD
5284,2860,2025-08-10,paid_social,tiktok_awareness,176.15,17.62,158.53,USD
5285,3834,2025-08-10,organic,organic_direct,265.55,39.83,225.72,USD
5286,5841,2025-08-10,paid_social,tiktok_awareness,298.31,0.0,298.31,USD
5287,1570,2025-08-10,affiliate,coupon_site,117.24,0.0,117.24,USD
5288,681,2025-08-10,email,newsletter_weekly,46.91,7.04,39.87,USD
5289,193,2025-08-10,paid_search,brand_search_q4,235.5,11.78,223.72,USD
5290,1005,2025-08-10,paid_search,brand_search_q4,167.1,0.0,167.1,USD
5291,3064,2025-08-10,paid_search,generic_shoes,60.49,0.0,60.49,USD
5292,4751,2025-08-10,organic,organic_direct,222.84,11.14,211.7,USD
5293,4675,2025-08-10,organic,organic_direct,179.24,17.92,161.32,USD
5294,5537,2025-08-10,organic,organic_direct,168.23,0.0,168.23,USD
5295,7152,2025-08-10,paid_social,tiktok_awareness,57.01,5.7,51.31,USD
5296,3321,2025-08-11,email,cart_abandon,50.92,0.0,50.92,USD
5297,3501,2025-08-11,organic,organic_direct,184.67,9.23,175.44,USD
5298,1248,2025-08-11,paid_search,retargeting_search,233.32,0.0,233.32,USD
5299,416,2025-08-11,organic,organic_direct,58.28,8.74,49.54,USD
5300,4808,2025-08-11,paid_social,tiktok_awareness,125.04,0.0,125.04,USD
5301,7128,2025-08-11,organic,organic_direct,249.1,0.0,249.1,USD
5302,939,2025-08-11,paid_social,meta_prospecting,231.95,23.2,208.75,USD
5303,7052,2025-08-11,paid_search,brand_search_q4,80.95,12.14,68.81,USD
5304,7177,2025-08-11,affiliate,coupon_site,277.44,0.0,277.44,USD
5305,496,2025-08-11,paid_search,retargeting_search,23.81,3.57,20.24,USD
5306,2089,2025-08-11,paid_social,tiktok_awareness,105.66,0.0,105.66,USD
5307,6056,2025-08-11,paid_social,meta_prospecting,222.24,0.0,222.24,USD
5308,1473,2025-08-11,email,winback,129.57,0.0,129.57,USD
5309,7907,2025-08-11,paid_search,generic_shoes,23.36,3.5,19.86,USD
5310,5129,2025-08-11,email,winback,21.1,3.17,17.93,USD
5311,6321,2025-08-11,paid_search,generic_shoes,102.22,0.0,102.22,USD
5312,6470,2025-08-11,paid_search,brand_search_q4,99.05,9.91,89.14,USD
5313,3126,2025-08-11,affiliate,coupon_site,209.83,0.0,209.83,USD
5314,1496,2025-08-11,organic,organic_direct,205.45,0.0,205.45,USD
5315,5292,2025-08-11,organic,organic_direct,111.47,0.0,111.47,USD
5316,6400,2025-08-11,organic,organic_direct,43.56,0.0,43.56,USD
5317,4807,2025-08-11,organic,organic_direct,109.24,0.0,109.24,USD
5318,1234,2025-08-11,paid_search,brand_search_q4,276.15,0.0,276.15,USD
5319,5972,2025-08-11,paid_social,meta_retarget,39.56,0.0,39.56,USD
5320,4409,2025-08-11,email,winback,271.23,0.0,271.23,USD
5321,2797,2025-08-11,paid_social,meta_prospecting,163.37,0.0,163.37,USD
5322,421,2025-08-11,organic,organic_direct,33.16,4.97,28.19,USD
5323,4814,2025-08-11,paid_social,tiktok_awareness,54.76,5.48,49.28,USD
5324,1449,2025-08-11,organic,organic_direct,86.91,8.69,78.22,USD
5325,6727,2025-08-11,organic,organic_direct,264.93,0.0,264.93,USD
5326,3562,2025-08-11,paid_search,generic_shoes,187.0,9.35,177.65,USD
5327,7346,2025-08-11,organic,organic_direct,250.77,25.08,225.69,USD
5328,7652,2025-08-11,organic,organic_direct,78.92,7.89,71.03,USD
5329,57,2025-08-11,organic,organic_direct,164.5,24.68,139.82,USD
5330,5001,2025-08-11,paid_search,retargeting_search,176.34,17.63,158.71,USD
5331,1053,2025-08-11,paid_search,generic_shoes,284.09,0.0,284.09,USD
5332,3767,2025-08-11,organic,organic_direct,167.98,0.0,167.98,USD
5333,2147,2025-08-11,paid_search,generic_shoes,169.51,0.0,169.51,USD
5334,5181,2025-08-12,paid_social,tiktok_awareness,76.05,0.0,76.05,USD
5335,6517,2025-08-12,organic,organic_direct,17.6,0.0,17.6,USD
5336,2624,2025-08-12,email,cart_abandon,115.79,5.79,110.0,USD
5337,4005,2025-08-12,paid_search,brand_search_q4,210.79,0.0,210.79,USD
5338,4873,2025-08-12,email,newsletter_weekly,212.85,21.29,191.56,USD
5339,5212,2025-08-12,paid_search,retargeting_search,138.46,0.0,138.46,USD
5340,4270,2025-08-12,organic,organic_direct,43.18,4.32,38.86,USD
5341,7367,2025-08-12,organic,organic_direct,137.51,20.63,116.88,USD
5342,2547,2025-08-12,paid_search,retargeting_search,113.59,5.68,107.91,USD
5343,1702,2025-08-12,paid_search,brand_search_q4,169.14,16.91,152.23,USD
5344,4458,2025-08-12,paid_search,brand_search_q4,165.28,0.0,165.28,USD
5345,5063,2025-08-12,affiliate,coupon_site,137.61,0.0,137.61,USD
5346,2919,2025-08-12,paid_search,generic_shoes,213.09,0.0,213.09,USD
5347,2151,2025-08-12,paid_search,brand_search_q4,52.73,2.64,50.09,USD
5348,6084,2025-08-12,paid_search,generic_shoes,33.46,5.02,28.44,USD
5349,7190,2025-08-12,email,winback,107.99,0.0,107.99,USD
5350,3968,2025-08-12,email,newsletter_weekly,181.51,0.0,181.51,USD
5351,1884,2025-08-12,organic,organic_direct,266.0,0.0,266.0,USD
5352,6609,2025-08-12,paid_search,generic_shoes,28.8,1.44,27.36,USD
5353,5551,2025-08-12,paid_social,meta_retarget,18.84,0.0,18.84,USD
5354,1589,2025-08-12,organic,organic_direct,145.99,21.9,124.09,USD
5355,3024,2025-08-12,paid_social,meta_prospecting,108.06,10.81,97.25,USD
5356,1548,2025-08-12,organic,organic_direct,265.87,13.29,252.58,USD
5357,5419,2025-08-12,paid_search,brand_search_q4,93.47,9.35,84.12,USD
5358,5141,2025-08-12,paid_social,tiktok_awareness,240.03,0.0,240.03,USD
5359,3485,2025-08-12,organic,organic_direct,226.84,0.0,226.84,USD
5360,7669,2025-08-12,organic,organic_direct,196.49,0.0,196.49,USD
5361,4382,2025-08-12,paid_social,meta_prospecting,207.33,20.73,186.6,USD
5362,4653,2025-08-12,organic,organic_direct,125.91,18.89,107.02,USD
5363,927,2025-08-12,organic,organic_direct,161.27,8.06,153.21,USD
5364,3805,2025-08-12,paid_social,meta_prospecting,67.07,3.35,63.72,USD
5365,2518,2025-08-12,affiliate,coupon_site,95.08,4.75,90.33,USD
5366,5353,2025-08-12,organic,organic_direct,259.48,25.95,233.53,USD
5367,5637,2025-08-12,paid_search,brand_search_q4,146.32,7.32,139.0,USD
5368,4304,2025-08-12,paid_social,tiktok_awareness,222.18,22.22,199.96,USD
5369,4782,2025-08-12,paid_social,meta_prospecting,82.74,4.14,78.6,USD
5370,1062,2025-08-12,email,winback,168.61,25.29,143.32,USD
5371,4329,2025-08-12,organic,organic_direct,51.98,2.6,49.38,USD
5372,5354,2025-08-12,organic,organic_direct,201.63,10.08,191.55,USD
5373,5029,2025-08-12,organic,organic_direct,286.43,0.0,286.43,USD
5374,6311,2025-08-12,paid_search,brand_search_q4,215.55,0.0,215.55,USD
5375,7008,2025-08-12,email,cart_abandon,154.73,23.21,131.52,USD
5376,6335,2025-08-12,organic,organic_direct,237.92,11.9,226.02,USD
5377,1806,2025-08-13,paid_search,brand_search_q4,298.74,44.81,253.93,USD
5378,2852,2025-08-13,affiliate,coupon_site,108.27,10.83,97.44,USD
5379,1355,2025-08-13,paid_search,brand_search_q4,264.11,0.0,264.11,USD
5380,2269,2025-08-13,paid_search,brand_search_q4,114.17,11.42,102.75,USD
5381,5885,2025-08-13,organic,organic_direct,137.59,13.76,123.83,USD
5382,2321,2025-08-13,paid_social,tiktok_awareness,238.66,0.0,238.66,USD
5383,7319,2025-08-13,paid_search,brand_search_q4,96.02,0.0,96.02,USD
5384,7130,2025-08-13,paid_search,retargeting_search,20.72,1.04,19.68,USD
5385,3797,2025-08-13,paid_search,generic_shoes,257.42,0.0,257.42,USD
5386,2166,2025-08-13,organic,organic_direct,30.44,1.52,28.92,USD
5387,6958,2025-08-13,paid_social,meta_retarget,202.94,20.29,182.65,USD
5388,7191,2025-08-13,organic,organic_direct,199.58,19.96,179.62,USD
5389,3637,2025-08-13,paid_search,retargeting_search,235.43,11.77,223.66,USD
5390,6879,2025-08-13,paid_search,generic_shoes,40.79,0.0,40.79,USD
5391,2038,2025-08-13,email,newsletter_weekly,270.47,27.05,243.42,USD
5392,4968,2025-08-13,email,newsletter_weekly,279.6,13.98,265.62,USD
5393,7219,2025-08-13,email,winback,168.01,25.2,142.81,USD
5394,7691,2025-08-13,paid_social,meta_retarget,121.98,0.0,121.98,USD
5395,7556,2025-08-13,paid_search,brand_search_q4,160.38,0.0,160.38,USD
5396,2729,2025-08-13,organic,organic_direct,83.06,0.0,83.06,USD
5397,1539,2025-08-13,organic,organic_direct,143.19,7.16,136.03,USD
5398,6090,2025-08-13,paid_search,retargeting_search,79.23,0.0,79.23,USD
5399,6977,2025-08-13,organic,organic_direct,238.44,23.84,214.6,USD
5400,756,2025-08-13,paid_search,retargeting_search,31.27,4.69,26.58,USD
5401,4247,2025-08-13,organic,organic_direct,264.77,0.0,264.77,USD
5402,2714,2025-08-13,paid_social,meta_prospecting,197.41,0.0,197.41,USD
5403,2912,2025-08-13,paid_search,generic_shoes,39.32,0.0,39.32,USD
5404,2922,2025-08-13,organic,organic_direct,281.71,42.26,239.45,USD
5405,856,2025-08-13,paid_search,generic_shoes,84.02,12.6,71.42,USD
5406,7966,2025-08-13,paid_search,retargeting_search,99.12,0.0,99.12,USD
5407,2750,2025-08-13,paid_search,retargeting_search,270.32,0.0,270.32,USD
5408,1214,2025-08-13,email,winback,118.79,0.0,118.79,USD
5409,2439,2025-08-13,email,winback,148.94,0.0,148.94,USD
5410,6421,2025-08-13,organic,organic_direct,144.98,0.0,144.98,USD
5411,2396,2025-08-13,paid_social,meta_prospecting,123.62,0.0,123.62,USD
5412,2162,2025-08-13,email,newsletter_weekly,102.59,10.26,92.33,USD
5413,6166,2025-08-13,paid_social,meta_prospecting,128.03,19.2,108.83,USD
5414,1739,2025-08-13,paid_social,meta_prospecting,104.99,0.0,104.99,USD
5415,1165,2025-08-13,organic,organic_direct,29.11,4.37,24.74,USD
5416,6301,2025-08-13,paid_search,generic_shoes,283.02,0.0,283.02,USD
5417,150,2025-08-13,organic,organic_direct,111.29,11.13,100.16,USD
5418,3718,2025-08-13,paid_search,retargeting_search,80.7,0.0,80.7,USD
5419,7593,2025-08-13,organic,organic_direct,60.74,9.11,51.63,USD
5420,3874,2025-08-13,email,cart_abandon,224.3,0.0,224.3,USD
5421,569,2025-08-13,paid_search,retargeting_search,169.21,0.0,169.21,USD
5422,5134,2025-08-13,paid_search,retargeting_search,105.73,15.86,89.87,USD
5423,2206,2025-08-13,organic,organic_direct,90.66,9.07,81.59,USD
5424,111,2025-08-13,paid_search,generic_shoes,155.8,0.0,155.8,USD
5425,912,2025-08-13,paid_social,meta_prospecting,81.23,0.0,81.23,USD
5426,5260,2025-08-13,organic,organic_direct,155.94,0.0,155.94,USD
5427,7763,2025-08-13,paid_social,meta_prospecting,225.46,33.82,191.64,USD
5428,5316,2025-08-13,affiliate,coupon_site,244.15,0.0,244.15,USD
5429,580,2025-08-13,email,cart_abandon,132.12,0.0,132.12,USD
5430,762,2025-08-13,paid_social,tiktok_awareness,219.15,0.0,219.15,USD
5431,25,2025-08-13,paid_search,brand_search_q4,152.6,0.0,152.6,USD
5432,100,2025-08-13,organic,organic_direct,153.36,0.0,153.36,USD
5433,1927,2025-08-13,paid_search,retargeting_search,127.3,19.09,108.21,USD
5434,7218,2025-08-13,email,winback,32.18,1.61,30.57,USD
5435,6164,2025-08-13,affiliate,coupon_site,57.32,8.6,48.72,USD
5436,1353,2025-08-13,organic,organic_direct,159.25,0.0,159.25,USD
5437,1784,2025-08-13,email,newsletter_weekly,219.01,32.85,186.16,USD
5438,2469,2025-08-13,organic,organic_direct,195.82,9.79,186.03,USD
5439,1995,2025-08-13,paid_social,meta_prospecting,272.62,13.63,258.99,USD
5440,460,2025-08-13,affiliate,coupon_site,65.18,9.78,55.4,USD
5441,1668,2025-08-13,affiliate,coupon_site,114.31,17.15,97.16,USD
5442,2222,2025-08-13,organic,organic_direct,118.44,17.77,100.67,USD
5443,509,2025-08-13,organic,organic_direct,80.2,0.0,80.2,USD
5444,2010,2025-08-13,organic,organic_direct,170.67,0.0,170.67,USD
5445,3490,2025-08-13,email,winback,192.71,28.91,163.8,USD
5446,974,2025-08-13,email,winback,57.39,0.0,57.39,USD
5447,2585,2025-08-13,organic,organic_direct,78.31,11.75,66.56,USD
5448,6111,2025-08-13,paid_search,retargeting_search,144.38,0.0,144.38,USD
5449,4294,2025-08-13,email,cart_abandon,143.01,21.45,121.56,USD
5450,5112,2025-08-13,organic,organic_direct,270.33,27.03,243.3,USD
5451,1485,2025-08-13,email,winback,120.43,12.04,108.39,USD
5452,5147,2025-08-13,email,cart_abandon,145.13,0.0,145.13,USD
5453,3019,2025-08-13,organic,organic_direct,46.12,2.31,43.81,USD
5454,7522,2025-08-14,paid_search,generic_shoes,38.45,1.92,36.53,USD
5455,3623,2025-08-14,paid_search,retargeting_search,114.29,17.14,97.15,USD
5456,7338,2025-08-14,affiliate,coupon_site,152.24,0.0,152.24,USD
5457,5502,2025-08-14,organic,organic_direct,20.0,0.0,20.0,USD
5458,1002,2025-08-14,paid_social,meta_retarget,231.54,0.0,231.54,USD
5459,4831,2025-08-14,email,winback,293.77,0.0,293.77,USD
5460,7644,2025-08-14,paid_search,generic_shoes,22.62,0.0,22.62,USD
5461,1816,2025-08-14,email,cart_abandon,280.67,0.0,280.67,USD
5462,5283,2025-08-14,paid_search,generic_shoes,90.36,0.0,90.36,USD
5463,7642,2025-08-14,paid_search,brand_search_q4,186.08,0.0,186.08,USD
5464,210,2025-08-14,email,cart_abandon,192.76,0.0,192.76,USD
5465,5410,2025-08-14,paid_search,retargeting_search,87.2,4.36,82.84,USD
5466,2112,2025-08-14,affiliate,coupon_site,125.87,0.0,125.87,USD
5467,7865,2025-08-14,affiliate,partner_blog,111.59,16.74,94.85,USD
5468,6468,2025-08-14,paid_search,generic_shoes,72.13,0.0,72.13,USD
5469,553,2025-08-14,organic,organic_direct,96.94,9.69,87.25,USD
5470,3293,2025-08-14,paid_social,tiktok_awareness,161.77,24.27,137.5,USD
5471,4954,2025-08-14,paid_social,tiktok_awareness,300.8,30.08,270.72,USD
5472,3861,2025-08-14,organic,organic_direct,123.79,12.38,111.41,USD
5473,5926,2025-08-14,paid_social,meta_prospecting,81.69,0.0,81.69,USD
5474,7789,2025-08-14,affiliate,coupon_site,85.49,8.55,76.94,USD
5475,2528,2025-08-14,paid_social,meta_prospecting,237.62,0.0,237.62,USD
5476,7099,2025-08-14,affiliate,coupon_site,287.35,14.37,272.98,USD
5477,4973,2025-08-14,paid_search,generic_shoes,265.66,39.85,225.81,USD
5478,3355,2025-08-14,affiliate,coupon_site,20.29,0.0,20.29,USD
5479,6353,2025-08-14,paid_search,generic_shoes,138.09,0.0,138.09,USD
5480,7878,2025-08-14,paid_social,meta_prospecting,27.97,2.8,25.17,USD
5481,1163,2025-08-14,email,newsletter_weekly,62.34,0.0,62.34,USD
5482,7890,2025-08-14,paid_social,meta_prospecting,29.26,2.93,26.33,USD
5483,5340,2025-08-14,email,newsletter_weekly,102.75,0.0,102.75,USD
5484,5148,2025-08-14,affiliate,partner_blog,40.95,0.0,40.95,USD
5485,6774,2025-08-14,organic,organic_direct,164.82,0.0,164.82,USD
5486,1840,2025-08-14,paid_search,retargeting_search,151.63,0.0,151.63,USD
5487,4391,2025-08-14,paid_search,brand_search_q4,76.54,0.0,76.54,USD
5488,4993,2025-08-14,paid_social,meta_retarget,112.1,0.0,112.1,USD
5489,5237,2025-08-14,paid_search,generic_shoes,55.43,0.0,55.43,USD
5490,4068,2025-08-14,paid_search,generic_shoes,82.67,8.27,74.4,USD
5491,5933,2025-08-14,paid_social,tiktok_awareness,39.98,0.0,39.98,USD
5492,309,2025-08-14,paid_search,generic_shoes,230.17,0.0,230.17,USD
5493,1833,2025-08-14,organic,organic_direct,241.27,24.13,217.14,USD
5494,2985,2025-08-14,paid_social,meta_prospecting,259.63,12.98,246.65,USD
5495,4970,2025-08-14,organic,organic_direct,94.96,9.5,85.46,USD
5496,7381,2025-08-14,email,cart_abandon,244.03,0.0,244.03,USD
5497,5320,2025-08-14,paid_search,brand_search_q4,192.5,28.88,163.62,USD
5498,4198,2025-08-14,paid_social,meta_retarget,168.41,0.0,168.41,USD
5499,2420,2025-08-14,email,winback,115.94,0.0,115.94,USD
5500,3584,2025-08-14,affiliate,coupon_site,112.46,0.0,112.46,USD
5501,4495,2025-08-14,paid_search,generic_shoes,35.9,5.38,30.52,USD
5502,2379,2025-08-14,paid_social,meta_retarget,35.46,0.0,35.46,USD
5503,7890,2025-08-14,organic,organic_direct,169.51,8.48,161.03,USD
5504,6323,2025-08-14,organic,organic_direct,278.03,41.7,236.33,USD
5505,2347,2025-08-14,paid_search,retargeting_search,84.58,0.0,84.58,USD
5506,3290,2025-08-14,paid_social,meta_retarget,97.53,0.0,97.53,USD
5507,7668,2025-08-14,affiliate,partner_blog,105.37,15.81,89.56,USD
5508,3364,2025-08-14,email,cart_abandon,25.46,0.0,25.46,USD
5509,7783,2025-08-14,paid_search,generic_shoes,58.16,0.0,58.16,USD
5510,1435,2025-08-14,organic,organic_direct,205.29,20.53,184.76,USD
5511,2413,2025-08-14,affiliate,coupon_site,126.69,0.0,126.69,USD
5512,1872,2025-08-14,paid_search,generic_shoes,251.51,12.58,238.93,USD
5513,1025,2025-08-14,paid_search,brand_search_q4,35.37,1.77,33.6,USD
5514,3165,2025-08-14,paid_search,retargeting_search,49.28,0.0,49.28,USD
5515,2877,2025-08-14,paid_search,retargeting_search,237.52,0.0,237.52,USD
5516,6761,2025-08-14,paid_social,meta_retarget,90.51,0.0,90.51,USD
5517,1624,2025-08-14,paid_social,meta_prospecting,280.21,14.01,266.2,USD
5518,4760,2025-08-14,paid_social,tiktok_awareness,26.69,2.67,24.02,USD
5519,6701,2025-08-14,paid_social,meta_prospecting,23.09,1.15,21.94,USD
5520,1029,2025-08-14,affiliate,partner_blog,131.51,0.0,131.51,USD
5521,626,2025-08-14,organic,organic_direct,86.92,0.0,86.92,USD
5522,1640,2025-08-14,organic,organic_direct,200.13,20.01,180.12,USD
5523,1492,2025-08-14,organic,organic_direct,220.97,22.1,198.87,USD
5524,4604,2025-08-14,paid_search,generic_shoes,166.3,0.0,166.3,USD
5525,6310,2025-08-14,paid_social,meta_retarget,158.62,0.0,158.62,USD
5526,5425,2025-08-14,paid_search,retargeting_search,175.95,0.0,175.95,USD
5527,1558,2025-08-14,organic,organic_direct,148.36,7.42,140.94,USD
5528,889,2025-08-14,organic,organic_direct,215.33,0.0,215.33,USD
5529,2625,2025-08-14,paid_search,retargeting_search,152.63,0.0,152.63,USD
5530,223,2025-08-14,paid_search,retargeting_search,162.26,0.0,162.26,USD
5531,167,2025-08-14,email,cart_abandon,128.77,0.0,128.77,USD
5532,1298,2025-08-14,paid_search,brand_search_q4,45.21,4.52,40.69,USD
5533,3180,2025-08-14,organic,organic_direct,102.98,10.3,92.68,USD
5534,7630,2025-08-14,paid_search,retargeting_search,180.1,0.0,180.1,USD
5535,3022,2025-08-15,organic,organic_direct,128.25,0.0,128.25,USD
5536,6257,2025-08-15,paid_search,retargeting_search,206.62,10.33,196.29,USD
5537,3997,2025-08-15,organic,organic_direct,203.68,0.0,203.68,USD
5538,1326,2025-08-15,email,newsletter_weekly,196.79,0.0,196.79,USD
5539,6097,2025-08-15,paid_social,meta_retarget,172.48,25.87,146.61,USD
5540,6612,2025-08-15,paid_search,brand_search_q4,200.26,0.0,200.26,USD
5541,6382,2025-08-15,email,winback,140.35,14.04,126.31,USD
5542,2807,2025-08-15,paid_social,tiktok_awareness,244.09,0.0,244.09,USD
5543,5703,2025-08-15,email,newsletter_weekly,119.8,11.98,107.82,USD
5544,7315,2025-08-15,email,cart_abandon,107.27,10.73,96.54,USD
5545,6947,2025-08-15,organic,organic_direct,73.74,7.37,66.37,USD
5546,6262,2025-08-15,paid_search,brand_search_q4,35.48,5.32,30.16,USD
5547,4723,2025-08-15,affiliate,partner_blog,107.1,0.0,107.1,USD
5548,54,2025-08-15,organic,organic_direct,70.05,0.0,70.05,USD
5549,3100,2025-08-15,organic,organic_direct,108.47,0.0,108.47,USD
5550,2595,2025-08-15,organic,organic_direct,238.6,0.0,238.6,USD
5551,2042,2025-08-15,paid_search,retargeting_search,173.05,8.65,164.4,USD
5552,5106,2025-08-15,paid_search,generic_shoes,132.33,0.0,132.33,USD
5553,7587,2025-08-15,organic,organic_direct,165.05,0.0,165.05,USD
5554,3272,2025-08-15,paid_social,meta_prospecting,168.19,25.23,142.96,USD
5555,6912,2025-08-15,organic,organic_direct,24.99,2.5,22.49,USD
5556,3028,2025-08-15,organic,organic_direct,181.78,0.0,181.78,USD
5557,3491,2025-08-15,paid_social,meta_retarget,257.89,0.0,257.89,USD
5558,1048,2025-08-15,email,cart_abandon,164.16,0.0,164.16,USD
5559,1902,2025-08-15,email,cart_abandon,113.71,5.69,108.02,USD
5560,5697,2025-08-15,paid_search,brand_search_q4,242.78,0.0,242.78,USD
5561,1021,2025-08-15,organic,organic_direct,244.17,24.42,219.75,USD
5562,6795,2025-08-15,paid_search,generic_shoes,53.45,8.02,45.43,USD
5563,6910,2025-08-15,organic,organic_direct,237.25,0.0,237.25,USD
5564,6628,2025-08-15,email,winback,225.85,0.0,225.85,USD
5565,536,2025-08-15,organic,organic_direct,93.23,13.98,79.25,USD
5566,2191,2025-08-15,email,cart_abandon,65.83,0.0,65.83,USD
5567,1050,2025-08-15,organic,organic_direct,106.8,0.0,106.8,USD
5568,3621,2025-08-15,email,newsletter_weekly,16.89,0.0,16.89,USD
5569,1383,2025-08-15,paid_social,meta_retarget,42.04,0.0,42.04,USD
5570,6010,2025-08-15,paid_search,brand_search_q4,212.5,0.0,212.5,USD
5571,4646,2025-08-15,email,newsletter_weekly,54.11,0.0,54.11,USD
5572,7185,2025-08-15,paid_social,meta_prospecting,178.28,8.91,169.37,USD
5573,4043,2025-08-15,organic,organic_direct,225.24,0.0,225.24,USD
5574,7524,2025-08-15,organic,organic_direct,294.28,14.71,279.57,USD
5575,2606,2025-08-15,paid_search,retargeting_search,260.66,26.07,234.59,USD
5576,7119,2025-08-15,paid_social,meta_retarget,243.22,12.16,231.06,USD
5577,7894,2025-08-15,organic,organic_direct,211.73,0.0,211.73,USD
5578,2464,2025-08-15,organic,organic_direct,200.99,20.1,180.89,USD
5579,5404,2025-08-15,affiliate,partner_blog,142.03,14.2,127.83,USD
5580,4246,2025-08-15,organic,organic_direct,71.81,10.77,61.04,USD
5581,6175,2025-08-15,organic,organic_direct,116.02,11.6,104.42,USD
5582,6531,2025-08-15,affiliate,partner_blog,189.01,0.0,189.01,USD
5583,1627,2025-08-15,email,winback,189.12,0.0,189.12,USD
5584,4579,2025-08-16,email,newsletter_weekly,206.52,0.0,206.52,USD
5585,6633,2025-08-16,organic,organic_direct,220.12,33.02,187.1,USD
5586,4998,2025-08-16,email,winback,173.48,17.35,156.13,USD
5587,7785,2025-08-16,organic,organic_direct,113.44,11.34,102.1,USD
5588,7316,2025-08-16,paid_search,generic_shoes,150.22,0.0,150.22,USD
5589,837,2025-08-16,affiliate,coupon_site,152.56,7.63,144.93,USD
5590,664,2025-08-16,paid_search,generic_shoes,254.24,38.14,216.1,USD
5591,5669,2025-08-16,affiliate,coupon_site,151.26,15.13,136.13,USD
5592,5187,2025-08-16,email,winback,177.34,17.73,159.61,USD
5593,3968,2025-08-16,paid_social,meta_retarget,199.53,9.98,189.55,USD
5594,5038,2025-08-16,organic,organic_direct,19.37,0.0,19.37,USD
5595,3010,2025-08-16,organic,organic_direct,163.61,24.54,139.07,USD
5596,4095,2025-08-16,paid_search,brand_search_q4,151.16,7.56,143.6,USD
5597,5132,2025-08-16,organic,organic_direct,100.85,0.0,100.85,USD
5598,1555,2025-08-16,email,newsletter_weekly,64.45,0.0,64.45,USD
5599,3860,2025-08-16,paid_search,brand_search_q4,121.54,12.15,109.39,USD
5600,6720,2025-08-16,paid_search,retargeting_search,52.25,7.84,44.41,USD
5601,3791,2025-08-16,email,newsletter_weekly,89.8,4.49,85.31,USD
5602,3890,2025-08-16,paid_social,meta_retarget,244.37,0.0,244.37,USD
5603,2028,2025-08-16,email,cart_abandon,186.71,0.0,186.71,USD
5604,5822,2025-08-16,paid_search,brand_search_q4,109.31,0.0,109.31,USD
5605,57,2025-08-16,email,cart_abandon,177.97,17.8,160.17,USD
5606,1099,2025-08-16,paid_search,retargeting_search,196.98,0.0,196.98,USD
5607,3060,2025-08-16,paid_search,retargeting_search,226.95,11.35,215.6,USD
5608,5584,2025-08-16,organic,organic_direct,14.99,0.75,14.24,USD
5609,4732,2025-08-16,organic,organic_direct,139.46,6.97,132.49,USD
5610,6495,2025-08-16,paid_social,meta_prospecting,91.31,0.0,91.31,USD
5611,2767,2025-08-16,organic,organic_direct,28.43,2.84,25.59,USD
5612,1123,2025-08-16,paid_social,meta_prospecting,70.12,3.51,66.61,USD
5613,3443,2025-08-16,paid_social,meta_prospecting,62.52,9.38,53.14,USD
5614,400,2025-08-16,organic,organic_direct,92.09,13.81,78.28,USD
5615,454,2025-08-16,paid_social,meta_retarget,46.27,0.0,46.27,USD
5616,1317,2025-08-16,email,winback,88.64,4.43,84.21,USD
5617,5692,2025-08-16,paid_social,meta_retarget,139.55,0.0,139.55,USD
5618,7197,2025-08-16,paid_social,meta_retarget,217.1,0.0,217.1,USD
5619,4539,2025-08-16,email,cart_abandon,217.52,0.0,217.52,USD
5620,3863,2025-08-16,paid_social,meta_retarget,85.28,4.26,81.02,USD
5621,4307,2025-08-16,paid_search,brand_search_q4,139.44,0.0,139.44,USD
5622,5299,2025-08-16,organic,organic_direct,54.06,0.0,54.06,USD
5623,2166,2025-08-16,paid_search,brand_search_q4,52.41,7.86,44.55,USD
5624,2141,2025-08-16,paid_search,brand_search_q4,84.11,12.62,71.49,USD
5625,4132,2025-08-16,affiliate,coupon_site,224.61,11.23,213.38,USD
5626,5762,2025-08-16,paid_search,brand_search_q4,275.82,27.58,248.24,USD
5627,5548,2025-08-16,affiliate,coupon_site,79.5,0.0,79.5,USD
5628,6436,2025-08-16,paid_social,meta_retarget,104.13,10.41,93.72,USD
5629,7385,2025-08-16,paid_search,brand_search_q4,228.65,22.87,205.78,USD
5630,1908,2025-08-16,organic,organic_direct,209.25,31.39,177.86,USD
5631,5704,2025-08-16,paid_social,tiktok_awareness,150.75,15.08,135.67,USD
5632,852,2025-08-16,paid_search,retargeting_search,193.59,0.0,193.59,USD
5633,4016,2025-08-16,affiliate,coupon_site,48.14,0.0,48.14,USD
5634,7497,2025-08-16,affiliate,partner_blog,160.68,0.0,160.68,USD
5635,1573,2025-08-16,organic,organic_direct,247.12,37.07,210.05,USD
5636,2766,2025-08-16,organic,organic_direct,102.41,0.0,102.41,USD
5637,4805,2025-08-16,affiliate,partner_blog,87.29,4.36,82.93,USD
5638,3011,2025-08-16,paid_social,meta_retarget,195.56,0.0,195.56,USD
5639,7326,2025-08-16,email,winback,174.44,0.0,174.44,USD
5640,7491,2025-08-16,paid_social,meta_prospecting,90.07,0.0,90.07,USD
5641,4140,2025-08-16,paid_social,meta_retarget,18.48,0.0,18.48,USD
5642,1769,2025-08-16,paid_social,tiktok_awareness,194.93,9.75,185.18,USD
5643,3773,2025-08-16,email,newsletter_weekly,45.97,6.9,39.07,USD
5644,1256,2025-08-16,email,newsletter_weekly,218.85,32.83,186.02,USD
5645,1982,2025-08-16,paid_social,meta_retarget,221.43,0.0,221.43,USD
5646,1253,2025-08-16,organic,organic_direct,203.42,0.0,203.42,USD
5647,6516,2025-08-16,email,cart_abandon,192.92,0.0,192.92,USD
5648,636,2025-08-16,email,newsletter_weekly,159.64,7.98,151.66,USD
5649,6807,2025-08-16,email,cart_abandon,163.5,16.35,147.15,USD
5650,1649,2025-08-16,organic,organic_direct,77.22,0.0,77.22,USD
5651,6998,2025-08-16,paid_social,tiktok_awareness,169.24,0.0,169.24,USD
5652,7262,2025-08-16,paid_social,tiktok_awareness,87.2,8.72,78.48,USD
5653,3050,2025-08-16,paid_social,meta_prospecting,39.58,0.0,39.58,USD
5654,5365,2025-08-16,paid_social,meta_prospecting,253.57,25.36,228.21,USD
5655,1379,2025-08-16,paid_social,tiktok_awareness,234.03,0.0,234.03,USD
5656,2055,2025-08-16,organic,organic_direct,229.04,22.9,206.14,USD
5657,6359,2025-08-16,paid_search,generic_shoes,66.41,3.32,63.09,USD
5658,5714,2025-08-16,organic,organic_direct,130.61,0.0,130.61,USD
5659,3520,2025-08-16,affiliate,partner_blog,70.52,7.05,63.47,USD
5660,4252,2025-08-16,organic,organic_direct,267.21,0.0,267.21,USD
5661,2081,2025-08-16,paid_search,retargeting_search,80.83,0.0,80.83,USD
5662,3449,2025-08-16,paid_search,retargeting_search,196.4,19.64,176.76,USD
5663,557,2025-08-16,organic,organic_direct,287.35,28.74,258.61,USD
5664,282,2025-08-16,paid_social,meta_prospecting,108.17,5.41,102.76,USD
5665,5042,2025-08-16,affiliate,coupon_site,156.74,0.0,156.74,USD
5666,4801,2025-08-16,paid_social,meta_retarget,247.6,12.38,235.22,USD
5667,1172,2025-08-16,organic,organic_direct,127.08,12.71,114.37,USD
5668,1519,2025-08-16,email,cart_abandon,186.81,9.34,177.47,USD
5669,2350,2025-08-16,paid_search,retargeting_search,132.74,0.0,132.74,USD
5670,1952,2025-08-16,paid_social,meta_prospecting,211.81,0.0,211.81,USD
5671,3630,2025-08-16,paid_search,retargeting_search,283.3,0.0,283.3,USD
5672,29,2025-08-16,email,newsletter_weekly,114.06,0.0,114.06,USD
5673,4719,2025-08-16,paid_search,retargeting_search,250.78,12.54,238.24,USD
5674,5849,2025-08-16,organic,organic_direct,212.83,0.0,212.83,USD
5675,5140,2025-08-16,paid_social,tiktok_awareness,106.11,10.61,95.5,USD
5676,6589,2025-08-16,paid_search,generic_shoes,227.22,0.0,227.22,USD
5677,6492,2025-08-16,paid_social,tiktok_awareness,231.2,23.12,208.08,USD
5678,2836,2025-08-16,paid_search,brand_search_q4,132.36,0.0,132.36,USD
5679,6566,2025-08-16,paid_social,tiktok_awareness,157.16,0.0,157.16,USD
5680,2247,2025-08-16,paid_social,meta_retarget,96.38,14.46,81.92,USD
5681,6576,2025-08-16,paid_social,tiktok_awareness,212.98,0.0,212.98,USD
5682,3847,2025-08-16,paid_social,meta_prospecting,43.59,4.36,39.23,USD
5683,5014,2025-08-16,email,newsletter_weekly,244.02,36.6,207.42,USD
5684,5746,2025-08-16,organic,organic_direct,47.22,0.0,47.22,USD
5685,6772,2025-08-16,paid_social,tiktok_awareness,115.24,0.0,115.24,USD
5686,7799,2025-08-16,paid_search,generic_shoes,158.14,0.0,158.14,USD
5687,6575,2025-08-16,paid_social,meta_prospecting,58.49,0.0,58.49,USD
5688,7574,2025-08-16,paid_social,meta_retarget,18.63,0.93,17.7,USD
5689,6021,2025-08-16,paid_social,meta_retarget,170.34,17.03,153.31,USD
5690,1226,2025-08-16,organic,organic_direct,273.76,0.0,273.76,USD
5691,4026,2025-08-16,paid_social,meta_retarget,260.39,13.02,247.37,USD
5692,4474,2025-08-16,affiliate,coupon_site,143.58,0.0,143.58,USD
5693,4323,2025-08-17,affiliate,partner_blog,283.88,28.39,255.49,USD
5694,1593,2025-08-17,paid_social,tiktok_awareness,96.68,4.83,91.85,USD
5695,5683,2025-08-17,paid_search,retargeting_search,219.3,0.0,219.3,USD
5696,4179,2025-08-17,email,winback,205.1,0.0,205.1,USD
5697,4075,2025-08-17,paid_social,meta_retarget,205.82,0.0,205.82,USD
5698,7868,2025-08-17,paid_social,tiktok_awareness,73.1,0.0,73.1,USD
5699,5691,2025-08-17,paid_social,meta_prospecting,42.21,6.33,35.88,USD
5700,1838,2025-08-17,paid_search,brand_search_q4,282.73,14.14,268.59,USD
5701,750,2025-08-17,email,newsletter_weekly,207.44,31.12,176.32,USD
5702,182,2025-08-17,organic,organic_direct,214.8,21.48,193.32,USD
5703,1941,2025-08-17,organic,organic_direct,263.77,26.38,237.39,USD
5704,3161,2025-08-17,email,cart_abandon,237.86,23.79,214.07,USD
5705,2008,2025-08-17,organic,organic_direct,177.84,0.0,177.84,USD
5706,747,2025-08-17,affiliate,partner_blog,176.57,0.0,176.57,USD
5707,6265,2025-08-17,affiliate,coupon_site,270.01,0.0,270.01,USD
5708,6469,2025-08-17,paid_search,brand_search_q4,83.01,0.0,83.01,USD
5709,253,2025-08-17,affiliate,partner_blog,78.31,7.83,70.48,USD
5710,827,2025-08-17,email,winback,55.34,8.3,47.04,USD
5711,4617,2025-08-17,affiliate,coupon_site,40.45,2.02,38.43,USD
5712,3081,2025-08-17,paid_social,tiktok_awareness,244.75,0.0,244.75,USD
5713,2570,2025-08-17,organic,organic_direct,226.2,0.0,226.2,USD
5714,3692,2025-08-17,affiliate,partner_blog,120.46,18.07,102.39,USD
5715,4173,2025-08-17,paid_search,generic_shoes,243.35,36.5,206.85,USD
5716,7457,2025-08-17,paid_search,retargeting_search,199.9,29.98,169.92,USD
5717,2455,2025-08-17,email,winback,48.15,0.0,48.15,USD
5718,6403,2025-08-17,affiliate,coupon_site,177.94,17.79,160.15,USD
5719,7127,2025-08-17,paid_social,tiktok_awareness,233.16,34.97,198.19,USD
5720,1763,2025-08-17,email,cart_abandon,156.89,0.0,156.89,USD
5721,7816,2025-08-17,paid_social,tiktok_awareness,251.56,0.0,251.56,USD
5722,4119,2025-08-17,paid_social,meta_retarget,159.94,23.99,135.95,USD
5723,3970,2025-08-17,paid_search,brand_search_q4,38.98,1.95,37.03,USD
5724,7656,2025-08-17,affiliate,coupon_site,148.42,0.0,148.42,USD
5725,3984,2025-08-17,organic,organic_direct,137.26,0.0,137.26,USD
5726,661,2025-08-17,paid_social,meta_prospecting,47.93,0.0,47.93,USD
5727,7687,2025-08-17,paid_social,tiktok_awareness,296.1,0.0,296.1,USD
5728,6556,2025-08-17,organic,organic_direct,201.49,0.0,201.49,USD
5729,5924,2025-08-17,paid_search,retargeting_search,16.11,2.42,13.69,USD
5730,794,2025-08-17,paid_social,meta_prospecting,46.58,0.0,46.58,USD
5731,5864,2025-08-17,paid_social,meta_prospecting,252.45,12.62,239.83,USD
5732,7527,2025-08-17,organic,organic_direct,293.21,14.66,278.55,USD
5733,3511,2025-08-17,paid_search,retargeting_search,20.42,0.0,20.42,USD
5734,7379,2025-08-17,paid_search,generic_shoes,257.73,0.0,257.73,USD
5735,7064,2025-08-17,paid_search,brand_search_q4,145.46,14.55,130.91,USD
5736,3674,2025-08-17,affiliate,partner_blog,233.17,23.32,209.85,USD
5737,1600,2025-08-17,paid_search,retargeting_search,107.57,16.14,91.43,USD
5738,4520,2025-08-17,paid_search,retargeting_search,169.76,8.49,161.27,USD
5739,1858,2025-08-17,organic,organic_direct,263.14,39.47,223.67,USD
5740,5133,2025-08-17,paid_social,tiktok_awareness,60.93,9.14,51.79,USD
5741,6940,2025-08-17,paid_social,meta_prospecting,196.47,0.0,196.47,USD
5742,3851,2025-08-17,email,cart_abandon,215.89,10.79,205.1,USD
5743,1449,2025-08-17,paid_search,brand_search_q4,124.57,12.46,112.11,USD
5744,591,2025-08-17,email,newsletter_weekly,113.38,0.0,113.38,USD
5745,7825,2025-08-17,organic,organic_direct,69.33,6.93,62.4,USD
5746,5086,2025-08-17,organic,organic_direct,263.46,0.0,263.46,USD
5747,7831,2025-08-17,affiliate,partner_blog,22.19,2.22,19.97,USD
5748,2857,2025-08-17,email,newsletter_weekly,47.88,0.0,47.88,USD
5749,7600,2025-08-17,organic,organic_direct,245.51,0.0,245.51,USD
5750,3463,2025-08-17,paid_search,brand_search_q4,220.01,0.0,220.01,USD
5751,5708,2025-08-17,email,newsletter_weekly,44.5,0.0,44.5,USD
5752,1178,2025-08-17,paid_search,brand_search_q4,238.9,0.0,238.9,USD
5753,1040,2025-08-17,paid_social,meta_prospecting,252.55,0.0,252.55,USD
5754,3978,2025-08-17,paid_search,generic_shoes,72.62,3.63,68.99,USD
5755,3952,2025-08-17,paid_search,generic_shoes,166.69,8.33,158.36,USD
5756,1250,2025-08-18,email,cart_abandon,222.95,33.44,189.51,USD
5757,2137,2025-08-18,organic,organic_direct,91.63,9.16,82.47,USD
5758,1286,2025-08-18,paid_social,meta_prospecting,233.95,35.09,198.86,USD
5759,6767,2025-08-18,email,cart_abandon,246.05,36.91,209.14,USD
5760,2094,2025-08-18,organic,organic_direct,83.98,8.4,75.58,USD
5761,5311,2025-08-18,affiliate,partner_blog,50.44,0.0,50.44,USD
5762,7797,2025-08-18,paid_search,retargeting_search,180.01,0.0,180.01,USD
5763,6755,2025-08-18,paid_social,meta_prospecting,258.37,38.76,219.61,USD
5764,5417,2025-08-18,paid_search,generic_shoes,57.7,8.65,49.05,USD
5765,1725,2025-08-18,email,newsletter_weekly,115.92,0.0,115.92,USD
5766,6247,2025-08-18,paid_search,retargeting_search,110.27,16.54,93.73,USD
5767,5124,2025-08-18,organic,organic_direct,198.56,19.86,178.7,USD
5768,1657,2025-08-18,paid_social,meta_retarget,109.99,0.0,109.99,USD
5769,22,2025-08-18,organic,organic_direct,35.99,5.4,30.59,USD
5770,1701,2025-08-18,paid_search,retargeting_search,192.04,9.6,182.44,USD
5771,5698,2025-08-18,affiliate,coupon_site,98.23,0.0,98.23,USD
5772,411,2025-08-18,organic,organic_direct,153.52,0.0,153.52,USD
5773,1034,2025-08-18,paid_social,tiktok_awareness,172.73,17.27,155.46,USD
5774,6507,2025-08-18,paid_social,meta_retarget,200.19,10.01,190.18,USD
5775,1904,2025-08-18,affiliate,coupon_site,21.0,2.1,18.9,USD
5776,5059,2025-08-18,organic,organic_direct,200.02,0.0,200.02,USD
5777,6305,2025-08-18,organic,organic_direct,18.95,1.9,17.05,USD
5778,7934,2025-08-18,paid_social,meta_retarget,25.82,2.58,23.24,USD
5779,7042,2025-08-18,paid_social,tiktok_awareness,17.97,0.9,17.07,USD
5780,2269,2025-08-18,paid_social,meta_prospecting,51.09,5.11,45.98,USD
5781,7224,2025-08-18,paid_search,generic_shoes,178.55,0.0,178.55,USD
5782,5467,2025-08-18,paid_search,generic_shoes,20.28,0.0,20.28,USD
5783,4469,2025-08-18,email,winback,278.73,13.94,264.79,USD
5784,3115,2025-08-18,organic,organic_direct,222.71,0.0,222.71,USD
5785,6732,2025-08-18,organic,organic_direct,261.51,26.15,235.36,USD
5786,1569,2025-08-18,paid_social,meta_prospecting,116.98,0.0,116.98,USD
5787,5631,2025-08-18,organic,organic_direct,178.46,26.77,151.69,USD
5788,2295,2025-08-18,paid_social,meta_prospecting,155.95,23.39,132.56,USD
5789,7044,2025-08-18,paid_search,generic_shoes,142.76,14.28,128.48,USD
5790,4273,2025-08-18,paid_social,tiktok_awareness,126.65,6.33,120.32,USD
5791,6122,2025-08-18,organic,organic_direct,21.4,1.07,20.33,USD
5792,1195,2025-08-18,organic,organic_direct,120.93,0.0,120.93,USD
5793,5451,2025-08-18,email,winback,92.67,0.0,92.67,USD
5794,6339,2025-08-18,paid_social,meta_prospecting,240.71,36.11,204.6,USD
5795,7387,2025-08-18,paid_social,meta_prospecting,237.16,0.0,237.16,USD
5796,1724,2025-08-18,organic,organic_direct,237.39,0.0,237.39,USD
5797,3618,2025-08-18,organic,organic_direct,136.43,20.46,115.97,USD
5798,2547,2025-08-18,paid_search,retargeting_search,177.9,0.0,177.9,USD
5799,2243,2025-08-18,affiliate,coupon_site,279.91,14.0,265.91,USD
5800,4781,2025-08-18,organic,organic_direct,187.93,0.0,187.93,USD
5801,2160,2025-08-18,paid_search,retargeting_search,133.24,0.0,133.24,USD
5802,253,2025-08-18,email,winback,55.48,0.0,55.48,USD
5803,7948,2025-08-18,affiliate,coupon_site,24.43,1.22,23.21,USD
5804,259,2025-08-18,paid_social,tiktok_awareness,244.29,0.0,244.29,USD
5805,2474,2025-08-18,organic,organic_direct,84.57,12.69,71.88,USD
5806,811,2025-08-18,organic,organic_direct,282.09,0.0,282.09,USD
5807,327,2025-08-18,email,newsletter_weekly,115.81,0.0,115.81,USD
5808,2172,2025-08-18,organic,organic_direct,42.7,0.0,42.7,USD
5809,1980,2025-08-18,paid_social,meta_prospecting,179.73,8.99,170.74,USD
5810,4727,2025-08-18,paid_search,generic_shoes,45.33,2.27,43.06,USD
5811,127,2025-08-18,email,winback,185.13,27.77,157.36,USD
5812,6030,2025-08-18,paid_social,meta_prospecting,219.65,0.0,219.65,USD
5813,5453,2025-08-18,paid_social,meta_prospecting,136.97,0.0,136.97,USD
5814,3169,2025-08-18,paid_search,brand_search_q4,221.3,22.13,199.17,USD
5815,2047,2025-08-18,organic,organic_direct,37.07,0.0,37.07,USD
5816,1241,2025-08-18,affiliate,partner_blog,175.19,0.0,175.19,USD
5817,7596,2025-08-18,paid_social,tiktok_awareness,199.08,0.0,199.08,USD
5818,1114,2025-08-18,paid_search,brand_search_q4,230.07,34.51,195.56,USD
5819,22,2025-08-18,paid_search,retargeting_search,61.15,0.0,61.15,USD
5820,1849,2025-08-18,paid_social,meta_prospecting,250.26,0.0,250.26,USD
5821,209,2025-08-18,organic,organic_direct,188.35,9.42,178.93,USD
5822,401,2025-08-18,affiliate,partner_blog,270.63,0.0,270.63,USD
5823,6205,2025-08-18,paid_search,brand_search_q4,213.32,21.33,191.99,USD
5824,6371,2025-08-18,organic,organic_direct,227.12,0.0,227.12,USD
5825,542,2025-08-18,paid_search,generic_shoes,189.48,0.0,189.48,USD
5826,7447,2025-08-18,organic,organic_direct,174.83,0.0,174.83,USD
5827,3529,2025-08-18,organic,organic_direct,59.18,5.92,53.26,USD
5828,1470,2025-08-18,paid_social,meta_prospecting,173.47,8.67,164.8,USD
5829,6393,2025-08-18,email,winback,255.49,25.55,229.94,USD
5830,3494,2025-08-18,affiliate,coupon_site,239.77,35.97,203.8,USD
5831,5247,2025-08-18,organic,organic_direct,42.91,0.0,42.91,USD
5832,5617,2025-08-18,paid_search,brand_search_q4,158.98,23.85,135.13,USD
5833,5628,2025-08-18,paid_social,tiktok_awareness,92.33,0.0,92.33,USD
5834,945,2025-08-18,affiliate,partner_blog,138.38,13.84,124.54,USD
5835,4176,2025-08-19,paid_search,generic_shoes,247.46,0.0,247.46,USD
5836,5625,2025-08-19,organic,organic_direct,251.55,0.0,251.55,USD
5837,2360,2025-08-19,organic,organic_direct,180.29,9.01,171.28,USD
5838,4429,2025-08-19,paid_search,generic_shoes,217.26,0.0,217.26,USD
5839,4973,2025-08-19,paid_social,meta_prospecting,171.14,0.0,171.14,USD
5840,1697,2025-08-19,paid_search,generic_shoes,196.58,19.66,176.92,USD
5841,7706,2025-08-19,paid_search,retargeting_search,60.17,0.0,60.17,USD
5842,2056,2025-08-19,paid_search,retargeting_search,68.54,3.43,65.11,USD
5843,2423,2025-08-19,organic,organic_direct,186.09,9.3,176.79,USD
5844,2121,2025-08-19,organic,organic_direct,253.29,0.0,253.29,USD
5845,1550,2025-08-19,organic,organic_direct,121.74,0.0,121.74,USD
5846,5486,2025-08-19,paid_social,meta_prospecting,61.93,0.0,61.93,USD
5847,2098,2025-08-19,paid_search,brand_search_q4,252.91,0.0,252.91,USD
5848,5866,2025-08-19,paid_social,meta_prospecting,137.98,6.9,131.08,USD
5849,2597,2025-08-19,paid_social,tiktok_awareness,115.02,17.25,97.77,USD
5850,3611,2025-08-19,email,winback,15.86,1.59,14.27,USD
5851,4091,2025-08-19,organic,organic_direct,63.1,9.46,53.64,USD
5852,5860,2025-08-19,affiliate,coupon_site,47.16,0.0,47.16,USD
5853,7913,2025-08-19,organic,organic_direct,221.59,22.16,199.43,USD
5854,1967,2025-08-19,paid_social,meta_retarget,200.09,20.01,180.08,USD
5855,5882,2025-08-19,organic,organic_direct,143.46,0.0,143.46,USD
5856,7097,2025-08-19,email,cart_abandon,149.49,0.0,149.49,USD
5857,2017,2025-08-19,paid_search,retargeting_search,63.61,3.18,60.43,USD
5858,1983,2025-08-19,paid_search,retargeting_search,209.11,0.0,209.11,USD
5859,4521,2025-08-19,email,winback,160.79,8.04,152.75,USD
5860,7820,2025-08-19,paid_social,meta_retarget,183.56,0.0,183.56,USD
5861,7933,2025-08-19,paid_search,retargeting_search,218.92,32.84,186.08,USD
5862,5859,2025-08-19,organic,organic_direct,281.26,28.13,253.13,USD
5863,6205,2025-08-19,affiliate,coupon_site,154.12,15.41,138.71,USD
5864,6999,2025-08-19,paid_search,generic_shoes,143.53,0.0,143.53,USD
5865,1763,2025-08-19,paid_search,retargeting_search,67.14,6.71,60.43,USD
5866,746,2025-08-19,paid_search,brand_search_q4,38.71,0.0,38.71,USD
5867,698,2025-08-19,paid_social,meta_retarget,204.34,30.65,173.69,USD
5868,411,2025-08-19,paid_social,meta_retarget,60.05,6.0,54.05,USD
5869,6210,2025-08-19,paid_search,retargeting_search,85.95,12.89,73.06,USD
5870,4691,2025-08-20,affiliate,partner_blog,147.98,14.8,133.18,USD
5871,2207,2025-08-20,paid_social,tiktok_awareness,212.81,0.0,212.81,USD
5872,297,2025-08-20,paid_social,meta_prospecting,281.17,0.0,281.17,USD
5873,2441,2025-08-20,organic,organic_direct,148.82,0.0,148.82,USD
5874,5310,2025-08-20,organic,organic_direct,172.41,0.0,172.41,USD
5875,3622,2025-08-20,paid_social,meta_prospecting,113.13,5.66,107.47,USD
5876,6533,2025-08-20,organic,organic_direct,59.14,0.0,59.14,USD
5877,6549,2025-08-20,organic,organic_direct,203.91,0.0,203.91,USD
5878,3776,2025-08-20,organic,organic_direct,76.22,11.43,64.79,USD
5879,3590,2025-08-20,organic,organic_direct,222.77,33.42,189.35,USD
5880,18,2025-08-20,affiliate,partner_blog,146.9,22.04,124.86,USD
5881,5729,2025-08-20,paid_social,meta_retarget,257.52,0.0,257.52,USD
5882,4165,2025-08-20,affiliate,partner_blog,78.84,0.0,78.84,USD
5883,2489,2025-08-20,paid_search,brand_search_q4,223.33,33.5,189.83,USD
5884,6850,2025-08-20,organic,organic_direct,167.49,0.0,167.49,USD
5885,3481,2025-08-20,paid_search,retargeting_search,160.69,0.0,160.69,USD
5886,2116,2025-08-20,organic,organic_direct,191.22,0.0,191.22,USD
5887,7418,2025-08-20,email,newsletter_weekly,82.81,4.14,78.67,USD
5888,6324,2025-08-20,paid_search,retargeting_search,68.1,0.0,68.1,USD
5889,5296,2025-08-20,paid_social,meta_prospecting,116.91,5.85,111.06,USD
5890,1239,2025-08-20,paid_search,generic_shoes,239.65,11.98,227.67,USD
5891,6185,2025-08-20,email,newsletter_weekly,228.02,34.2,193.82,USD
5892,370,2025-08-20,paid_search,retargeting_search,273.72,27.37,246.35,USD
5893,56,2025-08-20,affiliate,partner_blog,176.83,0.0,176.83,USD
5894,936,2025-08-20,affiliate,partner_blog,222.51,22.25,200.26,USD
5895,6197,2025-08-20,paid_search,brand_search_q4,261.35,0.0,261.35,USD
5896,6898,2025-08-20,organic,organic_direct,27.52,0.0,27.52,USD
5897,580,2025-08-20,email,winback,28.08,0.0,28.08,USD
5898,7130,2025-08-20,paid_search,generic_shoes,62.29,9.34,52.95,USD
5899,3882,2025-08-20,organic,organic_direct,113.46,5.67,107.79,USD
5900,1642,2025-08-20,paid_social,meta_prospecting,237.15,0.0,237.15,USD
5901,1930,2025-08-20,paid_social,meta_prospecting,221.2,11.06,210.14,USD
5902,6021,2025-08-20,email,newsletter_weekly,238.69,0.0,238.69,USD
5903,1673,2025-08-20,paid_search,generic_shoes,104.56,10.46,94.1,USD
5904,660,2025-08-20,email,newsletter_weekly,38.04,1.9,36.14,USD
5905,3015,2025-08-20,affiliate,coupon_site,254.65,0.0,254.65,USD
5906,4687,2025-08-20,organic,organic_direct,38.25,0.0,38.25,USD
5907,6532,2025-08-20,email,winback,201.31,0.0,201.31,USD
5908,5746,2025-08-21,email,cart_abandon,34.95,0.0,34.95,USD
5909,5787,2025-08-21,paid_search,brand_search_q4,133.3,0.0,133.3,USD
5910,3125,2025-08-21,paid_search,retargeting_search,170.55,17.06,153.49,USD
5911,997,2025-08-21,paid_search,generic_shoes,57.17,0.0,57.17,USD
5912,4628,2025-08-21,email,winback,211.76,0.0,211.76,USD
5913,898,2025-08-21,affiliate,partner_blog,175.47,0.0,175.47,USD
5914,3084,2025-08-21,paid_search,brand_search_q4,18.0,0.0,18.0,USD
5915,4820,2025-08-21,affiliate,coupon_site,102.93,0.0,102.93,USD
5916,6508,2025-08-21,paid_social,meta_retarget,171.73,0.0,171.73,USD
5917,2959,2025-08-21,paid_social,tiktok_awareness,91.96,0.0,91.96,USD
5918,6661,2025-08-21,paid_social,meta_prospecting,190.44,0.0,190.44,USD
5919,4193,2025-08-21,organic,organic_direct,257.63,0.0,257.63,USD
5920,2998,2025-08-21,affiliate,partner_blog,93.25,0.0,93.25,USD
5921,6404,2025-08-21,email,cart_abandon,221.93,0.0,221.93,USD
5922,1262,2025-08-21,organic,organic_direct,175.42,26.31,149.11,USD
5923,1463,2025-08-21,email,winback,36.78,5.52,31.26,USD
5924,2301,2025-08-21,organic,organic_direct,39.29,0.0,39.29,USD
5925,1895,2025-08-21,organic,organic_direct,256.36,0.0,256.36,USD
5926,1947,2025-08-21,email,winback,262.77,0.0,262.77,USD
5927,3809,2025-08-21,email,cart_abandon,138.82,6.94,131.88,USD
5928,5371,2025-08-21,organic,organic_direct,233.71,0.0,233.71,USD
5929,5888,2025-08-21,paid_search,retargeting_search,218.43,10.92,207.51,USD
5930,6516,2025-08-21,organic,organic_direct,29.94,0.0,29.94,USD
5931,5759,2025-08-21,paid_search,brand_search_q4,112.55,0.0,112.55,USD
5932,2223,2025-08-21,email,newsletter_weekly,180.14,0.0,180.14,USD
5933,6583,2025-08-21,paid_social,meta_prospecting,99.43,4.97,94.46,USD
5934,166,2025-08-21,paid_search,retargeting_search,78.93,0.0,78.93,USD
5935,5200,2025-08-21,paid_search,brand_search_q4,108.19,0.0,108.19,USD
5936,4216,2025-08-21,affiliate,partner_blog,110.76,0.0,110.76,USD
5937,7274,2025-08-21,email,newsletter_weekly,16.59,1.66,14.93,USD
5938,255,2025-08-21,paid_social,meta_retarget,132.86,0.0,132.86,USD
5939,4883,2025-08-21,email,cart_abandon,28.82,0.0,28.82,USD
5940,5023,2025-08-21,email,winback,146.45,21.97,124.48,USD
5941,4534,2025-08-21,email,cart_abandon,249.79,12.49,237.3,USD
5942,3907,2025-08-21,email,winback,125.36,0.0,125.36,USD
5943,1925,2025-08-21,paid_social,meta_prospecting,218.94,0.0,218.94,USD
5944,3439,2025-08-21,paid_social,meta_retarget,40.26,0.0,40.26,USD
5945,1510,2025-08-21,paid_social,meta_prospecting,272.91,0.0,272.91,USD
5946,6474,2025-08-21,organic,organic_direct,23.78,0.0,23.78,USD
5947,5548,2025-08-21,affiliate,partner_blog,93.46,0.0,93.46,USD
5948,1315,2025-08-21,paid_social,meta_prospecting,260.58,0.0,260.58,USD
5949,5924,2025-08-21,organic,organic_direct,107.81,0.0,107.81,USD
5950,2875,2025-08-21,organic,organic_direct,278.02,41.7,236.32,USD
5951,2534,2025-08-21,paid_search,brand_search_q4,87.35,4.37,82.98,USD
5952,267,2025-08-21,paid_social,meta_prospecting,46.53,4.65,41.88,USD
5953,3422,2025-08-21,organic,organic_direct,32.4,3.24,29.16,USD
5954,153,2025-08-21,paid_search,retargeting_search,278.75,13.94,264.81,USD
5955,6213,2025-08-21,organic,organic_direct,138.14,6.91,131.23,USD
5956,1680,2025-08-21,paid_social,meta_retarget,157.98,15.8,142.18,USD
5957,3796,2025-08-21,email,winback,186.65,9.33,177.32,USD
5958,713,2025-08-21,email,winback,40.18,4.02,36.16,USD
5959,6435,2025-08-21,email,cart_abandon,38.6,1.93,36.67,USD
5960,145,2025-08-21,affiliate,partner_blog,61.69,9.25,52.44,USD
5961,7980,2025-08-21,paid_social,meta_prospecting,83.28,0.0,83.28,USD
5962,1658,2025-08-21,paid_search,brand_search_q4,197.28,0.0,197.28,USD
5963,5285,2025-08-21,paid_social,tiktok_awareness,180.89,0.0,180.89,USD
5964,7381,2025-08-21,paid_search,brand_search_q4,236.2,35.43,200.77,USD
5965,1533,2025-08-21,email,winback,263.94,0.0,263.94,USD
5966,3233,2025-08-21,paid_search,generic_shoes,103.45,0.0,103.45,USD
5967,2053,2025-08-21,organic,organic_direct,16.07,0.0,16.07,USD
5968,538,2025-08-21,organic,organic_direct,252.79,37.92,214.87,USD
5969,5124,2025-08-21,email,newsletter_weekly,275.99,0.0,275.99,USD
5970,4272,2025-08-21,organic,organic_direct,198.52,0.0,198.52,USD
5971,6740,2025-08-21,email,newsletter_weekly,254.46,12.72,241.74,USD
5972,7337,2025-08-21,paid_search,retargeting_search,239.97,0.0,239.97,USD
5973,6241,2025-08-21,paid_search,retargeting_search,21.95,3.29,18.66,USD
5974,5876,2025-08-21,paid_search,retargeting_search,278.42,13.92,264.5,USD
5975,1029,2025-08-21,affiliate,coupon_site,208.85,10.44,198.41,USD
5976,6807,2025-08-21,organic,organic_direct,152.57,0.0,152.57,USD
5977,6653,2025-08-21,organic,organic_direct,35.75,0.0,35.75,USD
5978,3133,2025-08-21,organic,organic_direct,39.99,0.0,39.99,USD
5979,3475,2025-08-21,organic,organic_direct,222.69,0.0,222.69,USD
5980,2373,2025-08-21,paid_search,retargeting_search,150.64,7.53,143.11,USD
5981,3756,2025-08-21,organic,organic_direct,186.07,27.91,158.16,USD
5982,5416,2025-08-21,paid_social,meta_retarget,266.59,0.0,266.59,USD
5983,682,2025-08-21,email,cart_abandon,32.03,0.0,32.03,USD
5984,6501,2025-08-21,paid_social,meta_retarget,114.37,5.72,108.65,USD
5985,6468,2025-08-21,organic,organic_direct,21.21,1.06,20.15,USD
5986,111,2025-08-21,email,winback,219.61,32.94,186.67,USD
5987,896,2025-08-21,affiliate,partner_blog,291.22,0.0,291.22,USD
5988,1408,2025-08-21,paid_social,meta_prospecting,115.47,0.0,115.47,USD
5989,4380,2025-08-21,paid_social,tiktok_awareness,81.37,0.0,81.37,USD
5990,5846,2025-08-21,paid_social,meta_prospecting,226.15,11.31,214.84,USD
5991,4369,2025-08-21,paid_social,tiktok_awareness,63.01,6.3,56.71,USD
5992,2938,2025-08-21,organic,organic_direct,209.12,0.0,209.12,USD
5993,6711,2025-08-21,paid_social,meta_retarget,40.46,4.05,36.41,USD
5994,2186,2025-08-21,organic,organic_direct,195.46,0.0,195.46,USD
5995,7300,2025-08-21,paid_search,brand_search_q4,228.2,0.0,228.2,USD
5996,7710,2025-08-21,email,newsletter_weekly,89.55,0.0,89.55,USD
5997,7862,2025-08-21,paid_search,brand_search_q4,234.98,0.0,234.98,USD
5998,7497,2025-08-21,paid_search,brand_search_q4,300.26,0.0,300.26,USD
5999,5250,2025-08-21,paid_search,brand_search_q4,243.49,0.0,243.49,USD
6000,361,2025-08-21,paid_social,tiktok_awareness,157.47,15.75,141.72,USD
6001,1793,2025-08-21,organic,organic_direct,197.54,29.63,167.91,USD
6002,1813,2025-08-21,organic,organic_direct,85.9,0.0,85.9,USD
6003,7622,2025-08-22,paid_search,generic_shoes,168.95,0.0,168.95,USD
6004,6500,2025-08-22,paid_social,tiktok_awareness,50.39,7.56,42.83,USD
6005,4881,2025-08-22,affiliate,partner_blog,102.32,0.0,102.32,USD
6006,305,2025-08-22,paid_search,brand_search_q4,219.49,32.92,186.57,USD
6007,3784,2025-08-22,paid_search,brand_search_q4,176.29,0.0,176.29,USD
6008,3552,2025-08-22,paid_social,meta_prospecting,28.05,0.0,28.05,USD
6009,11,2025-08-22,paid_search,brand_search_q4,55.1,5.51,49.59,USD
6010,4339,2025-08-22,organic,organic_direct,242.46,0.0,242.46,USD
6011,2388,2025-08-22,organic,organic_direct,47.99,0.0,47.99,USD
6012,2938,2025-08-22,email,cart_abandon,215.7,0.0,215.7,USD
6013,2396,2025-08-22,email,winback,247.69,0.0,247.69,USD
6014,4223,2025-08-22,organic,organic_direct,224.62,0.0,224.62,USD
6015,5576,2025-08-22,email,cart_abandon,282.32,28.23,254.09,USD
6016,2438,2025-08-22,email,cart_abandon,25.5,2.55,22.95,USD
6017,2965,2025-08-22,paid_social,meta_prospecting,156.6,7.83,148.77,USD
6018,1076,2025-08-22,paid_search,brand_search_q4,277.48,0.0,277.48,USD
6019,903,2025-08-22,affiliate,partner_blog,212.53,21.25,191.28,USD
6020,4443,2025-08-22,organic,organic_direct,179.27,8.96,170.31,USD
6021,5951,2025-08-22,paid_search,brand_search_q4,35.44,0.0,35.44,USD
6022,7662,2025-08-22,organic,organic_direct,112.1,0.0,112.1,USD
6023,4799,2025-08-22,email,newsletter_weekly,103.78,0.0,103.78,USD
6024,4531,2025-08-22,paid_search,generic_shoes,192.97,0.0,192.97,USD
6025,1906,2025-08-22,email,cart_abandon,60.27,3.01,57.26,USD
6026,7621,2025-08-22,paid_social,meta_prospecting,184.85,0.0,184.85,USD
6027,2936,2025-08-22,paid_social,meta_retarget,22.73,3.41,19.32,USD
6028,6576,2025-08-22,organic,organic_direct,219.94,0.0,219.94,USD
6029,378,2025-08-22,organic,organic_direct,29.14,2.91,26.23,USD
6030,4197,2025-08-22,email,cart_abandon,133.54,0.0,133.54,USD
6031,7250,2025-08-22,email,cart_abandon,204.99,10.25,194.74,USD
6032,2984,2025-08-22,paid_search,retargeting_search,92.0,13.8,78.2,USD
6033,4915,2025-08-22,paid_social,meta_prospecting,73.52,7.35,66.17,USD
6034,5723,2025-08-22,organic,organic_direct,39.08,1.95,37.13,USD
6035,7759,2025-08-22,paid_search,brand_search_q4,73.96,0.0,73.96,USD
6036,2149,2025-08-22,organic,organic_direct,42.5,6.38,36.12,USD
6037,1523,2025-08-22,paid_social,meta_prospecting,27.58,1.38,26.2,USD
6038,2759,2025-08-22,organic,organic_direct,237.02,0.0,237.02,USD
6039,5812,2025-08-22,organic,organic_direct,42.8,6.42,36.38,USD
6040,2036,2025-08-22,organic,organic_direct,242.45,0.0,242.45,USD
6041,5108,2025-08-22,organic,organic_direct,262.11,0.0,262.11,USD
6042,6750,2025-08-22,paid_search,brand_search_q4,196.09,9.8,186.29,USD
6043,4040,2025-08-22,organic,organic_direct,234.19,23.42,210.77,USD
6044,4751,2025-08-22,organic,organic_direct,189.22,28.38,160.84,USD
6045,6485,2025-08-22,organic,organic_direct,202.37,30.36,172.01,USD
6046,3208,2025-08-22,paid_search,retargeting_search,85.61,0.0,85.61,USD
6047,5825,2025-08-22,organic,organic_direct,221.38,0.0,221.38,USD
6048,4989,2025-08-22,organic,organic_direct,253.38,0.0,253.38,USD
6049,2709,2025-08-22,paid_search,brand_search_q4,154.8,0.0,154.8,USD
6050,7034,2025-08-22,paid_search,generic_shoes,153.43,7.67,145.76,USD
6051,3328,2025-08-22,affiliate,coupon_site,239.17,0.0,239.17,USD
6052,2649,2025-08-22,email,cart_abandon,202.48,10.12,192.36,USD
6053,2673,2025-08-22,paid_search,generic_shoes,274.81,0.0,274.81,USD
6054,4494,2025-08-22,organic,organic_direct,50.69,0.0,50.69,USD
6055,1421,2025-08-22,paid_search,retargeting_search,159.94,23.99,135.95,USD
6056,4484,2025-08-22,organic,organic_direct,89.89,4.49,85.4,USD
6057,496,2025-08-22,email,cart_abandon,79.79,7.98,71.81,USD
6058,4095,2025-08-22,organic,organic_direct,280.25,42.04,238.21,USD
6059,3133,2025-08-22,paid_search,brand_search_q4,99.01,0.0,99.01,USD
6060,347,2025-08-22,affiliate,coupon_site,52.06,7.81,44.25,USD
6061,2844,2025-08-22,paid_search,generic_shoes,177.73,17.77,159.96,USD
6062,13,2025-08-22,organic,organic_direct,264.78,26.48,238.3,USD
6063,1715,2025-08-22,organic,organic_direct,73.33,7.33,66.0,USD
6064,5802,2025-08-22,paid_search,retargeting_search,244.28,0.0,244.28,USD
6065,7888,2025-08-22,organic,organic_direct,56.81,0.0,56.81,USD
6066,6474,2025-08-22,paid_search,generic_shoes,17.26,1.73,15.53,USD
6067,5686,2025-08-22,paid_search,brand_search_q4,106.9,0.0,106.9,USD
6068,2672,2025-08-22,email,cart_abandon,74.67,11.2,63.47,USD
6069,7452,2025-08-22,organic,organic_direct,117.22,17.58,99.64,USD
6070,3995,2025-08-22,paid_social,meta_prospecting,128.66,19.3,109.36,USD
6071,2915,2025-08-22,paid_social,meta_retarget,252.07,37.81,214.26,USD
6072,5822,2025-08-22,organic,organic_direct,46.15,0.0,46.15,USD
6073,3323,2025-08-22,affiliate,coupon_site,74.52,7.45,67.07,USD
6074,4259,2025-08-22,email,winback,102.47,0.0,102.47,USD
6075,6256,2025-08-22,organic,organic_direct,22.2,2.22,19.98,USD
6076,4157,2025-08-22,paid_search,generic_shoes,161.14,0.0,161.14,USD
6077,331,2025-08-22,email,winback,74.56,0.0,74.56,USD
6078,3164,2025-08-22,paid_search,retargeting_search,209.59,0.0,209.59,USD
6079,5049,2025-08-22,affiliate,coupon_site,79.35,0.0,79.35,USD
6080,2193,2025-08-22,paid_social,meta_retarget,185.5,27.82,157.68,USD
6081,192,2025-08-22,paid_search,generic_shoes,197.0,29.55,167.45,USD
6082,1907,2025-08-22,paid_social,meta_retarget,52.63,5.26,47.37,USD
6083,456,2025-08-22,email,winback,244.4,0.0,244.4,USD
6084,5549,2025-08-22,paid_search,retargeting_search,34.02,0.0,34.02,USD
6085,5628,2025-08-22,paid_search,generic_shoes,39.95,0.0,39.95,USD
6086,1306,2025-08-22,paid_social,meta_retarget,181.02,27.15,153.87,USD
6087,5875,2025-08-22,paid_social,meta_prospecting,192.08,0.0,192.08,USD
6088,2136,2025-08-23,paid_social,meta_prospecting,240.35,0.0,240.35,USD
6089,2979,2025-08-23,organic,organic_direct,196.31,29.45,166.86,USD
6090,4469,2025-08-23,paid_social,tiktok_awareness,96.23,4.81,91.42,USD
6091,1764,2025-08-23,email,newsletter_weekly,129.87,0.0,129.87,USD
6092,2802,2025-08-23,paid_search,brand_search_q4,156.16,7.81,148.35,USD
6093,2176,2025-08-23,paid_search,generic_shoes,122.83,0.0,122.83,USD
6094,3523,2025-08-23,paid_search,generic_shoes,145.02,14.5,130.52,USD
6095,1286,2025-08-23,paid_search,generic_shoes,245.55,12.28,233.27,USD
6096,7313,2025-08-23,affiliate,partner_blog,221.13,22.11,199.02,USD
6097,3603,2025-08-23,paid_search,brand_search_q4,110.83,11.08,99.75,USD
6098,2544,2025-08-23,paid_social,meta_retarget,224.1,33.61,190.49,USD
6099,7319,2025-08-23,affiliate,coupon_site,141.37,0.0,141.37,USD
6100,5312,2025-08-23,paid_search,retargeting_search,219.9,32.98,186.92,USD
6101,1678,2025-08-23,paid_search,generic_shoes,103.05,0.0,103.05,USD
6102,1117,2025-08-23,email,newsletter_weekly,241.33,0.0,241.33,USD
6103,2484,2025-08-23,paid_search,generic_shoes,109.84,0.0,109.84,USD
6104,7915,2025-08-23,paid_search,retargeting_search,40.15,0.0,40.15,USD
6105,7583,2025-08-23,paid_social,tiktok_awareness,299.43,0.0,299.43,USD
6106,5262,2025-08-23,email,winback,68.95,0.0,68.95,USD
6107,7812,2025-08-23,paid_search,generic_shoes,247.96,24.8,223.16,USD
6108,4181,2025-08-23,paid_social,tiktok_awareness,192.79,0.0,192.79,USD
6109,7458,2025-08-23,email,winback,115.05,0.0,115.05,USD
6110,5919,2025-08-23,paid_social,tiktok_awareness,241.91,36.29,205.62,USD
6111,7606,2025-08-23,organic,organic_direct,228.5,0.0,228.5,USD
6112,7900,2025-08-23,affiliate,partner_blog,130.69,0.0,130.69,USD
6113,3045,2025-08-23,paid_search,generic_shoes,194.17,19.42,174.75,USD
6114,295,2025-08-23,organic,organic_direct,84.78,8.48,76.3,USD
6115,5806,2025-08-23,email,cart_abandon,106.13,0.0,106.13,USD
6116,7495,2025-08-23,paid_social,tiktok_awareness,234.61,35.19,199.42,USD
6117,2213,2025-08-23,paid_search,brand_search_q4,47.37,0.0,47.37,USD
6118,5996,2025-08-23,email,winback,262.76,0.0,262.76,USD
6119,7309,2025-08-23,paid_social,tiktok_awareness,251.17,12.56,238.61,USD
6120,3593,2025-08-23,paid_search,retargeting_search,226.77,0.0,226.77,USD
6121,2998,2025-08-23,organic,organic_direct,256.7,38.5,218.2,USD
6122,2910,2025-08-23,organic,organic_direct,233.71,0.0,233.71,USD
6123,62,2025-08-23,paid_search,retargeting_search,22.71,0.0,22.71,USD
6124,4997,2025-08-23,paid_search,generic_shoes,287.32,43.1,244.22,USD
6125,7648,2025-08-23,paid_social,meta_prospecting,55.28,0.0,55.28,USD
6126,5760,2025-08-23,email,cart_abandon,237.33,0.0,237.33,USD
6127,725,2025-08-23,organic,organic_direct,153.25,22.99,130.26,USD
6128,5984,2025-08-23,organic,organic_direct,259.28,12.96,246.32,USD
6129,1320,2025-08-23,paid_social,meta_retarget,146.05,0.0,146.05,USD
6130,6398,2025-08-23,paid_search,brand_search_q4,215.64,0.0,215.64,USD
6131,5547,2025-08-23,email,winback,79.11,3.96,75.15,USD
6132,2551,2025-08-23,organic,organic_direct,113.34,5.67,107.67,USD
6133,1692,2025-08-23,organic,organic_direct,233.11,34.97,198.14,USD
6134,2911,2025-08-23,organic,organic_direct,139.27,0.0,139.27,USD
6135,6134,2025-08-23,affiliate,partner_blog,168.99,0.0,168.99,USD
6136,4320,2025-08-23,email,winback,36.1,5.42,30.68,USD
6137,310,2025-08-24,email,newsletter_weekly,161.02,16.1,144.92,USD
6138,7840,2025-08-24,organic,organic_direct,28.6,1.43,27.17,USD
6139,4312,2025-08-24,paid_search,brand_search_q4,75.46,0.0,75.46,USD
6140,3972,2025-08-24,paid_search,retargeting_search,59.67,8.95,50.72,USD
6141,4644,2025-08-24,organic,organic_direct,228.89,0.0,228.89,USD
6142,2623,2025-08-24,paid_social,tiktok_awareness,80.86,0.0,80.86,USD
6143,6044,2025-08-24,email,winback,114.2,11.42,102.78,USD
6144,2340,2025-08-24,paid_search,brand_search_q4,54.04,0.0,54.04,USD
6145,3059,2025-08-24,paid_social,tiktok_awareness,101.08,5.05,96.03,USD
6146,5098,2025-08-24,organic,organic_direct,159.74,0.0,159.74,USD
6147,4864,2025-08-24,paid_search,brand_search_q4,218.51,32.78,185.73,USD
6148,3640,2025-08-24,affiliate,coupon_site,144.07,0.0,144.07,USD
6149,3976,2025-08-24,affiliate,coupon_site,207.86,31.18,176.68,USD
6150,7048,2025-08-24,email,winback,148.23,0.0,148.23,USD
6151,6051,2025-08-24,paid_search,retargeting_search,75.8,0.0,75.8,USD
6152,943,2025-08-24,paid_search,retargeting_search,27.88,2.79,25.09,USD
6153,2445,2025-08-24,affiliate,partner_blog,121.28,0.0,121.28,USD
6154,1194,2025-08-24,paid_social,meta_retarget,116.21,0.0,116.21,USD
6155,1784,2025-08-24,paid_search,retargeting_search,249.04,0.0,249.04,USD
6156,7645,2025-08-24,organic,organic_direct,125.9,18.89,107.01,USD
6157,4652,2025-08-24,organic,organic_direct,215.13,32.27,182.86,USD
6158,7075,2025-08-24,organic,organic_direct,199.64,29.95,169.69,USD
6159,5201,2025-08-24,paid_social,tiktok_awareness,35.78,1.79,33.99,USD
6160,2226,2025-08-24,organic,organic_direct,230.92,0.0,230.92,USD
6161,6621,2025-08-24,paid_search,retargeting_search,144.18,0.0,144.18,USD
6162,7930,2025-08-24,organic,organic_direct,227.62,0.0,227.62,USD
6163,374,2025-08-24,paid_social,tiktok_awareness,19.09,0.0,19.09,USD
6164,1178,2025-08-24,organic,organic_direct,29.1,0.0,29.1,USD
6165,6405,2025-08-24,paid_social,meta_prospecting,175.49,26.32,149.17,USD
6166,619,2025-08-24,organic,organic_direct,111.73,0.0,111.73,USD
6167,7853,2025-08-24,paid_social,meta_retarget,82.75,8.28,74.47,USD
6168,3295,2025-08-24,paid_social,meta_retarget,28.64,0.0,28.64,USD
6169,4599,2025-08-24,paid_search,retargeting_search,191.23,0.0,191.23,USD
6170,2156,2025-08-24,paid_social,meta_prospecting,101.53,0.0,101.53,USD
6171,1805,2025-08-24,paid_social,tiktok_awareness,29.47,0.0,29.47,USD
6172,7912,2025-08-24,email,cart_abandon,246.59,0.0,246.59,USD
6173,3095,2025-08-24,paid_social,meta_prospecting,146.99,14.7,132.29,USD
6174,730,2025-08-24,email,cart_abandon,121.09,18.16,102.93,USD
6175,4813,2025-08-24,organic,organic_direct,83.43,8.34,75.09,USD
6176,1173,2025-08-24,paid_social,meta_retarget,267.68,0.0,267.68,USD
6177,4562,2025-08-24,organic,organic_direct,99.29,9.93,89.36,USD
6178,1149,2025-08-24,affiliate,partner_blog,99.56,0.0,99.56,USD
6179,3866,2025-08-24,paid_search,generic_shoes,174.74,0.0,174.74,USD
6180,5903,2025-08-24,organic,organic_direct,213.28,10.66,202.62,USD
6181,7576,2025-08-24,paid_social,tiktok_awareness,252.21,0.0,252.21,USD
6182,4531,2025-08-24,email,winback,133.37,6.67,126.7,USD
6183,4729,2025-08-24,paid_search,retargeting_search,139.4,0.0,139.4,USD
6184,1382,2025-08-24,paid_social,meta_retarget,102.38,0.0,102.38,USD
6185,3065,2025-08-24,affiliate,partner_blog,107.49,16.12,91.37,USD
6186,3458,2025-08-24,paid_search,retargeting_search,23.22,3.48,19.74,USD
6187,4886,2025-08-24,paid_search,retargeting_search,235.36,11.77,223.59,USD
6188,2778,2025-08-24,paid_search,retargeting_search,288.13,43.22,244.91,USD
6189,5133,2025-08-24,email,newsletter_weekly,211.9,0.0,211.9,USD
6190,1402,2025-08-24,organic,organic_direct,201.94,0.0,201.94,USD
6191,5247,2025-08-24,affiliate,coupon_site,256.78,0.0,256.78,USD
6192,3267,2025-08-24,email,newsletter_weekly,66.35,6.63,59.72,USD
6193,6585,2025-08-24,organic,organic_direct,24.23,0.0,24.23,USD
6194,2147,2025-08-24,email,cart_abandon,170.23,25.53,144.7,USD
6195,7980,2025-08-24,paid_search,generic_shoes,146.31,0.0,146.31,USD
6196,2447,2025-08-24,paid_social,meta_retarget,199.33,19.93,179.4,USD
6197,6496,2025-08-24,email,winback,73.29,7.33,65.96,USD
6198,6125,2025-08-24,organic,organic_direct,111.91,16.79,95.12,USD
6199,3790,2025-08-24,paid_social,tiktok_awareness,301.33,45.2,256.13,USD
6200,7023,2025-08-24,email,cart_abandon,150.44,15.04,135.4,USD
6201,7223,2025-08-24,paid_search,brand_search_q4,151.43,7.57,143.86,USD
6202,5799,2025-08-24,email,cart_abandon,91.17,0.0,91.17,USD
6203,3171,2025-08-24,email,cart_abandon,208.42,0.0,208.42,USD
6204,3500,2025-08-24,email,newsletter_weekly,45.42,0.0,45.42,USD
6205,5038,2025-08-24,affiliate,partner_blog,140.93,7.05,133.88,USD
6206,6468,2025-08-24,paid_search,brand_search_q4,91.66,0.0,91.66,USD
6207,2158,2025-08-24,paid_search,retargeting_search,76.63,11.49,65.14,USD
6208,3115,2025-08-24,organic,organic_direct,169.42,8.47,160.95,USD
6209,4399,2025-08-24,paid_social,meta_prospecting,174.96,0.0,174.96,USD
6210,3069,2025-08-24,paid_social,meta_retarget,159.68,7.98,151.7,USD
6211,2466,2025-08-24,organic,organic_direct,79.72,7.97,71.75,USD
6212,2844,2025-08-24,organic,organic_direct,255.39,0.0,255.39,USD
6213,2744,2025-08-24,organic,organic_direct,232.78,0.0,232.78,USD
6214,4893,2025-08-25,paid_social,meta_retarget,263.74,26.37,237.37,USD
6215,6391,2025-08-25,affiliate,partner_blog,216.81,0.0,216.81,USD
6216,7050,2025-08-25,organic,organic_direct,139.8,0.0,139.8,USD
6217,5541,2025-08-25,paid_social,tiktok_awareness,48.12,7.22,40.9,USD
6218,7403,2025-08-25,email,cart_abandon,166.46,16.65,149.81,USD
6219,782,2025-08-25,paid_search,retargeting_search,49.85,7.48,42.37,USD
6220,2131,2025-08-25,organic,organic_direct,58.67,0.0,58.67,USD
6221,351,2025-08-25,paid_search,retargeting_search,230.33,0.0,230.33,USD
6222,56,2025-08-25,paid_search,brand_search_q4,133.99,0.0,133.99,USD
6223,2158,2025-08-25,organic,organic_direct,238.28,23.83,214.45,USD
6224,3374,2025-08-25,affiliate,partner_blog,204.56,0.0,204.56,USD
6225,3160,2025-08-25,affiliate,coupon_site,276.41,27.64,248.77,USD
6226,2871,2025-08-25,paid_social,meta_prospecting,206.02,30.9,175.12,USD
6227,2972,2025-08-25,paid_search,brand_search_q4,136.91,0.0,136.91,USD
6228,1145,2025-08-25,affiliate,coupon_site,141.52,7.08,134.44,USD
6229,2428,2025-08-25,paid_search,brand_search_q4,137.21,0.0,137.21,USD
6230,1417,2025-08-25,email,winback,205.88,30.88,175.0,USD
6231,3311,2025-08-25,organic,organic_direct,138.55,0.0,138.55,USD
6232,2723,2025-08-25,paid_search,retargeting_search,123.14,6.16,116.98,USD
6233,522,2025-08-25,paid_search,retargeting_search,244.6,0.0,244.6,USD
6234,1264,2025-08-25,email,cart_abandon,268.08,13.4,254.68,USD
6235,7717,2025-08-25,paid_social,meta_prospecting,104.85,0.0,104.85,USD
6236,1585,2025-08-25,organic,organic_direct,46.09,4.61,41.48,USD
6237,2731,2025-08-25,paid_social,tiktok_awareness,191.61,0.0,191.61,USD
6238,297,2025-08-25,organic,organic_direct,157.99,15.8,142.19,USD
6239,6108,2025-08-25,email,winback,241.84,36.28,205.56,USD
6240,7244,2025-08-25,paid_social,tiktok_awareness,204.02,10.2,193.82,USD
6241,1807,2025-08-25,paid_search,generic_shoes,80.34,0.0,80.34,USD
6242,4169,2025-08-25,organic,organic_direct,221.47,11.07,210.4,USD
6243,1808,2025-08-25,organic,organic_direct,60.93,3.05,57.88,USD
6244,7008,2025-08-25,organic,organic_direct,23.31,0.0,23.31,USD
6245,7671,2025-08-25,organic,organic_direct,58.96,0.0,58.96,USD
6246,6693,2025-08-25,email,newsletter_weekly,107.05,16.06,90.99,USD
6247,3408,2025-08-25,paid_social,tiktok_awareness,119.65,0.0,119.65,USD
6248,3184,2025-08-25,paid_search,retargeting_search,91.4,0.0,91.4,USD
6249,4194,2025-08-25,paid_social,tiktok_awareness,82.38,4.12,78.26,USD
6250,3250,2025-08-25,affiliate,partner_blog,209.96,0.0,209.96,USD
6251,4241,2025-08-25,organic,organic_direct,272.57,13.63,258.94,USD
6252,7539,2025-08-25,paid_social,tiktok_awareness,49.35,0.0,49.35,USD
6253,4913,2025-08-25,paid_social,meta_prospecting,78.32,11.75,66.57,USD
6254,2621,2025-08-25,paid_social,meta_retarget,68.56,6.86,61.7,USD
6255,5998,2025-08-25,paid_social,tiktok_awareness,49.01,2.45,46.56,USD
6256,2010,2025-08-25,paid_social,meta_prospecting,191.54,28.73,162.81,USD
6257,849,2025-08-25,paid_social,meta_retarget,156.67,23.5,133.17,USD
6258,4653,2025-08-25,paid_social,meta_retarget,157.6,0.0,157.6,USD
6259,5598,2025-08-25,affiliate,partner_blog,218.28,32.74,185.54,USD
6260,5371,2025-08-25,email,winback,47.68,0.0,47.68,USD
6261,1442,2025-08-25,email,cart_abandon,105.82,5.29,100.53,USD
6262,7594,2025-08-25,email,newsletter_weekly,211.35,31.7,179.65,USD
6263,5707,2025-08-25,paid_search,brand_search_q4,81.0,4.05,76.95,USD
6264,7203,2025-08-25,organic,organic_direct,197.98,19.8,178.18,USD
6265,6039,2025-08-25,paid_search,brand_search_q4,280.84,0.0,280.84,USD
6266,2681,2025-08-25,affiliate,partner_blog,33.3,0.0,33.3,USD
6267,1957,2025-08-25,paid_search,generic_shoes,256.6,0.0,256.6,USD
6268,7719,2025-08-25,affiliate,coupon_site,84.38,0.0,84.38,USD
6269,4312,2025-08-25,paid_social,tiktok_awareness,38.85,0.0,38.85,USD
6270,7526,2025-08-25,organic,organic_direct,141.01,14.1,126.91,USD
6271,6634,2025-08-25,paid_social,tiktok_awareness,108.88,0.0,108.88,USD
6272,2341,2025-08-25,organic,organic_direct,221.32,0.0,221.32,USD
6273,5904,2025-08-25,organic,organic_direct,296.23,0.0,296.23,USD
6274,7305,2025-08-25,organic,organic_direct,242.5,24.25,218.25,USD
6275,5736,2025-08-25,paid_search,generic_shoes,39.54,0.0,39.54,USD
6276,5811,2025-08-25,paid_social,meta_prospecting,89.62,4.48,85.14,USD
6277,3466,2025-08-25,paid_social,tiktok_awareness,203.69,20.37,183.32,USD
6278,7233,2025-08-25,organic,organic_direct,106.04,0.0,106.04,USD
6279,5139,2025-08-25,affiliate,partner_blog,45.1,0.0,45.1,USD
6280,7770,2025-08-25,affiliate,partner_blog,52.25,0.0,52.25,USD
6281,975,2025-08-25,organic,organic_direct,96.96,0.0,96.96,USD
6282,3903,2025-08-25,email,newsletter_weekly,221.47,33.22,188.25,USD
6283,6108,2025-08-25,paid_search,retargeting_search,248.22,0.0,248.22,USD
6284,5746,2025-08-25,paid_search,brand_search_q4,86.32,12.95,73.37,USD
6285,3646,2025-08-25,paid_search,retargeting_search,94.76,4.74,90.02,USD
6286,2886,2025-08-25,paid_search,retargeting_search,180.28,27.04,153.24,USD
6287,6955,2025-08-25,paid_social,tiktok_awareness,118.7,17.8,100.9,USD
6288,7751,2025-08-25,email,winback,132.59,0.0,132.59,USD
6289,5690,2025-08-25,email,winback,51.85,2.59,49.26,USD
6290,3102,2025-08-26,organic,organic_direct,115.8,0.0,115.8,USD
6291,1124,2025-08-26,organic,organic_direct,212.3,21.23,191.07,USD
6292,6009,2025-08-26,affiliate,partner_blog,174.12,17.41,156.71,USD
6293,4087,2025-08-26,paid_social,meta_retarget,105.94,15.89,90.05,USD
6294,4177,2025-08-26,paid_search,brand_search_q4,25.29,2.53,22.76,USD
6295,6467,2025-08-26,paid_search,retargeting_search,55.39,2.77,52.62,USD
6296,2298,2025-08-26,affiliate,partner_blog,210.4,21.04,189.36,USD
6297,2786,2025-08-26,email,newsletter_weekly,64.06,0.0,64.06,USD
6298,6270,2025-08-26,email,cart_abandon,211.84,0.0,211.84,USD
6299,4376,2025-08-26,paid_search,generic_shoes,172.61,0.0,172.61,USD
6300,2260,2025-08-26,organic,organic_direct,170.87,17.09,153.78,USD
6301,3350,2025-08-26,paid_social,meta_prospecting,123.16,0.0,123.16,USD
6302,5389,2025-08-26,email,newsletter_weekly,117.18,11.72,105.46,USD
6303,1666,2025-08-26,paid_search,generic_shoes,47.42,4.74,42.68,USD
6304,754,2025-08-26,organic,organic_direct,298.23,0.0,298.23,USD
6305,584,2025-08-26,paid_social,tiktok_awareness,43.3,0.0,43.3,USD
6306,7671,2025-08-26,organic,organic_direct,16.12,2.42,13.7,USD
6307,5749,2025-08-26,organic,organic_direct,97.88,0.0,97.88,USD
6308,6391,2025-08-26,organic,organic_direct,215.66,10.78,204.88,USD
6309,4139,2025-08-26,email,newsletter_weekly,165.2,16.52,148.68,USD
6310,1212,2025-08-26,paid_social,meta_retarget,20.98,0.0,20.98,USD
6311,1792,2025-08-26,organic,organic_direct,40.1,0.0,40.1,USD
6312,1633,2025-08-26,email,newsletter_weekly,120.6,6.03,114.57,USD
6313,5994,2025-08-26,organic,organic_direct,92.07,13.81,78.26,USD
6314,1708,2025-08-26,email,cart_abandon,89.48,8.95,80.53,USD
6315,2568,2025-08-26,paid_search,brand_search_q4,46.95,0.0,46.95,USD
6316,7711,2025-08-26,paid_social,meta_retarget,165.35,24.8,140.55,USD
6317,1953,2025-08-26,paid_search,generic_shoes,242.86,0.0,242.86,USD
6318,2847,2025-08-26,affiliate,coupon_site,61.25,6.12,55.13,USD
6319,4386,2025-08-26,organic,organic_direct,63.48,6.35,57.13,USD
6320,5198,2025-08-26,organic,organic_direct,214.6,0.0,214.6,USD
6321,6652,2025-08-26,organic,organic_direct,236.61,23.66,212.95,USD
6322,3108,2025-08-26,paid_search,brand_search_q4,298.68,0.0,298.68,USD
6323,6183,2025-08-26,organic,organic_direct,137.4,0.0,137.4,USD
6324,2969,2025-08-26,paid_search,retargeting_search,145.66,21.85,123.81,USD
6325,7787,2025-08-26,organic,organic_direct,131.6,13.16,118.44,USD
6326,86,2025-08-26,paid_social,meta_prospecting,183.65,27.55,156.1,USD
6327,4513,2025-08-26,paid_social,meta_retarget,164.79,16.48,148.31,USD
6328,3753,2025-08-26,organic,organic_direct,183.82,0.0,183.82,USD
6329,1635,2025-08-26,organic,organic_direct,198.17,19.82,178.35,USD
6330,113,2025-08-26,organic,organic_direct,122.28,12.23,110.05,USD
6331,1360,2025-08-26,email,winback,187.64,0.0,187.64,USD
6332,7495,2025-08-26,email,newsletter_weekly,25.47,0.0,25.47,USD
6333,3674,2025-08-26,organic,organic_direct,127.52,19.13,108.39,USD
6334,339,2025-08-26,paid_search,generic_shoes,25.78,0.0,25.78,USD
6335,6083,2025-08-26,email,cart_abandon,60.0,0.0,60.0,USD
6336,6979,2025-08-26,organic,organic_direct,87.11,13.07,74.04,USD
6337,6240,2025-08-26,paid_search,generic_shoes,72.01,0.0,72.01,USD
6338,5548,2025-08-26,email,winback,32.7,4.91,27.79,USD
6339,5685,2025-08-26,affiliate,partner_blog,183.71,0.0,183.71,USD
6340,738,2025-08-26,paid_search,retargeting_search,209.7,0.0,209.7,USD
6341,5149,2025-08-26,paid_search,retargeting_search,148.27,0.0,148.27,USD
6342,1262,2025-08-26,paid_search,generic_shoes,230.71,0.0,230.71,USD
6343,6356,2025-08-26,affiliate,partner_blog,36.02,3.6,32.42,USD
6344,7640,2025-08-26,organic,organic_direct,145.98,7.3,138.68,USD
6345,5289,2025-08-26,organic,organic_direct,194.68,0.0,194.68,USD
6346,5753,2025-08-26,paid_search,generic_shoes,200.78,0.0,200.78,USD
6347,7456,2025-08-26,organic,organic_direct,250.03,25.0,225.03,USD
6348,7263,2025-08-26,organic,organic_direct,145.6,21.84,123.76,USD
6349,2682,2025-08-26,affiliate,coupon_site,220.72,22.07,198.65,USD
6350,2565,2025-08-26,organic,organic_direct,85.69,0.0,85.69,USD
6351,7124,2025-08-26,paid_social,meta_prospecting,263.22,0.0,263.22,USD
6352,2606,2025-08-26,paid_search,generic_shoes,168.71,25.31,143.4,USD
6353,3084,2025-08-26,organic,organic_direct,236.41,35.46,200.95,USD
6354,6129,2025-08-26,paid_social,tiktok_awareness,212.16,21.22,190.94,USD
6355,2921,2025-08-26,organic,organic_direct,265.17,0.0,265.17,USD
6356,6731,2025-08-26,organic,organic_direct,185.42,18.54,166.88,USD
6357,1032,2025-08-26,paid_search,generic_shoes,283.89,14.19,269.7,USD
6358,1426,2025-08-26,email,cart_abandon,259.84,0.0,259.84,USD
6359,4165,2025-08-26,paid_social,meta_prospecting,162.29,8.11,154.18,USD
6360,388,2025-08-26,paid_social,meta_prospecting,80.18,0.0,80.18,USD
6361,7473,2025-08-26,paid_social,meta_prospecting,243.57,36.54,207.03,USD
6362,4891,2025-08-26,paid_social,meta_prospecting,191.21,28.68,162.53,USD
6363,4822,2025-08-26,paid_search,brand_search_q4,155.34,23.3,132.04,USD
6364,6876,2025-08-26,organic,organic_direct,256.43,0.0,256.43,USD
6365,6394,2025-08-26,paid_social,tiktok_awareness,130.02,0.0,130.02,USD
6366,255,2025-08-26,email,newsletter_weekly,44.04,2.2,41.84,USD
6367,5447,2025-08-26,email,winback,287.24,28.72,258.52,USD
6368,926,2025-08-26,paid_social,tiktok_awareness,203.18,20.32,182.86,USD
6369,5733,2025-08-26,organic,organic_direct,105.13,10.51,94.62,USD
6370,451,2025-08-26,paid_social,meta_retarget,203.03,20.3,182.73,USD
6371,3191,2025-08-26,organic,organic_direct,215.14,0.0,215.14,USD
6372,4322,2025-08-26,email,newsletter_weekly,248.44,0.0,248.44,USD
6373,327,2025-08-26,paid_search,generic_shoes,113.36,5.67,107.69,USD
6374,1101,2025-08-26,organic,organic_direct,95.36,0.0,95.36,USD
6375,2599,2025-08-26,paid_social,tiktok_awareness,199.57,29.94,169.63,USD
6376,1148,2025-08-26,paid_search,generic_shoes,261.76,13.09,248.67,USD
6377,249,2025-08-26,paid_social,meta_prospecting,121.56,6.08,115.48,USD
6378,6894,2025-08-26,organic,organic_direct,164.37,0.0,164.37,USD
6379,4341,2025-08-26,organic,organic_direct,112.98,16.95,96.03,USD
6380,3517,2025-08-26,paid_social,tiktok_awareness,208.41,31.26,177.15,USD
6381,2670,2025-08-26,email,winback,61.6,9.24,52.36,USD
6382,1075,2025-08-27,paid_search,retargeting_search,188.1,0.0,188.1,USD
6383,904,2025-08-27,paid_social,meta_prospecting,229.43,34.41,195.02,USD
6384,1566,2025-08-27,paid_search,retargeting_search,219.46,0.0,219.46,USD
6385,425,2025-08-27,email,cart_abandon,255.85,0.0,255.85,USD
6386,3279,2025-08-27,paid_social,meta_prospecting,163.56,0.0,163.56,USD
6387,3495,2025-08-27,organic,organic_direct,130.08,19.51,110.57,USD
6388,5495,2025-08-27,paid_social,tiktok_awareness,41.07,2.05,39.02,USD
6389,4874,2025-08-27,paid_search,brand_search_q4,83.37,8.34,75.03,USD
6390,2621,2025-08-27,paid_social,tiktok_awareness,122.58,18.39,104.19,USD
6391,6072,2025-08-27,organic,organic_direct,200.42,20.04,180.38,USD
6392,6347,2025-08-27,paid_search,brand_search_q4,57.88,8.68,49.2,USD
6393,1484,2025-08-27,organic,organic_direct,77.44,11.62,65.82,USD
6394,7689,2025-08-27,email,newsletter_weekly,72.95,0.0,72.95,USD
6395,6335,2025-08-27,paid_search,brand_search_q4,207.98,0.0,207.98,USD
6396,4555,2025-08-27,email,cart_abandon,203.94,20.39,183.55,USD
6397,4262,2025-08-27,paid_social,meta_retarget,244.04,24.4,219.64,USD
6398,531,2025-08-27,paid_social,tiktok_awareness,103.72,15.56,88.16,USD
6399,2710,2025-08-27,organic,organic_direct,100.57,0.0,100.57,USD
6400,7288,2025-08-27,organic,organic_direct,239.32,0.0,239.32,USD
6401,5485,2025-08-27,paid_social,meta_retarget,30.62,0.0,30.62,USD
6402,36,2025-08-27,organic,organic_direct,294.62,0.0,294.62,USD
6403,4670,2025-08-27,email,winback,180.87,27.13,153.74,USD
6404,9,2025-08-27,email,winback,76.95,0.0,76.95,USD
6405,5267,2025-08-27,paid_search,generic_shoes,56.19,0.0,56.19,USD
6406,6720,2025-08-27,paid_search,generic_shoes,25.91,0.0,25.91,USD
6407,2656,2025-08-27,paid_search,generic_shoes,40.83,4.08,36.75,USD
6408,2438,2025-08-27,paid_search,generic_shoes,220.88,11.04,209.84,USD
6409,4204,2025-08-27,organic,organic_direct,22.59,0.0,22.59,USD
6410,1188,2025-08-27,paid_search,brand_search_q4,240.18,36.03,204.15,USD
6411,4603,2025-08-27,affiliate,coupon_site,61.38,3.07,58.31,USD
6412,1734,2025-08-27,paid_social,meta_retarget,190.04,9.5,180.54,USD
6413,4207,2025-08-27,paid_social,tiktok_awareness,181.24,0.0,181.24,USD
6414,3116,2025-08-27,organic,organic_direct,214.47,0.0,214.47,USD
6415,6665,2025-08-27,paid_social,tiktok_awareness,128.82,0.0,128.82,USD
6416,7675,2025-08-27,organic,organic_direct,149.04,14.9,134.14,USD
6417,3728,2025-08-27,paid_social,meta_retarget,144.84,14.48,130.36,USD
6418,5117,2025-08-27,organic,organic_direct,64.33,6.43,57.9,USD
6419,2665,2025-08-27,organic,organic_direct,94.66,0.0,94.66,USD
6420,4298,2025-08-27,affiliate,coupon_site,82.85,8.29,74.56,USD
6421,2502,2025-08-27,email,cart_abandon,43.22,0.0,43.22,USD
6422,5183,2025-08-27,paid_search,retargeting_search,73.19,3.66,69.53,USD
6423,4298,2025-08-27,organic,organic_direct,124.08,0.0,124.08,USD
6424,7697,2025-08-27,paid_search,generic_shoes,221.16,11.06,210.1,USD
6425,4768,2025-08-27,email,newsletter_weekly,144.59,0.0,144.59,USD
6426,2790,2025-08-27,affiliate,coupon_site,112.54,0.0,112.54,USD
6427,2096,2025-08-27,organic,organic_direct,40.57,4.06,36.51,USD
6428,531,2025-08-27,organic,organic_direct,114.35,0.0,114.35,USD
6429,1766,2025-08-27,paid_search,brand_search_q4,126.84,0.0,126.84,USD
6430,6022,2025-08-27,organic,organic_direct,280.58,28.06,252.52,USD
6431,1811,2025-08-27,paid_social,meta_retarget,266.74,0.0,266.74,USD
6432,5000,2025-08-27,organic,organic_direct,65.65,0.0,65.65,USD
6433,1359,2025-08-27,paid_search,retargeting_search,97.72,0.0,97.72,USD
6434,793,2025-08-27,organic,organic_direct,134.8,13.48,121.32,USD
6435,3313,2025-08-27,organic,organic_direct,213.1,10.66,202.44,USD
6436,4178,2025-08-27,organic,organic_direct,202.56,0.0,202.56,USD
6437,4879,2025-08-27,affiliate,coupon_site,21.88,0.0,21.88,USD
6438,1915,2025-08-27,affiliate,coupon_site,94.94,9.49,85.45,USD
6439,1879,2025-08-27,organic,organic_direct,89.45,0.0,89.45,USD
6440,3531,2025-08-27,organic,organic_direct,187.48,0.0,187.48,USD
6441,2743,2025-08-27,affiliate,coupon_site,116.66,0.0,116.66,USD
6442,2348,2025-08-27,paid_search,generic_shoes,117.26,0.0,117.26,USD
6443,3485,2025-08-27,paid_social,tiktok_awareness,27.99,2.8,25.19,USD
6444,898,2025-08-27,paid_search,brand_search_q4,99.3,9.93,89.37,USD
6445,6752,2025-08-27,paid_social,meta_prospecting,37.13,3.71,33.42,USD
6446,2820,2025-08-27,paid_social,meta_prospecting,39.07,5.86,33.21,USD
6447,6101,2025-08-27,organic,organic_direct,116.44,17.47,98.97,USD
6448,6770,2025-08-27,organic,organic_direct,26.54,0.0,26.54,USD
6449,4688,2025-08-27,affiliate,coupon_site,165.82,8.29,157.53,USD
6450,1100,2025-08-27,paid_search,retargeting_search,167.74,0.0,167.74,USD
6451,3558,2025-08-27,email,newsletter_weekly,60.36,3.02,57.34,USD
6452,453,2025-08-27,organic,organic_direct,261.4,0.0,261.4,USD
6453,950,2025-08-27,paid_search,generic_shoes,108.39,0.0,108.39,USD
6454,567,2025-08-27,email,cart_abandon,74.4,0.0,74.4,USD
6455,6465,2025-08-27,paid_search,generic_shoes,207.25,0.0,207.25,USD
6456,2353,2025-08-27,organic,organic_direct,61.89,0.0,61.89,USD
6457,3149,2025-08-27,paid_search,brand_search_q4,212.28,0.0,212.28,USD
6458,3608,2025-08-27,paid_search,generic_shoes,232.87,11.64,221.23,USD
6459,6797,2025-08-27,paid_social,meta_retarget,76.73,7.67,69.06,USD
6460,572,2025-08-27,paid_social,tiktok_awareness,99.14,0.0,99.14,USD
6461,3668,2025-08-27,paid_social,tiktok_awareness,127.64,12.76,114.88,USD
6462,1182,2025-08-27,paid_social,meta_prospecting,187.77,28.17,159.6,USD
6463,4348,2025-08-27,paid_social,meta_prospecting,101.12,5.06,96.06,USD
6464,4267,2025-08-27,affiliate,partner_blog,91.53,4.58,86.95,USD
6465,7061,2025-08-27,organic,organic_direct,89.59,0.0,89.59,USD
6466,6516,2025-08-27,organic,organic_direct,169.01,0.0,169.01,USD
6467,5232,2025-08-28,organic,organic_direct,282.69,0.0,282.69,USD
6468,1698,2025-08-28,paid_social,tiktok_awareness,161.02,0.0,161.02,USD
6469,1626,2025-08-28,affiliate,coupon_site,64.58,9.69,54.89,USD
6470,5971,2025-08-28,paid_social,meta_prospecting,270.25,0.0,270.25,USD
6471,3272,2025-08-28,paid_social,meta_prospecting,168.49,0.0,168.49,USD
6472,6930,2025-08-28,paid_search,retargeting_search,151.11,15.11,136.0,USD
6473,6127,2025-08-28,paid_social,meta_prospecting,114.99,0.0,114.99,USD
6474,2146,2025-08-28,paid_search,generic_shoes,228.56,0.0,228.56,USD
6475,2971,2025-08-28,organic,organic_direct,200.12,10.01,190.11,USD
6476,222,2025-08-28,email,winback,83.53,0.0,83.53,USD
6477,6845,2025-08-28,organic,organic_direct,24.02,2.4,21.62,USD
6478,610,2025-08-28,email,cart_abandon,96.83,0.0,96.83,USD
6479,6423,2025-08-28,paid_social,meta_prospecting,281.5,0.0,281.5,USD
6480,174,2025-08-28,affiliate,coupon_site,73.24,3.66,69.58,USD
6481,4192,2025-08-28,paid_social,meta_prospecting,226.04,0.0,226.04,USD
6482,1419,2025-08-28,organic,organic_direct,113.77,5.69,108.08,USD
6483,2079,2025-08-28,affiliate,partner_blog,118.06,0.0,118.06,USD
6484,7591,2025-08-28,paid_social,tiktok_awareness,180.35,18.04,162.31,USD
6485,5489,2025-08-28,affiliate,coupon_site,114.03,11.4,102.63,USD
6486,5178,2025-08-28,paid_social,meta_prospecting,30.66,0.0,30.66,USD
6487,5307,2025-08-28,paid_social,tiktok_awareness,272.4,40.86,231.54,USD
6488,5947,2025-08-28,email,winback,164.75,0.0,164.75,USD
6489,4194,2025-08-28,paid_search,brand_search_q4,276.54,0.0,276.54,USD
6490,4873,2025-08-28,paid_search,retargeting_search,70.35,0.0,70.35,USD
6491,2707,2025-08-28,paid_social,tiktok_awareness,87.25,0.0,87.25,USD
6492,3485,2025-08-28,paid_social,meta_retarget,220.38,0.0,220.38,USD
6493,6122,2025-08-28,paid_search,brand_search_q4,36.61,1.83,34.78,USD
6494,3042,2025-08-28,organic,organic_direct,105.78,0.0,105.78,USD
6495,5287,2025-08-28,paid_search,generic_shoes,137.13,6.86,130.27,USD
6496,7838,2025-08-28,organic,organic_direct,197.06,9.85,187.21,USD
6497,198,2025-08-28,organic,organic_direct,64.01,6.4,57.61,USD
6498,3004,2025-08-28,paid_social,meta_retarget,150.58,0.0,150.58,USD
6499,5735,2025-08-28,paid_social,meta_prospecting,97.52,0.0,97.52,USD
6500,4127,2025-08-28,organic,organic_direct,123.35,12.34,111.01,USD
6501,6007,2025-08-28,organic,organic_direct,39.04,0.0,39.04,USD
6502,67,2025-08-28,email,newsletter_weekly,105.73,0.0,105.73,USD
6503,1184,2025-08-28,affiliate,partner_blog,19.54,0.0,19.54,USD
6504,1474,2025-08-28,affiliate,coupon_site,96.61,4.83,91.78,USD
6505,1703,2025-08-28,paid_search,brand_search_q4,22.46,3.37,19.09,USD
6506,2353,2025-08-28,organic,organic_direct,40.33,0.0,40.33,USD
6507,5956,2025-08-28,paid_search,retargeting_search,225.69,11.28,214.41,USD
6508,1080,2025-08-28,organic,organic_direct,96.45,14.47,81.98,USD
6509,2706,2025-08-28,organic,organic_direct,232.78,0.0,232.78,USD
6510,7138,2025-08-28,paid_social,meta_retarget,97.95,0.0,97.95,USD
6511,6667,2025-08-29,organic,organic_direct,158.92,0.0,158.92,USD
6512,5822,2025-08-29,paid_social,tiktok_awareness,83.15,0.0,83.15,USD
6513,7349,2025-08-29,paid_social,meta_retarget,255.02,0.0,255.02,USD
6514,4638,2025-08-29,affiliate,coupon_site,84.86,4.24,80.62,USD
6515,1927,2025-08-29,email,winback,133.52,20.03,113.49,USD
6516,3618,2025-08-29,affiliate,partner_blog,105.43,0.0,105.43,USD
6517,6970,2025-08-29,paid_search,brand_search_q4,248.13,24.81,223.32,USD
6518,990,2025-08-29,paid_search,retargeting_search,250.71,12.54,238.17,USD
6519,5182,2025-08-29,affiliate,coupon_site,197.11,0.0,197.11,USD
6520,4133,2025-08-29,email,winback,161.56,24.23,137.33,USD
6521,6928,2025-08-29,paid_search,retargeting_search,146.09,0.0,146.09,USD
6522,4241,2025-08-29,organic,organic_direct,87.06,13.06,74.0,USD
6523,2446,2025-08-29,paid_search,retargeting_search,80.17,0.0,80.17,USD
6524,7942,2025-08-29,affiliate,partner_blog,142.96,21.44,121.52,USD
6525,2925,2025-08-29,paid_search,generic_shoes,277.83,0.0,277.83,USD
6526,2882,2025-08-29,paid_search,retargeting_search,263.54,0.0,263.54,USD
6527,7210,2025-08-29,paid_search,retargeting_search,57.57,5.76,51.81,USD
6528,245,2025-08-29,paid_social,meta_retarget,52.23,0.0,52.23,USD
6529,7373,2025-08-29,email,cart_abandon,125.35,0.0,125.35,USD
6530,5956,2025-08-29,affiliate,partner_blog,215.63,10.78,204.85,USD
6531,916,2025-08-29,organic,organic_direct,123.3,12.33,110.97,USD
6532,3960,2025-08-29,email,winback,230.28,23.03,207.25,USD
6533,961,2025-08-29,organic,organic_direct,192.96,0.0,192.96,USD
6534,4934,2025-08-29,paid_search,retargeting_search,264.43,39.66,224.77,USD
6535,1048,2025-08-29,email,cart_abandon,93.71,0.0,93.71,USD
6536,5130,2025-08-29,organic,organic_direct,141.23,21.18,120.05,USD
6537,3590,2025-08-29,paid_search,brand_search_q4,81.44,8.14,73.3,USD
6538,1344,2025-08-29,paid_social,meta_retarget,53.03,0.0,53.03,USD
6539,4447,2025-08-29,email,newsletter_weekly,185.6,18.56,167.04,USD
6540,2474,2025-08-29,organic,organic_direct,267.08,13.35,253.73,USD
6541,1122,2025-08-29,email,newsletter_weekly,194.26,19.43,174.83,USD
6542,2354,2025-08-29,email,newsletter_weekly,83.18,0.0,83.18,USD
6543,2612,2025-08-29,paid_search,brand_search_q4,145.8,0.0,145.8,USD
6544,6931,2025-08-29,organic,organic_direct,166.1,8.3,157.8,USD
6545,2401,2025-08-29,paid_social,meta_prospecting,109.01,0.0,109.01,USD
6546,219,2025-08-29,paid_social,meta_prospecting,169.82,0.0,169.82,USD
6547,7776,2025-08-29,organic,organic_direct,201.97,0.0,201.97,USD
6548,2013,2025-08-29,paid_social,tiktok_awareness,222.55,11.13,211.42,USD
6549,7566,2025-08-29,organic,organic_direct,140.62,7.03,133.59,USD
6550,481,2025-08-29,paid_search,brand_search_q4,22.3,1.11,21.19,USD
6551,5070,2025-08-29,organic,organic_direct,193.43,29.01,164.42,USD
6552,4329,2025-08-29,organic,organic_direct,242.26,0.0,242.26,USD
6553,83,2025-08-29,paid_social,meta_retarget,218.4,10.92,207.48,USD
6554,3498,2025-08-29,paid_search,generic_shoes,23.16,2.32,20.84,USD
6555,2533,2025-08-29,paid_social,meta_retarget,36.68,0.0,36.68,USD
6556,4550,2025-08-29,paid_social,meta_prospecting,246.76,0.0,246.76,USD
6557,7526,2025-08-29,affiliate,coupon_site,86.69,13.0,73.69,USD
6558,1532,2025-08-29,paid_search,retargeting_search,179.42,26.91,152.51,USD
6559,2393,2025-08-29,organic,organic_direct,271.78,13.59,258.19,USD
6560,7619,2025-08-29,organic,organic_direct,288.95,28.89,260.06,USD
6561,2418,2025-08-29,email,newsletter_weekly,80.42,4.02,76.4,USD
6562,4523,2025-08-29,email,cart_abandon,152.62,0.0,152.62,USD
6563,2245,2025-08-29,paid_social,tiktok_awareness,56.37,5.64,50.73,USD
6564,422,2025-08-29,affiliate,coupon_site,91.6,0.0,91.6,USD
6565,4953,2025-08-29,paid_social,meta_retarget,172.94,25.94,147.0,USD
6566,7051,2025-08-29,paid_social,tiktok_awareness,49.16,0.0,49.16,USD
6567,1081,2025-08-29,organic,organic_direct,189.35,0.0,189.35,USD
6568,7422,2025-08-29,affiliate,partner_blog,23.38,3.51,19.87,USD
6569,879,2025-08-29,email,newsletter_weekly,45.36,0.0,45.36,USD
6570,7663,2025-08-29,email,winback,120.83,0.0,120.83,USD
6571,6839,2025-08-29,email,newsletter_weekly,236.57,0.0,236.57,USD
6572,1758,2025-08-29,paid_search,retargeting_search,188.03,18.8,169.23,USD
6573,2695,2025-08-29,paid_search,retargeting_search,197.88,0.0,197.88,USD
6574,2976,2025-08-29,affiliate,partner_blog,82.81,0.0,82.81,USD
6575,4241,2025-08-29,paid_social,meta_prospecting,97.12,0.0,97.12,USD
6576,4080,2025-08-29,email,newsletter_weekly,211.45,31.72,179.73,USD
6577,1704,2025-08-29,paid_search,generic_shoes,85.83,12.87,72.96,USD
6578,1561,2025-08-29,affiliate,coupon_site,109.19,16.38,92.81,USD
6579,5664,2025-08-29,organic,organic_direct,263.02,26.3,236.72,USD
6580,967,2025-08-29,paid_search,retargeting_search,152.4,22.86,129.54,USD
6581,1530,2025-08-30,email,winback,69.84,0.0,69.84,USD
6582,2987,2025-08-30,paid_social,meta_prospecting,236.83,0.0,236.83,USD
6583,501,2025-08-30,paid_social,meta_prospecting,46.99,0.0,46.99,USD
6584,2427,2025-08-30,affiliate,partner_blog,228.2,22.82,205.38,USD
6585,7759,2025-08-30,paid_social,meta_retarget,26.81,4.02,22.79,USD
6586,4307,2025-08-30,organic,organic_direct,100.85,10.09,90.76,USD
6587,5208,2025-08-30,paid_search,retargeting_search,38.24,1.91,36.33,USD
6588,334,2025-08-30,email,winback,71.26,0.0,71.26,USD
6589,3836,2025-08-30,paid_social,meta_prospecting,83.89,0.0,83.89,USD
6590,1388,2025-08-30,paid_social,tiktok_awareness,107.75,10.78,96.97,USD
6591,2220,2025-08-30,email,newsletter_weekly,73.25,0.0,73.25,USD
6592,2032,2025-08-30,paid_social,meta_prospecting,182.86,9.14,173.72,USD
6593,2560,2025-08-30,organic,organic_direct,277.68,27.77,249.91,USD
6594,4380,2025-08-30,affiliate,coupon_site,160.21,0.0,160.21,USD
6595,2148,2025-08-30,paid_social,tiktok_awareness,77.8,0.0,77.8,USD
6596,1067,2025-08-30,organic,organic_direct,246.94,0.0,246.94,USD
6597,3521,2025-08-30,paid_search,generic_shoes,223.17,11.16,212.01,USD
6598,6706,2025-08-30,paid_search,generic_shoes,257.58,0.0,257.58,USD
6599,3269,2025-08-30,organic,organic_direct,247.23,0.0,247.23,USD
6600,43,2025-08-30,organic,organic_direct,160.61,0.0,160.61,USD
6601,4880,2025-08-30,affiliate,coupon_site,149.25,22.39,126.86,USD
6602,3464,2025-08-30,paid_search,generic_shoes,273.89,41.08,232.81,USD
6603,1731,2025-08-30,organic,organic_direct,155.69,23.35,132.34,USD
6604,1454,2025-08-30,organic,organic_direct,177.69,17.77,159.92,USD
6605,4666,2025-08-30,paid_social,meta_prospecting,159.43,7.97,151.46,USD
6606,123,2025-08-30,paid_social,meta_retarget,105.09,15.76,89.33,USD
6607,7294,2025-08-30,paid_social,tiktok_awareness,169.68,0.0,169.68,USD
6608,6512,2025-08-30,paid_social,tiktok_awareness,98.89,0.0,98.89,USD
6609,5352,2025-08-30,paid_search,brand_search_q4,237.93,11.9,226.03,USD
6610,506,2025-08-30,affiliate,coupon_site,50.28,0.0,50.28,USD
6611,5095,2025-08-30,email,cart_abandon,159.28,7.96,151.32,USD
6612,2579,2025-08-30,email,newsletter_weekly,13.82,0.0,13.82,USD
6613,2041,2025-08-30,email,winback,179.84,0.0,179.84,USD
6614,7435,2025-08-30,paid_search,retargeting_search,13.57,0.0,13.57,USD
6615,3942,2025-08-30,organic,organic_direct,174.98,8.75,166.23,USD
6616,4052,2025-08-30,paid_search,retargeting_search,94.96,0.0,94.96,USD
6617,4875,2025-08-30,organic,organic_direct,104.33,10.43,93.9,USD
6618,6940,2025-08-30,paid_social,meta_retarget,145.64,0.0,145.64,USD
6619,6245,2025-08-30,paid_social,tiktok_awareness,95.03,4.75,90.28,USD
6620,2149,2025-08-30,paid_search,retargeting_search,41.97,6.3,35.67,USD
6621,7669,2025-08-30,paid_social,meta_retarget,150.55,15.06,135.49,USD
6622,1706,2025-08-30,paid_search,brand_search_q4,202.1,0.0,202.1,USD
6623,2786,2025-08-30,paid_social,meta_prospecting,185.54,9.28,176.26,USD
6624,5091,2025-08-30,email,newsletter_weekly,276.9,27.69,249.21,USD
6625,5782,2025-08-30,affiliate,coupon_site,175.47,17.55,157.92,USD
6626,6696,2025-08-30,paid_social,meta_prospecting,28.84,0.0,28.84,USD
6627,192,2025-08-30,organic,organic_direct,160.17,24.03,136.14,USD
6628,776,2025-08-30,email,winback,197.31,19.73,177.58,USD
6629,7181,2025-08-30,affiliate,partner_blog,159.14,0.0,159.14,USD
6630,116,2025-08-30,paid_social,tiktok_awareness,112.2,5.61,106.59,USD
6631,6802,2025-08-30,paid_search,retargeting_search,139.48,0.0,139.48,USD
6632,1653,2025-08-30,email,cart_abandon,110.03,11.0,99.03,USD
6633,2930,2025-08-30,affiliate,coupon_site,118.6,0.0,118.6,USD
6634,2063,2025-08-30,paid_social,meta_prospecting,39.55,5.93,33.62,USD
6635,5742,2025-08-31,paid_search,brand_search_q4,250.98,0.0,250.98,USD
6636,5365,2025-08-31,affiliate,partner_blog,254.52,0.0,254.52,USD
6637,7987,2025-08-31,paid_search,retargeting_search,27.1,2.71,24.39,USD
6638,5105,2025-08-31,email,cart_abandon,29.35,0.0,29.35,USD
6639,4540,2025-08-31,paid_social,meta_prospecting,122.18,18.33,103.85,USD
6640,3806,2025-08-31,organic,organic_direct,219.0,21.9,197.1,USD
6641,1635,2025-08-31,email,winback,97.78,0.0,97.78,USD
6642,2931,2025-08-31,organic,organic_direct,132.36,19.85,112.51,USD
6643,5809,2025-08-31,paid_search,brand_search_q4,134.83,20.22,114.61,USD
6644,4918,2025-08-31,organic,organic_direct,23.02,1.15,21.87,USD
6645,7470,2025-08-31,organic,organic_direct,158.83,7.94,150.89,USD
6646,4187,2025-08-31,organic,organic_direct,122.8,12.28,110.52,USD
6647,4344,2025-08-31,organic,organic_direct,227.77,0.0,227.77,USD
6648,3067,2025-08-31,organic,organic_direct,166.26,8.31,157.95,USD
6649,6592,2025-08-31,organic,organic_direct,143.82,0.0,143.82,USD
6650,7642,2025-08-31,email,newsletter_weekly,159.26,0.0,159.26,USD
6651,495,2025-08-31,organic,organic_direct,121.73,18.26,103.47,USD
6652,7726,2025-08-31,paid_search,retargeting_search,162.04,0.0,162.04,USD
6653,2570,2025-08-31,affiliate,partner_blog,145.19,14.52,130.67,USD
6654,4287,2025-08-31,paid_search,generic_shoes,145.84,0.0,145.84,USD
6655,131,2025-08-31,organic,organic_direct,255.52,0.0,255.52,USD
6656,7684,2025-08-31,affiliate,partner_blog,179.8,26.97,152.83,USD
6657,7458,2025-08-31,paid_search,generic_shoes,139.6,6.98,132.62,USD
6658,2745,2025-08-31,paid_search,retargeting_search,28.05,0.0,28.05,USD
6659,121,2025-08-31,paid_search,brand_search_q4,44.69,2.23,42.46,USD
6660,853,2025-08-31,paid_search,brand_search_q4,95.3,0.0,95.3,USD
6661,546,2025-08-31,email,cart_abandon,90.2,0.0,90.2,USD
6662,3274,2025-08-31,paid_search,brand_search_q4,15.96,2.39,13.57,USD
6663,1001,2025-08-31,paid_social,meta_prospecting,95.03,0.0,95.03,USD
6664,5104,2025-08-31,paid_search,generic_shoes,120.81,0.0,120.81,USD
6665,4558,2025-08-31,affiliate,coupon_site,177.93,0.0,177.93,USD
6666,2664,2025-08-31,paid_search,generic_shoes,83.34,4.17,79.17,USD
6667,6298,2025-08-31,paid_search,brand_search_q4,185.83,27.87,157.96,USD
6668,7279,2025-08-31,organic,organic_direct,182.75,0.0,182.75,USD
6669,1628,2025-08-31,organic,organic_direct,83.72,0.0,83.72,USD
6670,6679,2025-08-31,paid_social,meta_retarget,251.23,37.68,213.55,USD
6671,2309,2025-08-31,email,cart_abandon,45.35,0.0,45.35,USD
6672,7939,2025-08-31,paid_social,meta_prospecting,141.86,21.28,120.58,USD
6673,313,2025-08-31,paid_social,meta_retarget,99.64,4.98,94.66,USD
6674,4825,2025-08-31,organic,organic_direct,145.53,7.28,138.25,USD
6675,2676,2025-08-31,paid_social,meta_prospecting,194.17,0.0,194.17,USD
6676,4473,2025-08-31,organic,organic_direct,231.63,34.74,196.89,USD
6677,4553,2025-08-31,paid_search,brand_search_q4,18.5,1.85,16.65,USD
6678,4371,2025-08-31,organic,organic_direct,162.94,24.44,138.5,USD
6679,5552,2025-08-31,paid_search,generic_shoes,16.47,1.65,14.82,USD
6680,4695,2025-08-31,paid_search,brand_search_q4,57.4,8.61,48.79,USD
6681,3180,2025-08-31,organic,organic_direct,138.68,0.0,138.68,USD
6682,4685,2025-08-31,organic,organic_direct,186.65,0.0,186.65,USD
6683,7486,2025-08-31,organic,organic_direct,79.11,7.91,71.2,USD
6684,188,2025-08-31,email,cart_abandon,213.57,0.0,213.57,USD
6685,5685,2025-08-31,affiliate,coupon_site,132.65,0.0,132.65,USD
6686,6325,2025-08-31,organic,organic_direct,80.55,0.0,80.55,USD
6687,1,2025-08-31,organic,organic_direct,224.68,0.0,224.68,USD
6688,1016,2025-08-31,paid_search,generic_shoes,104.31,15.65,88.66,USD
6689,1933,2025-08-31,email,newsletter_weekly,41.17,0.0,41.17,USD
6690,3552,2025-08-31,organic,organic_direct,18.46,0.0,18.46,USD
6691,2592,2025-08-31,organic,organic_direct,184.03,0.0,184.03,USD
6692,5924,2025-08-31,paid_social,tiktok_awareness,62.9,6.29,56.61,USD
6693,87,2025-08-31,affiliate,coupon_site,80.86,0.0,80.86,USD
6694,1476,2025-08-31,paid_search,generic_shoes,83.47,0.0,83.47,USD
6695,2567,2025-08-31,paid_social,tiktok_awareness,291.02,29.1,261.92,USD
6696,2698,2025-08-31,paid_search,brand_search_q4,41.34,0.0,41.34,USD
6697,1854,2025-08-31,organic,organic_direct,225.5,22.55,202.95,USD
6698,5958,2025-08-31,organic,organic_direct,188.22,28.23,159.99,USD
6699,1549,2025-08-31,paid_social,meta_retarget,278.02,0.0,278.02,USD
6700,3268,2025-08-31,paid_social,tiktok_awareness,226.78,0.0,226.78,USD
6701,6140,2025-08-31,paid_search,retargeting_search,72.9,3.65,69.25,USD
6702,1030,2025-08-31,paid_social,tiktok_awareness,96.1,0.0,96.1,USD
6703,3322,2025-08-31,paid_search,generic_shoes,265.98,39.9,226.08,USD
6704,7768,2025-08-31,organic,organic_direct,141.66,21.25,120.41,USD
6705,1212,2025-08-31,paid_social,tiktok_awareness,60.03,0.0,60.03,USD
6706,1114,2025-08-31,paid_social,meta_prospecting,90.24,0.0,90.24,USD
6707,2312,2025-08-31,paid_social,meta_prospecting,56.38,0.0,56.38,USD
6708,4478,2025-08-31,paid_search,generic_shoes,87.6,8.76,78.84,USD
6709,76,2025-09-01,email,cart_abandon,245.85,0.0,245.85,USD
6710,4999,2025-09-01,paid_search,generic_shoes,230.18,34.53,195.65,USD
6711,3986,2025-09-01,organic,organic_direct,130.3,0.0,130.3,USD
6712,3990,2025-09-01,organic,organic_direct,97.3,0.0,97.3,USD
6713,6537,2025-09-01,organic,organic_direct,232.97,0.0,232.97,USD
6714,2552,2025-09-01,organic,organic_direct,203.04,0.0,203.04,USD
6715,1110,2025-09-01,email,winback,28.56,2.86,25.7,USD
6716,7476,2025-09-01,affiliate,partner_blog,143.98,0.0,143.98,USD
6717,1006,2025-09-01,paid_social,meta_retarget,162.38,0.0,162.38,USD
6718,2237,2025-09-01,affiliate,partner_blog,210.6,0.0,210.6,USD
6719,1376,2025-09-01,organic,organic_direct,72.23,0.0,72.23,USD
6720,6291,2025-09-01,paid_social,meta_retarget,48.78,2.44,46.34,USD
6721,2768,2025-09-01,paid_social,tiktok_awareness,156.23,0.0,156.23,USD
6722,7817,2025-09-01,email,cart_abandon,103.59,0.0,103.59,USD
6723,4895,2025-09-01,organic,organic_direct,209.76,20.98,188.78,USD
6724,3836,2025-09-01,paid_search,retargeting_search,255.27,38.29,216.98,USD
6725,1828,2025-09-01,paid_search,generic_shoes,135.01,0.0,135.01,USD
6726,3963,2025-09-01,email,cart_abandon,91.24,9.12,82.12,USD
6727,7735,2025-09-01,paid_social,meta_prospecting,156.01,0.0,156.01,USD
6728,4945,2025-09-01,affiliate,coupon_site,185.12,0.0,185.12,USD
6729,6519,2025-09-01,affiliate,partner_blog,92.58,0.0,92.58,USD
6730,5953,2025-09-01,paid_social,meta_prospecting,182.89,0.0,182.89,USD
6731,1359,2025-09-01,paid_search,generic_shoes,287.29,28.73,258.56,USD
6732,2036,2025-09-01,email,winback,66.54,0.0,66.54,USD
6733,436,2025-09-01,organic,organic_direct,271.5,0.0,271.5,USD
6734,4663,2025-09-01,paid_search,generic_shoes,237.86,0.0,237.86,USD
6735,5621,2025-09-01,paid_social,meta_prospecting,226.0,11.3,214.7,USD
6736,5760,2025-09-01,paid_social,meta_prospecting,194.85,0.0,194.85,USD
6737,6088,2025-09-01,paid_search,retargeting_search,109.57,16.44,93.13,USD
6738,1222,2025-09-01,paid_search,generic_shoes,250.98,0.0,250.98,USD
6739,3311,2025-09-01,paid_social,meta_prospecting,42.31,0.0,42.31,USD
6740,1717,2025-09-01,paid_social,meta_prospecting,306.46,30.65,275.81,USD
6741,2307,2025-09-01,paid_search,retargeting_search,150.01,22.5,127.51,USD
6742,3396,2025-09-01,organic,organic_direct,91.6,0.0,91.6,USD
6743,4199,2025-09-01,paid_social,meta_retarget,196.04,9.8,186.24,USD
6744,1461,2025-09-01,paid_social,tiktok_awareness,107.15,0.0,107.15,USD
6745,1290,2025-09-01,paid_social,meta_retarget,123.13,0.0,123.13,USD
6746,335,2025-09-01,paid_search,brand_search_q4,118.37,0.0,118.37,USD
6747,3086,2025-09-01,organic,organic_direct,150.91,22.64,128.27,USD
6748,5331,2025-09-01,paid_search,generic_shoes,71.91,0.0,71.91,USD
6749,945,2025-09-01,paid_search,retargeting_search,51.06,7.66,43.4,USD
6750,607,2025-09-01,paid_search,brand_search_q4,244.85,12.24,232.61,USD
6751,6189,2025-09-01,paid_social,tiktok_awareness,160.2,8.01,152.19,USD
6752,2106,2025-09-01,organic,organic_direct,42.88,2.14,40.74,USD
6753,7045,2025-09-01,paid_search,brand_search_q4,238.35,0.0,238.35,USD
6754,3652,2025-09-01,affiliate,partner_blog,179.86,8.99,170.87,USD
6755,5873,2025-09-01,paid_search,brand_search_q4,159.51,0.0,159.51,USD
6756,6313,2025-09-01,email,cart_abandon,35.99,0.0,35.99,USD
6757,4828,2025-09-01,organic,organic_direct,130.54,13.05,117.49,USD
6758,2888,2025-09-01,organic,organic_direct,240.55,0.0,240.55,USD
6759,3321,2025-09-01,paid_search,brand_search_q4,51.6,0.0,51.6,USD
6760,1847,2025-09-01,paid_search,retargeting_search,65.34,6.53,58.81,USD
6761,5907,2025-09-01,paid_social,meta_prospecting,258.11,0.0,258.11,USD
6762,7388,2025-09-01,paid_search,brand_search_q4,118.06,11.81,106.25,USD
6763,1322,2025-09-01,organic,organic_direct,39.51,1.98,37.53,USD
6764,110,2025-09-01,email,winback,264.72,39.71,225.01,USD
6765,5259,2025-09-01,organic,organic_direct,184.3,18.43,165.87,USD
6766,7289,2025-09-01,affiliate,coupon_site,252.03,37.8,214.23,USD
6767,6572,2025-09-01,affiliate,partner_blog,198.13,0.0,198.13,USD
6768,5943,2025-09-01,organic,organic_direct,260.72,26.07,234.65,USD
6769,7071,2025-09-01,paid_search,brand_search_q4,243.11,12.16,230.95,USD
6770,6776,2025-09-01,paid_search,retargeting_search,230.41,23.04,207.37,USD
6771,1598,2025-09-01,paid_search,brand_search_q4,201.41,0.0,201.41,USD
6772,3692,2025-09-01,organic,organic_direct,156.57,23.49,133.08,USD
6773,2717,2025-09-01,organic,organic_direct,91.22,9.12,82.1,USD
6774,915,2025-09-01,organic,organic_direct,234.26,0.0,234.26,USD
6775,7757,2025-09-01,paid_search,brand_search_q4,118.79,0.0,118.79,USD
6776,1208,2025-09-01,affiliate,coupon_site,220.06,33.01,187.05,USD
6777,5812,2025-09-01,email,newsletter_weekly,96.25,9.62,86.63,USD
6778,848,2025-09-01,paid_social,meta_retarget,177.2,0.0,177.2,USD
6779,410,2025-09-01,organic,organic_direct,233.68,35.05,198.63,USD
6780,5244,2025-09-01,paid_search,retargeting_search,155.73,0.0,155.73,USD
6781,7790,2025-09-01,organic,organic_direct,24.07,2.41,21.66,USD
6782,419,2025-09-01,paid_social,tiktok_awareness,188.85,9.44,179.41,USD
6783,1752,2025-09-01,paid_search,generic_shoes,156.52,0.0,156.52,USD
6784,3259,2025-09-01,organic,organic_direct,153.16,15.32,137.84,USD
6785,2127,2025-09-01,paid_social,meta_retarget,161.13,0.0,161.13,USD
6786,7880,2025-09-01,paid_search,generic_shoes,27.79,4.17,23.62,USD
6787,5032,2025-09-01,paid_social,meta_prospecting,24.88,0.0,24.88,USD
6788,1198,2025-09-01,paid_social,meta_retarget,146.17,14.62,131.55,USD
6789,5138,2025-09-01,email,winback,140.25,0.0,140.25,USD
6790,4228,2025-09-01,organic,organic_direct,211.78,0.0,211.78,USD
6791,7208,2025-09-01,paid_search,retargeting_search,135.25,0.0,135.25,USD
6792,6218,2025-09-01,paid_social,meta_retarget,76.6,3.83,72.77,USD
6793,1241,2025-09-01,paid_search,generic_shoes,179.02,8.95,170.07,USD
6794,5049,2025-09-01,organic,organic_direct,137.57,20.64,116.93,USD
6795,6063,2025-09-01,paid_social,meta_retarget,19.35,0.0,19.35,USD
6796,4804,2025-09-01,affiliate,partner_blog,61.76,0.0,61.76,USD
6797,590,2025-09-01,paid_search,brand_search_q4,127.36,0.0,127.36,USD
6798,3338,2025-09-01,email,cart_abandon,84.1,0.0,84.1,USD
6799,2452,2025-09-01,organic,organic_direct,163.56,8.18,155.38,USD
6800,6010,2025-09-01,organic,organic_direct,231.76,23.18,208.58,USD
6801,4830,2025-09-01,paid_search,retargeting_search,80.6,8.06,72.54,USD
6802,3183,2025-09-01,paid_search,brand_search_q4,131.19,19.68,111.51,USD
6803,5477,2025-09-01,paid_social,meta_prospecting,193.41,19.34,174.07,USD
6804,1411,2025-09-01,paid_search,generic_shoes,68.42,0.0,68.42,USD
6805,486,2025-09-01,organic,organic_direct,255.7,0.0,255.7,USD
6806,4089,2025-09-01,paid_search,retargeting_search,191.31,19.13,172.18,USD
6807,4749,2025-09-01,paid_search,generic_shoes,26.45,0.0,26.45,USD
6808,4063,2025-09-01,paid_search,brand_search_q4,21.63,2.16,19.47,USD
6809,4596,2025-09-02,paid_social,meta_prospecting,215.34,21.53,193.81,USD
6810,7269,2025-09-02,paid_social,tiktok_awareness,226.18,22.62,203.56,USD
6811,2949,2025-09-02,paid_social,meta_retarget,200.64,10.03,190.61,USD
6812,6675,2025-09-02,organic,organic_direct,27.99,0.0,27.99,USD
6813,88,2025-09-02,email,cart_abandon,102.17,15.33,86.84,USD
6814,4401,2025-09-02,paid_social,tiktok_awareness,234.01,35.1,198.91,USD
6815,10,2025-09-02,affiliate,coupon_site,156.26,15.63,140.63,USD
6816,960,2025-09-02,paid_search,generic_shoes,21.93,2.19,19.74,USD
6817,2075,2025-09-02,affiliate,partner_blog,92.6,0.0,92.6,USD
6818,5565,2025-09-02,organic,organic_direct,62.87,0.0,62.87,USD
6819,1249,2025-09-02,organic,organic_direct,180.53,0.0,180.53,USD
6820,2553,2025-09-02,email,cart_abandon,72.35,0.0,72.35,USD
6821,4434,2025-09-02,paid_search,generic_shoes,214.5,21.45,193.05,USD
6822,4331,2025-09-02,email,winback,18.84,0.0,18.84,USD
6823,350,2025-09-02,affiliate,coupon_site,241.26,0.0,241.26,USD
6824,4727,2025-09-02,organic,organic_direct,161.02,16.1,144.92,USD
6825,7206,2025-09-02,paid_search,retargeting_search,114.64,0.0,114.64,USD
6826,1396,2025-09-02,paid_search,brand_search_q4,109.13,0.0,109.13,USD
6827,4114,2025-09-02,paid_search,generic_shoes,254.85,0.0,254.85,USD
6828,7536,2025-09-02,affiliate,coupon_site,80.09,12.01,68.08,USD
6829,7071,2025-09-02,email,cart_abandon,245.97,0.0,245.97,USD
6830,1240,2025-09-02,organic,organic_direct,135.37,13.54,121.83,USD
6831,1234,2025-09-02,paid_search,generic_shoes,241.02,0.0,241.02,USD
6832,7348,2025-09-02,paid_search,retargeting_search,264.57,0.0,264.57,USD
6833,893,2025-09-02,organic,organic_direct,76.69,7.67,69.02,USD
6834,2263,2025-09-02,paid_social,meta_retarget,273.83,41.07,232.76,USD
6835,7003,2025-09-02,organic,organic_direct,72.37,10.86,61.51,USD
6836,5198,2025-09-02,email,newsletter_weekly,225.29,11.26,214.03,USD
6837,294,2025-09-02,organic,organic_direct,214.48,32.17,182.31,USD
6838,5352,2025-09-02,paid_search,brand_search_q4,73.59,3.68,69.91,USD
6839,2617,2025-09-02,paid_social,tiktok_awareness,96.07,0.0,96.07,USD
6840,3177,2025-09-02,paid_social,meta_prospecting,33.36,0.0,33.36,USD
6841,4421,2025-09-02,paid_search,retargeting_search,163.21,24.48,138.73,USD
6842,6749,2025-09-02,organic,organic_direct,26.48,3.97,22.51,USD
6843,6752,2025-09-02,affiliate,partner_blog,261.13,0.0,261.13,USD
6844,4808,2025-09-02,organic,organic_direct,104.04,0.0,104.04,USD
6845,7029,2025-09-02,email,newsletter_weekly,49.38,4.94,44.44,USD
6846,7657,2025-09-02,paid_social,tiktok_awareness,145.4,14.54,130.86,USD
6847,74,2025-09-02,affiliate,partner_blog,214.06,32.11,181.95,USD
6848,1947,2025-09-02,email,cart_abandon,197.11,9.86,187.25,USD
6849,1476,2025-09-02,paid_search,retargeting_search,269.88,40.48,229.4,USD
6850,2991,2025-09-02,paid_search,generic_shoes,170.66,25.6,145.06,USD
6851,3738,2025-09-02,organic,organic_direct,87.18,13.08,74.1,USD
6852,6551,2025-09-02,organic,organic_direct,157.37,0.0,157.37,USD
6853,4936,2025-09-02,paid_social,meta_retarget,232.71,11.64,221.07,USD
6854,4277,2025-09-02,paid_social,tiktok_awareness,72.08,3.6,68.48,USD
6855,17,2025-09-02,affiliate,coupon_site,65.53,0.0,65.53,USD
6856,2071,2025-09-02,paid_search,retargeting_search,176.31,17.63,158.68,USD
6857,3963,2025-09-02,email,winback,155.31,0.0,155.31,USD
6858,5945,2025-09-02,paid_search,brand_search_q4,98.62,0.0,98.62,USD
6859,4515,2025-09-02,paid_social,meta_retarget,129.68,0.0,129.68,USD
6860,1811,2025-09-02,paid_search,generic_shoes,52.27,0.0,52.27,USD
6861,3583,2025-09-02,paid_search,brand_search_q4,239.14,0.0,239.14,USD
6862,6490,2025-09-02,affiliate,coupon_site,117.0,11.7,105.3,USD
6863,156,2025-09-02,paid_search,brand_search_q4,152.96,0.0,152.96,USD
6864,5719,2025-09-02,paid_social,meta_retarget,182.67,0.0,182.67,USD
6865,5884,2025-09-02,paid_search,brand_search_q4,170.7,0.0,170.7,USD
6866,3273,2025-09-02,paid_social,meta_prospecting,82.35,8.23,74.12,USD
6867,272,2025-09-02,paid_search,brand_search_q4,246.4,12.32,234.08,USD
6868,889,2025-09-02,affiliate,partner_blog,56.03,0.0,56.03,USD
6869,343,2025-09-02,paid_social,tiktok_awareness,170.04,0.0,170.04,USD
6870,3780,2025-09-02,paid_social,tiktok_awareness,128.97,6.45,122.52,USD
6871,6628,2025-09-02,paid_search,retargeting_search,38.36,1.92,36.44,USD
6872,3215,2025-09-02,organic,organic_direct,120.75,6.04,114.71,USD
6873,5926,2025-09-02,affiliate,coupon_site,158.86,0.0,158.86,USD
6874,4717,2025-09-02,paid_social,meta_retarget,232.2,0.0,232.2,USD
6875,6558,2025-09-02,paid_search,generic_shoes,46.49,2.32,44.17,USD
6876,1242,2025-09-02,affiliate,partner_blog,215.14,0.0,215.14,USD
6877,1231,2025-09-02,email,cart_abandon,129.39,6.47,122.92,USD
6878,41,2025-09-02,paid_search,brand_search_q4,175.32,0.0,175.32,USD
6879,5848,2025-09-02,paid_search,brand_search_q4,133.75,0.0,133.75,USD
6880,1380,2025-09-02,paid_social,meta_prospecting,258.96,38.84,220.12,USD
6881,2023,2025-09-02,paid_search,retargeting_search,41.15,2.06,39.09,USD
6882,1574,2025-09-02,paid_search,retargeting_search,274.27,13.71,260.56,USD
6883,2557,2025-09-02,email,cart_abandon,32.6,4.89,27.71,USD
6884,2840,2025-09-02,paid_social,meta_prospecting,140.65,0.0,140.65,USD
6885,3631,2025-09-02,organic,organic_direct,198.11,0.0,198.11,USD
6886,5350,2025-09-02,paid_social,tiktok_awareness,179.38,17.94,161.44,USD
6887,2943,2025-09-02,email,winback,164.84,24.73,140.11,USD
6888,4842,2025-09-02,email,winback,71.82,3.59,68.23,USD
6889,4606,2025-09-02,paid_search,brand_search_q4,269.6,0.0,269.6,USD
6890,3225,2025-09-02,organic,organic_direct,213.79,10.69,203.1,USD
6891,2147,2025-09-02,paid_social,meta_retarget,63.78,6.38,57.4,USD
6892,5557,2025-09-02,paid_search,brand_search_q4,195.71,0.0,195.71,USD
6893,2348,2025-09-02,organic,organic_direct,96.08,14.41,81.67,USD
6894,219,2025-09-02,paid_search,retargeting_search,95.94,0.0,95.94,USD
6895,356,2025-09-02,paid_search,generic_shoes,117.62,0.0,117.62,USD
6896,4023,2025-09-02,email,winback,223.27,11.16,212.11,USD
6897,6680,2025-09-02,paid_search,generic_shoes,160.62,0.0,160.62,USD
6898,3156,2025-09-02,organic,organic_direct,36.91,0.0,36.91,USD
6899,5988,2025-09-02,email,winback,260.93,0.0,260.93,USD
6900,1938,2025-09-02,organic,organic_direct,193.19,0.0,193.19,USD
6901,2916,2025-09-02,paid_search,generic_shoes,73.45,0.0,73.45,USD
6902,611,2025-09-02,paid_social,tiktok_awareness,77.88,11.68,66.2,USD
6903,7026,2025-09-02,organic,organic_direct,130.1,0.0,130.1,USD
6904,2128,2025-09-02,email,winback,55.33,8.3,47.03,USD
6905,3803,2025-09-02,paid_search,brand_search_q4,121.58,18.24,103.34,USD
6906,368,2025-09-02,email,winback,136.95,13.7,123.25,USD
6907,4096,2025-09-02,paid_search,retargeting_search,257.12,0.0,257.12,USD
6908,7485,2025-09-02,paid_social,tiktok_awareness,130.43,19.56,110.87,USD
6909,7453,2025-09-03,paid_search,retargeting_search,103.35,0.0,103.35,USD
6910,1087,2025-09-03,organic,organic_direct,129.18,0.0,129.18,USD
6911,2037,2025-09-03,paid_search,retargeting_search,122.34,6.12,116.22,USD
6912,1889,2025-09-03,organic,organic_direct,195.42,19.54,175.88,USD
6913,5866,2025-09-03,organic,organic_direct,191.4,0.0,191.4,USD
6914,6109,2025-09-03,email,newsletter_weekly,183.9,0.0,183.9,USD
6915,6728,2025-09-03,paid_search,generic_shoes,23.33,0.0,23.33,USD
6916,4535,2025-09-03,paid_social,tiktok_awareness,234.36,11.72,222.64,USD
6917,6833,2025-09-03,paid_search,retargeting_search,13.94,0.0,13.94,USD
6918,4541,2025-09-03,paid_social,meta_retarget,56.58,0.0,56.58,USD
6919,6837,2025-09-03,organic,organic_direct,65.42,0.0,65.42,USD
6920,5483,2025-09-03,paid_social,meta_retarget,105.6,5.28,100.32,USD
6921,4020,2025-09-03,paid_search,generic_shoes,138.22,20.73,117.49,USD
6922,1525,2025-09-03,paid_search,brand_search_q4,253.2,0.0,253.2,USD
6923,6163,2025-09-03,email,winback,25.92,0.0,25.92,USD
6924,7836,2025-09-03,paid_search,retargeting_search,164.7,0.0,164.7,USD
6925,6536,2025-09-03,paid_social,tiktok_awareness,83.71,0.0,83.71,USD
6926,7333,2025-09-03,paid_social,tiktok_awareness,95.01,0.0,95.01,USD
6927,5641,2025-09-03,email,newsletter_weekly,78.01,3.9,74.11,USD
6928,7713,2025-09-03,organic,organic_direct,37.84,0.0,37.84,USD
6929,5200,2025-09-03,paid_social,meta_retarget,64.66,6.47,58.19,USD
6930,587,2025-09-03,paid_search,retargeting_search,57.63,0.0,57.63,USD
6931,4513,2025-09-03,paid_social,meta_prospecting,264.12,0.0,264.12,USD
6932,5596,2025-09-03,paid_social,tiktok_awareness,96.49,0.0,96.49,USD
6933,866,2025-09-03,paid_social,meta_prospecting,153.54,0.0,153.54,USD
6934,1294,2025-09-03,email,newsletter_weekly,183.66,0.0,183.66,USD
6935,2970,2025-09-03,organic,organic_direct,149.87,7.49,142.38,USD
6936,7868,2025-09-03,paid_search,retargeting_search,97.97,0.0,97.97,USD
6937,438,2025-09-03,paid_social,meta_retarget,18.0,0.0,18.0,USD
6938,4050,2025-09-03,paid_search,retargeting_search,242.33,24.23,218.1,USD
6939,5041,2025-09-03,paid_social,meta_prospecting,280.38,0.0,280.38,USD
6940,7640,2025-09-03,organic,organic_direct,98.64,14.8,83.84,USD
6941,1613,2025-09-03,paid_social,meta_prospecting,138.31,0.0,138.31,USD
6942,5377,2025-09-03,paid_search,brand_search_q4,246.08,0.0,246.08,USD
6943,3336,2025-09-03,paid_social,tiktok_awareness,246.15,0.0,246.15,USD
6944,3319,2025-09-03,paid_search,generic_shoes,127.43,0.0,127.43,USD
6945,2004,2025-09-03,organic,organic_direct,47.29,7.09,40.2,USD
6946,5556,2025-09-03,organic,organic_direct,83.24,0.0,83.24,USD
6947,6467,2025-09-03,affiliate,coupon_site,222.45,0.0,222.45,USD
6948,3245,2025-09-03,organic,organic_direct,178.52,0.0,178.52,USD
6949,3748,2025-09-03,affiliate,coupon_site,270.85,0.0,270.85,USD
6950,3569,2025-09-03,paid_search,brand_search_q4,79.19,3.96,75.23,USD
6951,7669,2025-09-03,paid_search,brand_search_q4,207.57,31.14,176.43,USD
6952,5105,2025-09-03,paid_search,retargeting_search,130.75,0.0,130.75,USD
6953,262,2025-09-03,email,winback,201.17,10.06,191.11,USD
6954,4687,2025-09-03,organic,organic_direct,125.33,6.27,119.06,USD
6955,7428,2025-09-03,organic,organic_direct,46.56,0.0,46.56,USD
6956,6880,2025-09-03,organic,organic_direct,174.36,17.44,156.92,USD
6957,1430,2025-09-03,paid_search,generic_shoes,257.38,0.0,257.38,USD
6958,1068,2025-09-03,paid_social,meta_prospecting,113.33,0.0,113.33,USD
6959,5372,2025-09-03,paid_search,generic_shoes,218.21,10.91,207.3,USD
6960,7814,2025-09-03,paid_social,tiktok_awareness,246.07,0.0,246.07,USD
6961,3316,2025-09-03,organic,organic_direct,254.16,0.0,254.16,USD
6962,2058,2025-09-03,organic,organic_direct,269.55,26.96,242.59,USD
6963,7859,2025-09-03,paid_social,tiktok_awareness,263.97,0.0,263.97,USD
6964,3475,2025-09-03,paid_search,retargeting_search,279.97,0.0,279.97,USD
6965,3503,2025-09-03,organic,organic_direct,241.7,12.09,229.61,USD
6966,4157,2025-09-03,paid_search,retargeting_search,119.92,17.99,101.93,USD
6967,4965,2025-09-03,email,winback,36.68,3.67,33.01,USD
6968,5029,2025-09-03,paid_social,meta_prospecting,225.25,22.53,202.72,USD
6969,985,2025-09-03,affiliate,partner_blog,248.16,0.0,248.16,USD
6970,2292,2025-09-03,paid_search,retargeting_search,199.54,19.95,179.59,USD
6971,6035,2025-09-03,paid_search,generic_shoes,107.99,5.4,102.59,USD
6972,5221,2025-09-03,email,cart_abandon,125.18,12.52,112.66,USD
6973,4311,2025-09-03,organic,organic_direct,37.06,0.0,37.06,USD
6974,1240,2025-09-03,email,cart_abandon,190.91,19.09,171.82,USD
6975,1002,2025-09-03,organic,organic_direct,37.87,0.0,37.87,USD
6976,6860,2025-09-03,paid_social,meta_prospecting,255.55,12.78,242.77,USD
6977,3256,2025-09-03,organic,organic_direct,115.52,17.33,98.19,USD
6978,2404,2025-09-03,organic,organic_direct,221.72,22.17,199.55,USD
6979,7554,2025-09-03,paid_search,brand_search_q4,58.4,0.0,58.4,USD
6980,6744,2025-09-03,email,cart_abandon,113.74,11.37,102.37,USD
6981,918,2025-09-03,email,winback,66.87,0.0,66.87,USD
6982,5018,2025-09-03,organic,organic_direct,35.32,5.3,30.02,USD
6983,4561,2025-09-03,paid_social,tiktok_awareness,278.41,0.0,278.41,USD
6984,1370,2025-09-03,organic,organic_direct,252.06,0.0,252.06,USD
6985,5858,2025-09-03,paid_social,meta_retarget,181.31,0.0,181.31,USD
6986,7622,2025-09-03,paid_search,generic_shoes,179.27,0.0,179.27,USD
6987,472,2025-09-03,affiliate,partner_blog,38.38,0.0,38.38,USD
6988,3347,2025-09-03,organic,organic_direct,82.38,8.24,74.14,USD
6989,3373,2025-09-03,paid_social,meta_retarget,29.62,1.48,28.14,USD
6990,7415,2025-09-03,paid_search,retargeting_search,66.41,0.0,66.41,USD
6991,6754,2025-09-03,organic,organic_direct,223.87,33.58,190.29,USD
6992,7262,2025-09-03,affiliate,coupon_site,203.4,0.0,203.4,USD
6993,951,2025-09-03,organic,organic_direct,179.37,17.94,161.43,USD
6994,6166,2025-09-03,organic,organic_direct,94.81,0.0,94.81,USD
6995,7791,2025-09-03,paid_search,retargeting_search,216.07,0.0,216.07,USD
6996,3870,2025-09-03,email,winback,20.14,3.02,17.12,USD
6997,3455,2025-09-03,email,winback,215.86,10.79,205.07,USD
6998,1156,2025-09-03,paid_social,meta_retarget,26.66,0.0,26.66,USD
6999,7504,2025-09-03,organic,organic_direct,228.63,0.0,228.63,USD
7000,6976,2025-09-03,organic,organic_direct,191.47,19.15,172.32,USD
7001,2960,2025-09-03,organic,organic_direct,104.7,15.71,88.99,USD
7002,2106,2025-09-03,paid_social,meta_retarget,99.51,4.98,94.53,USD
7003,4249,2025-09-03,paid_search,generic_shoes,205.32,20.53,184.79,USD
7004,572,2025-09-03,email,cart_abandon,207.51,0.0,207.51,USD
7005,2987,2025-09-03,paid_social,meta_prospecting,82.38,0.0,82.38,USD
7006,934,2025-09-03,email,newsletter_weekly,160.7,24.1,136.6,USD
7007,3378,2025-09-03,paid_social,meta_prospecting,224.44,0.0,224.44,USD
7008,3438,2025-09-03,paid_social,meta_prospecting,127.37,0.0,127.37,USD
7009,2008,2025-09-03,paid_search,retargeting_search,272.91,0.0,272.91,USD
7010,1561,2025-09-03,paid_social,meta_retarget,138.06,20.71,117.35,USD
7011,790,2025-09-03,organic,organic_direct,197.63,9.88,187.75,USD
7012,4354,2025-09-03,organic,organic_direct,18.12,0.0,18.12,USD
7013,7379,2025-09-03,paid_social,meta_prospecting,154.22,15.42,138.8,USD
7014,2988,2025-09-04,organic,organic_direct,281.48,0.0,281.48,USD
7015,1998,2025-09-04,email,cart_abandon,190.06,19.01,171.05,USD
7016,5726,2025-09-04,paid_search,generic_shoes,279.6,0.0,279.6,USD
7017,472,2025-09-04,email,cart_abandon,77.51,0.0,77.51,USD
7018,7019,2025-09-04,paid_social,tiktok_awareness,102.2,10.22,91.98,USD
7019,2476,2025-09-04,affiliate,coupon_site,83.49,12.52,70.97,USD
7020,6705,2025-09-04,organic,organic_direct,244.94,24.49,220.45,USD
7021,1131,2025-09-04,organic,organic_direct,149.41,0.0,149.41,USD
7022,2947,2025-09-04,paid_social,meta_retarget,275.51,0.0,275.51,USD
7023,309,2025-09-04,affiliate,coupon_site,213.23,0.0,213.23,USD
7024,5879,2025-09-04,paid_search,brand_search_q4,237.25,0.0,237.25,USD
7025,3488,2025-09-04,paid_search,retargeting_search,214.31,0.0,214.31,USD
7026,4799,2025-09-04,organic,organic_direct,207.01,10.35,196.66,USD
7027,1464,2025-09-04,paid_social,meta_prospecting,86.29,0.0,86.29,USD
7028,3294,2025-09-04,organic,organic_direct,96.71,9.67,87.04,USD
7029,5866,2025-09-04,paid_search,generic_shoes,213.76,10.69,203.07,USD
7030,5709,2025-09-04,organic,organic_direct,232.56,0.0,232.56,USD
7031,1419,2025-09-04,paid_social,meta_retarget,65.07,9.76,55.31,USD
7032,1778,2025-09-04,organic,organic_direct,94.17,14.13,80.04,USD
7033,1569,2025-09-04,organic,organic_direct,127.27,6.36,120.91,USD
7034,7575,2025-09-04,paid_search,brand_search_q4,208.04,0.0,208.04,USD
7035,3444,2025-09-04,organic,organic_direct,89.99,0.0,89.99,USD
7036,7883,2025-09-04,paid_social,tiktok_awareness,198.13,9.91,188.22,USD
7037,1941,2025-09-04,email,winback,173.68,17.37,156.31,USD
7038,602,2025-09-04,paid_search,retargeting_search,187.62,28.14,159.48,USD
7039,4369,2025-09-04,organic,organic_direct,27.01,0.0,27.01,USD
7040,6782,2025-09-04,organic,organic_direct,247.46,0.0,247.46,USD
7041,1538,2025-09-04,paid_social,meta_prospecting,247.52,12.38,235.14,USD
7042,345,2025-09-04,organic,organic_direct,265.64,39.85,225.79,USD
7043,1055,2025-09-04,paid_search,brand_search_q4,82.37,8.24,74.13,USD
7044,1624,2025-09-04,organic,organic_direct,277.63,0.0,277.63,USD
7045,7144,2025-09-04,affiliate,partner_blog,116.34,0.0,116.34,USD
7046,7848,2025-09-04,paid_search,brand_search_q4,186.93,0.0,186.93,USD
7047,7000,2025-09-04,paid_search,retargeting_search,74.39,3.72,70.67,USD
7048,463,2025-09-04,affiliate,coupon_site,88.73,13.31,75.42,USD
7049,15,2025-09-04,paid_search,brand_search_q4,104.51,15.68,88.83,USD
7050,357,2025-09-04,email,newsletter_weekly,238.04,23.8,214.24,USD
7051,1527,2025-09-04,email,newsletter_weekly,104.65,5.23,99.42,USD
7052,2752,2025-09-04,affiliate,coupon_site,142.24,0.0,142.24,USD
7053,2400,2025-09-04,paid_search,retargeting_search,125.58,12.56,113.02,USD
7054,120,2025-09-04,organic,organic_direct,78.27,11.74,66.53,USD
7055,6899,2025-09-04,paid_social,meta_prospecting,120.93,18.14,102.79,USD
7056,4007,2025-09-04,paid_social,tiktok_awareness,39.58,0.0,39.58,USD
7057,1806,2025-09-04,affiliate,coupon_site,204.17,0.0,204.17,USD
7058,2151,2025-09-04,affiliate,coupon_site,24.83,0.0,24.83,USD
7059,1438,2025-09-04,paid_search,brand_search_q4,221.58,22.16,199.42,USD
7060,1557,2025-09-04,paid_social,meta_prospecting,69.74,3.49,66.25,USD
7061,264,2025-09-04,paid_social,meta_retarget,154.71,0.0,154.71,USD
7062,2427,2025-09-04,paid_search,generic_shoes,223.38,0.0,223.38,USD
7063,5520,2025-09-04,affiliate,coupon_site,50.85,0.0,50.85,USD
7064,6025,2025-09-04,paid_search,retargeting_search,113.44,0.0,113.44,USD
7065,1575,2025-09-04,paid_search,brand_search_q4,140.86,0.0,140.86,USD
7066,2715,2025-09-04,paid_search,retargeting_search,132.22,19.83,112.39,USD
7067,6576,2025-09-04,paid_social,meta_retarget,111.19,16.68,94.51,USD
7068,1600,2025-09-04,organic,organic_direct,118.13,5.91,112.22,USD
7069,6514,2025-09-04,affiliate,coupon_site,81.17,4.06,77.11,USD
7070,1069,2025-09-04,paid_search,brand_search_q4,181.92,9.1,172.82,USD
7071,1086,2025-09-04,paid_search,retargeting_search,258.34,12.92,245.42,USD
7072,2478,2025-09-04,paid_search,brand_search_q4,290.94,0.0,290.94,USD
7073,5502,2025-09-04,paid_social,tiktok_awareness,116.3,5.82,110.48,USD
7074,2843,2025-09-04,email,newsletter_weekly,236.37,23.64,212.73,USD
7075,2099,2025-09-04,paid_social,tiktok_awareness,145.21,0.0,145.21,USD
7076,2489,2025-09-04,paid_social,tiktok_awareness,52.16,0.0,52.16,USD
7077,7642,2025-09-04,paid_search,brand_search_q4,269.58,26.96,242.62,USD
7078,1273,2025-09-04,organic,organic_direct,234.82,11.74,223.08,USD
7079,6320,2025-09-04,email,cart_abandon,226.4,0.0,226.4,USD
7080,1453,2025-09-04,paid_search,generic_shoes,37.85,5.68,32.17,USD
7081,5303,2025-09-04,paid_social,meta_retarget,120.24,0.0,120.24,USD
7082,6252,2025-09-04,organic,organic_direct,221.79,11.09,210.7,USD
7083,74,2025-09-04,organic,organic_direct,165.9,0.0,165.9,USD
7084,2549,2025-09-04,paid_search,brand_search_q4,230.36,23.04,207.32,USD
7085,6459,2025-09-05,paid_social,tiktok_awareness,117.58,0.0,117.58,USD
7086,6265,2025-09-05,paid_search,generic_shoes,245.17,24.52,220.65,USD
7087,5207,2025-09-05,paid_search,generic_shoes,233.87,35.08,198.79,USD
7088,396,2025-09-05,organic,organic_direct,212.59,0.0,212.59,USD
7089,514,2025-09-05,paid_social,meta_prospecting,41.27,2.06,39.21,USD
7090,5359,2025-09-05,organic,organic_direct,245.45,0.0,245.45,USD
7091,5857,2025-09-05,paid_search,retargeting_search,81.81,0.0,81.81,USD
7092,6593,2025-09-05,paid_search,generic_shoes,46.82,0.0,46.82,USD
7093,4616,2025-09-05,paid_social,tiktok_awareness,43.42,0.0,43.42,USD
7094,283,2025-09-05,paid_social,meta_prospecting,67.09,0.0,67.09,USD
7095,947,2025-09-05,paid_social,meta_retarget,29.05,0.0,29.05,USD
7096,7308,2025-09-05,paid_social,tiktok_awareness,144.69,14.47,130.22,USD
7097,3893,2025-09-05,affiliate,partner_blog,130.74,0.0,130.74,USD
7098,473,2025-09-05,organic,organic_direct,280.19,28.02,252.17,USD
7099,282,2025-09-05,paid_search,retargeting_search,22.18,3.33,18.85,USD
7100,2662,2025-09-05,affiliate,partner_blog,126.53,6.33,120.2,USD
7101,3122,2025-09-05,organic,organic_direct,282.63,0.0,282.63,USD
7102,910,2025-09-05,paid_social,meta_retarget,207.37,10.37,197.0,USD
7103,834,2025-09-05,organic,organic_direct,131.36,0.0,131.36,USD
7104,6222,2025-09-05,paid_search,generic_shoes,168.41,0.0,168.41,USD
7105,665,2025-09-05,affiliate,partner_blog,42.93,2.15,40.78,USD
7106,4479,2025-09-05,email,cart_abandon,271.32,0.0,271.32,USD
7107,3725,2025-09-05,paid_social,meta_retarget,18.24,0.0,18.24,USD
7108,2204,2025-09-05,paid_social,meta_retarget,142.94,7.15,135.79,USD
7109,5751,2025-09-05,organic,organic_direct,217.84,21.78,196.06,USD
7110,6933,2025-09-05,paid_search,brand_search_q4,146.43,21.96,124.47,USD
7111,2881,2025-09-05,paid_social,meta_retarget,64.11,6.41,57.7,USD
7112,124,2025-09-05,organic,organic_direct,192.59,0.0,192.59,USD
7113,2837,2025-09-05,organic,organic_direct,247.5,0.0,247.5,USD
7114,4150,2025-09-05,paid_social,meta_prospecting,89.01,0.0,89.01,USD
7115,49,2025-09-05,paid_search,brand_search_q4,153.17,0.0,153.17,USD
7116,6319,2025-09-05,organic,organic_direct,58.21,0.0,58.21,USD
7117,1403,2025-09-05,email,winback,65.04,9.76,55.28,USD
7118,6519,2025-09-05,paid_search,retargeting_search,190.73,9.54,181.19,USD
7119,1360,2025-09-05,paid_social,meta_retarget,67.64,10.15,57.49,USD
7120,708,2025-09-05,affiliate,coupon_site,205.74,0.0,205.74,USD
7121,6900,2025-09-05,paid_social,meta_prospecting,111.45,16.72,94.73,USD
7122,2750,2025-09-05,paid_search,retargeting_search,94.74,4.74,90.0,USD
7123,6575,2025-09-05,paid_social,meta_prospecting,123.47,18.52,104.95,USD
7124,4548,2025-09-05,email,newsletter_weekly,289.55,0.0,289.55,USD
7125,1714,2025-09-05,organic,organic_direct,80.12,12.02,68.1,USD
7126,7670,2025-09-05,paid_search,brand_search_q4,153.89,0.0,153.89,USD
7127,4133,2025-09-05,paid_search,generic_shoes,185.78,18.58,167.2,USD
7128,3454,2025-09-05,organic,organic_direct,158.22,0.0,158.22,USD
7129,866,2025-09-05,organic,organic_direct,228.39,0.0,228.39,USD
7130,2387,2025-09-05,organic,organic_direct,159.11,15.91,143.2,USD
7131,3981,2025-09-05,paid_social,meta_retarget,107.4,0.0,107.4,USD
7132,407,2025-09-05,organic,organic_direct,91.58,4.58,87.0,USD
7133,5730,2025-09-05,paid_search,brand_search_q4,191.86,0.0,191.86,USD
7134,6395,2025-09-05,organic,organic_direct,275.33,0.0,275.33,USD
7135,7568,2025-09-05,paid_social,meta_prospecting,203.71,20.37,183.34,USD
7136,315,2025-09-05,organic,organic_direct,283.24,0.0,283.24,USD
7137,472,2025-09-05,paid_social,meta_prospecting,233.6,0.0,233.6,USD
7138,7762,2025-09-05,organic,organic_direct,84.87,8.49,76.38,USD
7139,7615,2025-09-05,organic,organic_direct,186.08,0.0,186.08,USD
7140,4479,2025-09-05,paid_search,brand_search_q4,188.51,9.43,179.08,USD
7141,4373,2025-09-05,paid_social,tiktok_awareness,74.58,7.46,67.12,USD
7142,2257,2025-09-05,paid_social,meta_retarget,158.57,0.0,158.57,USD
7143,4976,2025-09-05,email,winback,261.1,39.16,221.94,USD
7144,2630,2025-09-05,paid_social,tiktok_awareness,26.1,1.31,24.79,USD
7145,1602,2025-09-05,paid_search,retargeting_search,233.85,0.0,233.85,USD
7146,3855,2025-09-05,organic,organic_direct,142.72,0.0,142.72,USD
7147,2603,2025-09-05,organic,organic_direct,26.72,2.67,24.05,USD
7148,4826,2025-09-05,affiliate,coupon_site,230.24,0.0,230.24,USD
7149,6655,2025-09-05,paid_social,meta_retarget,64.36,9.65,54.71,USD
7150,5638,2025-09-05,paid_social,tiktok_awareness,150.44,22.57,127.87,USD
7151,4947,2025-09-05,paid_search,brand_search_q4,199.9,0.0,199.9,USD
7152,4154,2025-09-05,organic,organic_direct,198.24,29.74,168.5,USD
7153,6491,2025-09-05,paid_social,meta_prospecting,124.55,0.0,124.55,USD
7154,3104,2025-09-05,affiliate,coupon_site,223.16,22.32,200.84,USD
7155,5383,2025-09-05,paid_search,brand_search_q4,44.33,6.65,37.68,USD
7156,4085,2025-09-05,paid_search,retargeting_search,71.91,0.0,71.91,USD
7157,3140,2025-09-05,paid_search,brand_search_q4,106.85,10.69,96.16,USD
7158,5442,2025-09-05,paid_search,generic_shoes,291.42,14.57,276.85,USD
7159,314,2025-09-05,affiliate,coupon_site,177.14,0.0,177.14,USD
7160,3173,2025-09-05,organic,organic_direct,57.77,0.0,57.77,USD
7161,7193,2025-09-05,affiliate,coupon_site,144.36,0.0,144.36,USD
7162,7184,2025-09-05,organic,organic_direct,22.62,2.26,20.36,USD
7163,7144,2025-09-05,organic,organic_direct,265.62,0.0,265.62,USD
7164,4294,2025-09-05,organic,organic_direct,54.53,0.0,54.53,USD
7165,7404,2025-09-05,paid_search,generic_shoes,167.89,25.18,142.71,USD
7166,3580,2025-09-05,organic,organic_direct,253.75,0.0,253.75,USD
7167,442,2025-09-05,paid_search,brand_search_q4,258.15,12.91,245.24,USD
7168,24,2025-09-05,paid_search,retargeting_search,26.76,4.01,22.75,USD
7169,3395,2025-09-05,paid_social,meta_retarget,62.91,9.44,53.47,USD
7170,7851,2025-09-05,email,newsletter_weekly,106.8,0.0,106.8,USD
7171,5358,2025-09-05,paid_search,generic_shoes,103.8,15.57,88.23,USD
7172,7980,2025-09-05,paid_search,generic_shoes,209.97,21.0,188.97,USD
7173,6210,2025-09-05,organic,organic_direct,56.34,0.0,56.34,USD
7174,6494,2025-09-05,paid_social,meta_retarget,195.82,19.58,176.24,USD
7175,3194,2025-09-05,paid_social,meta_retarget,91.18,0.0,91.18,USD
7176,3218,2025-09-05,paid_social,meta_retarget,85.82,12.87,72.95,USD
7177,6382,2025-09-05,affiliate,partner_blog,45.7,4.57,41.13,USD
7178,7030,2025-09-05,email,winback,184.65,0.0,184.65,USD
7179,7101,2025-09-05,paid_social,meta_retarget,66.5,0.0,66.5,USD
7180,2359,2025-09-05,email,winback,113.75,0.0,113.75,USD
7181,1467,2025-09-05,paid_search,brand_search_q4,270.26,27.03,243.23,USD
7182,4791,2025-09-05,organic,organic_direct,219.81,0.0,219.81,USD
7183,6861,2025-09-05,affiliate,partner_blog,273.27,0.0,273.27,USD
7184,840,2025-09-05,organic,organic_direct,263.66,13.18,250.48,USD
7185,1701,2025-09-05,paid_search,generic_shoes,195.42,19.54,175.88,USD
7186,1026,2025-09-05,email,cart_abandon,237.08,0.0,237.08,USD
7187,3040,2025-09-05,organic,organic_direct,92.84,0.0,92.84,USD
7188,888,2025-09-05,paid_search,generic_shoes,121.22,12.12,109.1,USD
7189,1776,2025-09-05,organic,organic_direct,27.53,4.13,23.4,USD
7190,2334,2025-09-05,paid_search,brand_search_q4,267.5,0.0,267.5,USD
7191,7031,2025-09-06,organic,organic_direct,294.68,0.0,294.68,USD
7192,3171,2025-09-06,organic,organic_direct,55.52,8.33,47.19,USD
7193,1025,2025-09-06,organic,organic_direct,227.62,0.0,227.62,USD
7194,4474,2025-09-06,paid_search,brand_search_q4,265.95,39.89,226.06,USD
7195,447,2025-09-06,paid_social,meta_retarget,188.62,28.29,160.33,USD
7196,4090,2025-09-06,organic,organic_direct,247.88,24.79,223.09,USD
7197,1822,2025-09-06,paid_social,meta_retarget,99.34,0.0,99.34,USD
7198,5156,2025-09-06,paid_social,meta_prospecting,242.91,12.15,230.76,USD
7199,7554,2025-09-06,organic,organic_direct,250.11,0.0,250.11,USD
7200,5852,2025-09-06,organic,organic_direct,252.7,0.0,252.7,USD
7201,5917,2025-09-06,paid_search,generic_shoes,221.12,11.06,210.06,USD
7202,1285,2025-09-06,organic,organic_direct,81.45,0.0,81.45,USD
7203,6263,2025-09-06,paid_search,retargeting_search,166.72,0.0,166.72,USD
7204,4113,2025-09-06,affiliate,coupon_site,136.59,0.0,136.59,USD
7205,6131,2025-09-06,paid_search,retargeting_search,109.0,0.0,109.0,USD
7206,4417,2025-09-06,paid_social,meta_prospecting,274.39,0.0,274.39,USD
7207,1382,2025-09-06,email,winback,21.01,0.0,21.01,USD
7208,7111,2025-09-06,paid_search,retargeting_search,135.62,6.78,128.84,USD
7209,1013,2025-09-06,paid_search,brand_search_q4,37.84,0.0,37.84,USD
7210,5845,2025-09-06,organic,organic_direct,66.95,3.35,63.6,USD
7211,4913,2025-09-06,organic,organic_direct,22.78,3.42,19.36,USD
7212,6180,2025-09-06,paid_social,meta_retarget,240.45,0.0,240.45,USD
7213,1240,2025-09-06,organic,organic_direct,181.48,0.0,181.48,USD
7214,7441,2025-09-06,affiliate,coupon_site,239.08,11.95,227.13,USD
7215,3893,2025-09-06,organic,organic_direct,195.55,9.78,185.77,USD
7216,6516,2025-09-06,organic,organic_direct,210.84,31.63,179.21,USD
7217,1628,2025-09-06,organic,organic_direct,121.73,6.09,115.64,USD
7218,5769,2025-09-06,paid_search,brand_search_q4,257.16,38.57,218.59,USD
7219,6793,2025-09-06,paid_search,brand_search_q4,262.74,0.0,262.74,USD
7220,3964,2025-09-06,organic,organic_direct,16.2,1.62,14.58,USD
7221,1196,2025-09-06,organic,organic_direct,99.34,0.0,99.34,USD
7222,5642,2025-09-06,paid_search,retargeting_search,118.37,5.92,112.45,USD
7223,2959,2025-09-06,paid_search,brand_search_q4,272.2,0.0,272.2,USD
7224,4567,2025-09-06,paid_search,retargeting_search,226.77,11.34,215.43,USD
7225,4356,2025-09-06,email,cart_abandon,195.79,0.0,195.79,USD
7226,2765,2025-09-06,email,cart_abandon,271.74,13.59,258.15,USD
7227,5910,2025-09-06,paid_search,generic_shoes,107.28,0.0,107.28,USD
7228,2219,2025-09-06,organic,organic_direct,165.41,8.27,157.14,USD
7229,6262,2025-09-06,organic,organic_direct,106.44,10.64,95.8,USD
7230,2945,2025-09-06,email,newsletter_weekly,186.98,0.0,186.98,USD
7231,3217,2025-09-06,paid_search,brand_search_q4,216.96,32.54,184.42,USD
7232,6759,2025-09-06,organic,organic_direct,242.7,36.4,206.3,USD
7233,1141,2025-09-06,email,cart_abandon,110.91,16.64,94.27,USD
7234,2128,2025-09-06,organic,organic_direct,144.16,0.0,144.16,USD
7235,3332,2025-09-06,paid_social,tiktok_awareness,246.16,24.62,221.54,USD
7236,6682,2025-09-06,email,cart_abandon,30.76,0.0,30.76,USD
7237,2064,2025-09-06,paid_search,generic_shoes,31.96,0.0,31.96,USD
7238,3575,2025-09-06,paid_social,meta_retarget,50.14,2.51,47.63,USD
7239,7563,2025-09-06,paid_search,retargeting_search,226.97,0.0,226.97,USD
7240,4489,2025-09-06,paid_search,generic_shoes,154.55,7.73,146.82,USD
7241,7503,2025-09-06,paid_search,brand_search_q4,92.8,0.0,92.8,USD
7242,3077,2025-09-06,affiliate,coupon_site,221.6,22.16,199.44,USD
7243,6577,2025-09-06,email,cart_abandon,122.77,0.0,122.77,USD
7244,5018,2025-09-06,paid_social,tiktok_awareness,194.49,0.0,194.49,USD
7245,5672,2025-09-06,paid_search,brand_search_q4,89.4,8.94,80.46,USD
7246,1904,2025-09-06,affiliate,coupon_site,24.6,3.69,20.91,USD
7247,312,2025-09-06,email,winback,122.81,6.14,116.67,USD
7248,1051,2025-09-06,organic,organic_direct,215.19,10.76,204.43,USD
7249,3642,2025-09-06,paid_search,generic_shoes,92.19,0.0,92.19,USD
7250,1025,2025-09-06,paid_search,retargeting_search,221.11,0.0,221.11,USD
7251,6729,2025-09-06,organic,organic_direct,41.39,2.07,39.32,USD
7252,5284,2025-09-06,affiliate,partner_blog,181.67,0.0,181.67,USD
7253,7723,2025-09-06,organic,organic_direct,50.38,0.0,50.38,USD
7254,4473,2025-09-06,affiliate,coupon_site,69.43,3.47,65.96,USD
7255,3181,2025-09-06,paid_search,generic_shoes,244.04,36.61,207.43,USD
7256,1832,2025-09-06,email,newsletter_weekly,255.66,0.0,255.66,USD
7257,4026,2025-09-06,email,winback,118.48,5.92,112.56,USD
7258,7319,2025-09-06,organic,organic_direct,255.13,12.76,242.37,USD
7259,3780,2025-09-06,email,cart_abandon,280.9,42.13,238.77,USD
7260,3699,2025-09-06,paid_search,brand_search_q4,109.66,5.48,104.18,USD
7261,3772,2025-09-06,affiliate,coupon_site,239.5,11.98,227.52,USD
7262,4406,2025-09-06,email,newsletter_weekly,103.95,0.0,103.95,USD
7263,4350,2025-09-06,organic,organic_direct,182.78,0.0,182.78,USD
7264,3683,2025-09-06,paid_social,meta_retarget,235.03,0.0,235.03,USD
7265,7281,2025-09-06,paid_social,meta_prospecting,280.16,0.0,280.16,USD
7266,1963,2025-09-06,organic,organic_direct,44.02,0.0,44.02,USD
7267,3868,2025-09-06,affiliate,partner_blog,80.3,0.0,80.3,USD
7268,7609,2025-09-06,paid_search,retargeting_search,177.63,0.0,177.63,USD
7269,995,2025-09-06,paid_social,tiktok_awareness,213.82,21.38,192.44,USD
7270,4712,2025-09-06,organic,organic_direct,252.18,0.0,252.18,USD
7271,6749,2025-09-06,paid_search,generic_shoes,144.39,0.0,144.39,USD
7272,7087,2025-09-06,organic,organic_direct,61.75,0.0,61.75,USD
7273,7883,2025-09-06,affiliate,coupon_site,73.89,0.0,73.89,USD
7274,6984,2025-09-06,affiliate,partner_blog,219.11,32.87,186.24,USD
7275,5881,2025-09-06,organic,organic_direct,162.35,0.0,162.35,USD
7276,3659,2025-09-06,organic,organic_direct,188.45,0.0,188.45,USD
7277,3606,2025-09-06,organic,organic_direct,124.73,0.0,124.73,USD
7278,2714,2025-09-06,affiliate,partner_blog,24.17,0.0,24.17,USD
7279,4717,2025-09-06,affiliate,partner_blog,167.46,8.37,159.09,USD
7280,2171,2025-09-06,organic,organic_direct,211.88,0.0,211.88,USD
7281,4098,2025-09-06,affiliate,partner_blog,228.23,0.0,228.23,USD
7282,2087,2025-09-06,paid_search,generic_shoes,276.98,13.85,263.13,USD
7283,4967,2025-09-06,paid_search,brand_search_q4,26.81,0.0,26.81,USD
7284,7262,2025-09-06,organic,organic_direct,243.84,0.0,243.84,USD
7285,4801,2025-09-06,paid_search,generic_shoes,258.95,0.0,258.95,USD
7286,5728,2025-09-06,paid_search,brand_search_q4,144.99,0.0,144.99,USD
7287,4964,2025-09-06,email,cart_abandon,119.07,17.86,101.21,USD
7288,5214,2025-09-06,organic,organic_direct,39.07,0.0,39.07,USD
7289,3571,2025-09-06,paid_social,meta_prospecting,74.74,0.0,74.74,USD
7290,7875,2025-09-06,organic,organic_direct,118.37,17.76,100.61,USD
7291,207,2025-09-06,paid_search,generic_shoes,128.97,0.0,128.97,USD
7292,6867,2025-09-06,paid_search,brand_search_q4,33.29,0.0,33.29,USD
7293,2637,2025-09-06,organic,organic_direct,72.85,3.64,69.21,USD
7294,6833,2025-09-06,affiliate,partner_blog,114.72,11.47,103.25,USD
7295,7608,2025-09-06,organic,organic_direct,33.19,1.66,31.53,USD
7296,2666,2025-09-07,paid_search,generic_shoes,118.78,0.0,118.78,USD
7297,842,2025-09-07,email,winback,149.77,0.0,149.77,USD
7298,623,2025-09-07,organic,organic_direct,90.02,4.5,85.52,USD
7299,1374,2025-09-07,organic,organic_direct,120.75,6.04,114.71,USD
7300,5939,2025-09-07,organic,organic_direct,33.47,3.35,30.12,USD
7301,4853,2025-09-07,paid_search,retargeting_search,220.58,0.0,220.58,USD
7302,7422,2025-09-07,organic,organic_direct,140.5,0.0,140.5,USD
7303,1855,2025-09-07,email,winback,142.03,7.1,134.93,USD
7304,4278,2025-09-07,organic,organic_direct,250.32,0.0,250.32,USD
7305,5640,2025-09-07,paid_social,tiktok_awareness,161.82,0.0,161.82,USD
7306,1583,2025-09-07,email,cart_abandon,114.83,0.0,114.83,USD
7307,1426,2025-09-07,paid_social,meta_retarget,125.43,0.0,125.43,USD
7308,5825,2025-09-07,email,winback,72.99,0.0,72.99,USD
7309,1920,2025-09-07,paid_social,meta_prospecting,208.89,31.33,177.56,USD
7310,2552,2025-09-07,paid_search,brand_search_q4,248.21,0.0,248.21,USD
7311,3728,2025-09-07,email,winback,213.71,0.0,213.71,USD
7312,7825,2025-09-07,paid_social,meta_prospecting,146.19,0.0,146.19,USD
7313,1142,2025-09-07,paid_social,meta_retarget,153.78,23.07,130.71,USD
7314,7586,2025-09-07,paid_social,meta_prospecting,141.93,21.29,120.64,USD
7315,1290,2025-09-07,paid_search,retargeting_search,179.26,0.0,179.26,USD
7316,1280,2025-09-07,paid_search,generic_shoes,191.18,0.0,191.18,USD
7317,1460,2025-09-07,paid_social,meta_prospecting,181.11,0.0,181.11,USD
7318,4393,2025-09-07,paid_search,retargeting_search,147.21,7.36,139.85,USD
7319,4916,2025-09-07,paid_social,meta_prospecting,201.3,0.0,201.3,USD
7320,5386,2025-09-07,paid_social,meta_prospecting,133.23,0.0,133.23,USD
7321,7174,2025-09-07,organic,organic_direct,68.86,6.89,61.97,USD
7322,6939,2025-09-07,organic,organic_direct,187.92,0.0,187.92,USD
7323,53,2025-09-07,organic,organic_direct,91.41,0.0,91.41,USD
7324,7356,2025-09-07,affiliate,partner_blog,107.59,0.0,107.59,USD
7325,1433,2025-09-07,paid_social,meta_retarget,119.18,0.0,119.18,USD
7326,1214,2025-09-07,affiliate,coupon_site,192.29,0.0,192.29,USD
7327,5192,2025-09-07,email,newsletter_weekly,205.31,10.27,195.04,USD
7328,4099,2025-09-07,paid_search,generic_shoes,176.0,26.4,149.6,USD
7329,3023,2025-09-07,paid_social,tiktok_awareness,113.42,5.67,107.75,USD
7330,4050,2025-09-07,organic,organic_direct,71.54,0.0,71.54,USD
7331,6505,2025-09-07,email,winback,295.11,0.0,295.11,USD
7332,6444,2025-09-07,email,winback,53.1,0.0,53.1,USD
7333,3359,2025-09-07,affiliate,coupon_site,77.33,3.87,73.46,USD
7334,5190,2025-09-07,paid_social,meta_prospecting,148.61,0.0,148.61,USD
7335,1600,2025-09-07,paid_search,retargeting_search,192.91,19.29,173.62,USD
7336,6691,2025-09-07,paid_social,meta_retarget,215.82,10.79,205.03,USD
7337,3189,2025-09-07,paid_social,meta_prospecting,271.94,0.0,271.94,USD
7338,4842,2025-09-07,paid_social,meta_retarget,200.91,30.14,170.77,USD
7339,502,2025-09-07,paid_social,tiktok_awareness,230.84,34.63,196.21,USD
7340,1737,2025-09-07,paid_social,tiktok_awareness,130.64,0.0,130.64,USD
7341,4924,2025-09-07,email,newsletter_weekly,236.1,11.8,224.3,USD
7342,4847,2025-09-07,email,winback,252.53,0.0,252.53,USD
7343,3823,2025-09-07,organic,organic_direct,29.41,2.94,26.47,USD
7344,2780,2025-09-07,email,newsletter_weekly,102.88,15.43,87.45,USD
7345,5303,2025-09-07,paid_search,brand_search_q4,227.65,0.0,227.65,USD
7346,4919,2025-09-07,organic,organic_direct,164.1,0.0,164.1,USD
7347,1090,2025-09-07,paid_search,generic_shoes,228.18,0.0,228.18,USD
7348,7866,2025-09-07,paid_social,tiktok_awareness,208.78,0.0,208.78,USD
7349,4025,2025-09-07,organic,organic_direct,238.27,23.83,214.44,USD
7350,7364,2025-09-07,paid_social,meta_prospecting,255.43,12.77,242.66,USD
7351,6339,2025-09-07,organic,organic_direct,80.26,12.04,68.22,USD
7352,7659,2025-09-07,paid_search,retargeting_search,224.65,0.0,224.65,USD
7353,5844,2025-09-07,organic,organic_direct,176.54,0.0,176.54,USD
7354,1176,2025-09-07,paid_search,brand_search_q4,187.62,9.38,178.24,USD
7355,7811,2025-09-07,organic,organic_direct,98.29,0.0,98.29,USD
7356,3940,2025-09-07,organic,organic_direct,63.41,6.34,57.07,USD
7357,5687,2025-09-07,organic,organic_direct,20.9,2.09,18.81,USD
7358,3480,2025-09-07,email,cart_abandon,213.04,0.0,213.04,USD
7359,5527,2025-09-07,paid_social,meta_retarget,90.93,9.09,81.84,USD
7360,3833,2025-09-07,organic,organic_direct,63.93,6.39,57.54,USD
7361,3133,2025-09-07,paid_social,meta_prospecting,46.54,4.65,41.89,USD
7362,7010,2025-09-07,paid_search,generic_shoes,68.1,6.81,61.29,USD
7363,6896,2025-09-07,email,cart_abandon,140.22,14.02,126.2,USD
7364,2905,2025-09-07,paid_search,generic_shoes,273.45,0.0,273.45,USD
7365,5460,2025-09-07,paid_social,meta_prospecting,65.27,0.0,65.27,USD
7366,2276,2025-09-08,paid_search,generic_shoes,149.53,0.0,149.53,USD
7367,3623,2025-09-08,paid_social,meta_prospecting,27.61,4.14,23.47,USD
7368,4072,2025-09-08,organic,organic_direct,172.46,25.87,146.59,USD
7369,3002,2025-09-08,paid_social,meta_prospecting,44.45,0.0,44.45,USD
7370,3334,2025-09-08,organic,organic_direct,177.71,0.0,177.71,USD
7371,2050,2025-09-08,paid_search,brand_search_q4,198.95,0.0,198.95,USD
7372,4340,2025-09-08,email,winback,217.67,0.0,217.67,USD
7373,6262,2025-09-08,paid_search,retargeting_search,31.61,0.0,31.61,USD
7374,1556,2025-09-08,organic,organic_direct,70.74,0.0,70.74,USD
7375,4834,2025-09-08,organic,organic_direct,56.46,5.65,50.81,USD
7376,1429,2025-09-08,paid_search,brand_search_q4,224.34,0.0,224.34,USD
7377,2734,2025-09-08,paid_social,meta_prospecting,32.94,4.94,28.0,USD
7378,938,2025-09-08,email,newsletter_weekly,139.24,20.89,118.35,USD
7379,4411,2025-09-08,email,cart_abandon,78.93,0.0,78.93,USD
7380,6116,2025-09-08,paid_search,retargeting_search,64.18,0.0,64.18,USD
7381,3941,2025-09-08,paid_search,brand_search_q4,200.07,0.0,200.07,USD
7382,1653,2025-09-08,organic,organic_direct,129.68,0.0,129.68,USD
7383,1815,2025-09-08,paid_search,retargeting_search,44.31,6.65,37.66,USD
7384,2495,2025-09-08,paid_search,retargeting_search,186.26,0.0,186.26,USD
7385,835,2025-09-08,paid_social,tiktok_awareness,186.77,28.02,158.75,USD
7386,1440,2025-09-08,affiliate,coupon_site,136.02,0.0,136.02,USD
7387,2391,2025-09-08,paid_social,tiktok_awareness,125.31,0.0,125.31,USD
7388,952,2025-09-08,paid_search,retargeting_search,161.3,16.13,145.17,USD
7389,7964,2025-09-08,paid_search,brand_search_q4,201.33,10.07,191.26,USD
7390,4786,2025-09-08,paid_search,retargeting_search,179.7,0.0,179.7,USD
7391,4148,2025-09-08,paid_social,tiktok_awareness,96.0,4.8,91.2,USD
7392,4888,2025-09-08,organic,organic_direct,33.59,0.0,33.59,USD
7393,4893,2025-09-08,organic,organic_direct,73.92,7.39,66.53,USD
7394,4379,2025-09-08,paid_search,retargeting_search,94.84,0.0,94.84,USD
7395,6561,2025-09-08,paid_search,retargeting_search,294.25,14.71,279.54,USD
7396,6246,2025-09-08,paid_search,retargeting_search,162.41,8.12,154.29,USD
7397,4451,2025-09-08,affiliate,coupon_site,24.19,3.63,20.56,USD
7398,6133,2025-09-08,organic,organic_direct,261.29,0.0,261.29,USD
7399,6093,2025-09-08,paid_search,generic_shoes,234.71,0.0,234.71,USD
7400,590,2025-09-08,paid_search,retargeting_search,197.99,29.7,168.29,USD
7401,7794,2025-09-08,paid_search,retargeting_search,213.67,0.0,213.67,USD
7402,428,2025-09-08,paid_search,brand_search_q4,95.14,0.0,95.14,USD
7403,4458,2025-09-08,paid_social,meta_retarget,224.52,22.45,202.07,USD
7404,5321,2025-09-08,paid_social,meta_prospecting,77.11,0.0,77.11,USD
7405,1454,2025-09-08,organic,organic_direct,74.89,7.49,67.4,USD
7406,4128,2025-09-08,organic,organic_direct,288.68,43.3,245.38,USD
7407,2561,2025-09-08,paid_social,tiktok_awareness,36.76,3.68,33.08,USD
7408,6492,2025-09-08,paid_search,retargeting_search,22.76,2.28,20.48,USD
7409,4000,2025-09-08,paid_social,tiktok_awareness,272.6,13.63,258.97,USD
7410,1317,2025-09-08,organic,organic_direct,53.04,0.0,53.04,USD
7411,2761,2025-09-08,paid_search,brand_search_q4,145.83,14.58,131.25,USD
7412,554,2025-09-08,paid_social,meta_prospecting,235.56,0.0,235.56,USD
7413,3099,2025-09-08,organic,organic_direct,197.23,0.0,197.23,USD
7414,4770,2025-09-08,organic,organic_direct,147.53,14.75,132.78,USD
7415,2007,2025-09-08,organic,organic_direct,190.79,19.08,171.71,USD
7416,1568,2025-09-08,paid_social,tiktok_awareness,168.24,0.0,168.24,USD
7417,2251,2025-09-08,paid_social,tiktok_awareness,35.34,1.77,33.57,USD
7418,15,2025-09-08,organic,organic_direct,21.77,2.18,19.59,USD
7419,5887,2025-09-08,organic,organic_direct,198.64,0.0,198.64,USD
7420,7053,2025-09-08,paid_search,retargeting_search,22.1,0.0,22.1,USD
7421,1030,2025-09-08,paid_search,brand_search_q4,289.22,0.0,289.22,USD
7422,7566,2025-09-08,organic,organic_direct,68.88,3.44,65.44,USD
7423,6633,2025-09-08,paid_search,generic_shoes,278.64,13.93,264.71,USD
7424,7037,2025-09-08,organic,organic_direct,15.11,0.0,15.11,USD
7425,1263,2025-09-08,paid_social,tiktok_awareness,81.36,4.07,77.29,USD
7426,5608,2025-09-08,paid_search,generic_shoes,222.03,22.2,199.83,USD
7427,5775,2025-09-08,organic,organic_direct,167.24,16.72,150.52,USD
7428,7779,2025-09-08,paid_search,brand_search_q4,33.82,0.0,33.82,USD
7429,1697,2025-09-08,email,cart_abandon,245.02,36.75,208.27,USD
7430,4960,2025-09-08,paid_social,tiktok_awareness,138.85,13.88,124.97,USD
7431,4115,2025-09-08,paid_social,meta_prospecting,74.38,7.44,66.94,USD
7432,3674,2025-09-08,paid_social,meta_prospecting,40.28,0.0,40.28,USD
7433,2720,2025-09-08,email,cart_abandon,232.71,0.0,232.71,USD
7434,1717,2025-09-08,email,cart_abandon,260.25,13.01,247.24,USD
7435,1089,2025-09-08,affiliate,coupon_site,74.1,0.0,74.1,USD
7436,3452,2025-09-08,email,newsletter_weekly,73.33,11.0,62.33,USD
7437,5447,2025-09-08,paid_search,generic_shoes,37.48,0.0,37.48,USD
7438,4211,2025-09-08,organic,organic_direct,170.64,0.0,170.64,USD
7439,5724,2025-09-08,email,winback,114.1,11.41,102.69,USD
7440,7170,2025-09-08,organic,organic_direct,203.24,30.49,172.75,USD
7441,7187,2025-09-08,paid_social,meta_retarget,38.16,1.91,36.25,USD
7442,6595,2025-09-08,paid_social,tiktok_awareness,119.05,0.0,119.05,USD
7443,5355,2025-09-08,paid_search,retargeting_search,248.11,37.22,210.89,USD
7444,7654,2025-09-08,paid_search,brand_search_q4,93.42,14.01,79.41,USD
7445,3640,2025-09-08,paid_search,brand_search_q4,27.69,0.0,27.69,USD
7446,3126,2025-09-08,email,winback,182.74,0.0,182.74,USD
7447,5640,2025-09-08,organic,organic_direct,236.17,0.0,236.17,USD
7448,4441,2025-09-08,paid_social,tiktok_awareness,109.85,16.48,93.37,USD
7449,6233,2025-09-08,organic,organic_direct,272.75,27.28,245.47,USD
7450,7530,2025-09-08,paid_social,meta_prospecting,65.93,0.0,65.93,USD
7451,4066,2025-09-08,email,newsletter_weekly,137.62,6.88,130.74,USD
7452,2119,2025-09-08,organic,organic_direct,195.15,9.76,185.39,USD
7453,4288,2025-09-08,organic,organic_direct,253.18,25.32,227.86,USD
7454,708,2025-09-08,paid_social,tiktok_awareness,194.66,19.47,175.19,USD
7455,2045,2025-09-08,email,winback,66.07,9.91,56.16,USD
7456,5564,2025-09-08,organic,organic_direct,146.46,14.65,131.81,USD
7457,6897,2025-09-08,paid_search,retargeting_search,87.79,13.17,74.62,USD
7458,3513,2025-09-08,paid_social,meta_retarget,15.71,2.36,13.35,USD
7459,7753,2025-09-08,paid_social,meta_retarget,159.6,15.96,143.64,USD
7460,7664,2025-09-08,email,cart_abandon,71.79,3.59,68.2,USD
7461,7588,2025-09-08,paid_search,brand_search_q4,300.75,15.04,285.71,USD
7462,4304,2025-09-08,paid_social,meta_retarget,49.39,0.0,49.39,USD
7463,2875,2025-09-09,paid_search,retargeting_search,19.29,0.0,19.29,USD
7464,2797,2025-09-09,paid_social,tiktok_awareness,266.68,40.0,226.68,USD
7465,6670,2025-09-09,affiliate,coupon_site,49.02,0.0,49.02,USD
7466,2605,2025-09-09,organic,organic_direct,55.4,0.0,55.4,USD
7467,7372,2025-09-09,paid_search,generic_shoes,48.1,4.81,43.29,USD
7468,7513,2025-09-09,paid_social,meta_prospecting,66.98,0.0,66.98,USD
7469,1631,2025-09-09,organic,organic_direct,265.87,13.29,252.58,USD
7470,4010,2025-09-09,paid_search,brand_search_q4,65.66,0.0,65.66,USD
7471,1059,2025-09-09,organic,organic_direct,126.38,0.0,126.38,USD
7472,5498,2025-09-09,paid_search,generic_shoes,142.29,0.0,142.29,USD
7473,7956,2025-09-09,paid_social,meta_prospecting,178.2,0.0,178.2,USD
7474,327,2025-09-09,paid_social,meta_retarget,83.92,0.0,83.92,USD
7475,2461,2025-09-09,organic,organic_direct,142.08,14.21,127.87,USD
7476,823,2025-09-09,paid_search,retargeting_search,258.45,25.84,232.61,USD
7477,6917,2025-09-09,organic,organic_direct,288.01,28.8,259.21,USD
7478,6408,2025-09-09,paid_search,brand_search_q4,32.06,0.0,32.06,USD
7479,1643,2025-09-09,paid_social,meta_prospecting,158.34,23.75,134.59,USD
7480,5648,2025-09-09,paid_search,retargeting_search,130.38,0.0,130.38,USD
7481,6211,2025-09-09,paid_social,tiktok_awareness,149.94,0.0,149.94,USD
7482,2039,2025-09-09,paid_search,brand_search_q4,91.67,0.0,91.67,USD
7483,7011,2025-09-09,paid_search,generic_shoes,167.84,0.0,167.84,USD
7484,7285,2025-09-09,paid_search,brand_search_q4,228.25,22.83,205.42,USD
7485,2955,2025-09-09,paid_search,brand_search_q4,131.25,13.12,118.13,USD
7486,7360,2025-09-09,paid_social,meta_prospecting,88.77,0.0,88.77,USD
7487,7967,2025-09-09,paid_social,meta_prospecting,41.82,0.0,41.82,USD
7488,1245,2025-09-09,email,cart_abandon,144.93,0.0,144.93,USD
7489,1273,2025-09-09,paid_social,meta_retarget,99.85,14.98,84.87,USD
7490,921,2025-09-09,organic,organic_direct,81.54,4.08,77.46,USD
7491,6450,2025-09-09,paid_search,generic_shoes,143.14,0.0,143.14,USD
7492,1170,2025-09-09,organic,organic_direct,138.21,0.0,138.21,USD
7493,4818,2025-09-09,organic,organic_direct,202.97,0.0,202.97,USD
7494,719,2025-09-09,paid_search,retargeting_search,19.75,0.0,19.75,USD
7495,1916,2025-09-09,paid_social,meta_prospecting,281.6,0.0,281.6,USD
7496,2854,2025-09-09,organic,organic_direct,86.87,0.0,86.87,USD
7497,7496,2025-09-09,paid_social,meta_retarget,199.05,0.0,199.05,USD
7498,7324,2025-09-09,organic,organic_direct,51.99,0.0,51.99,USD
7499,377,2025-09-10,organic,organic_direct,194.91,0.0,194.91,USD
7500,4040,2025-09-10,paid_search,generic_shoes,92.27,4.61,87.66,USD
7501,3641,2025-09-10,paid_social,meta_prospecting,213.81,0.0,213.81,USD
7502,4717,2025-09-10,email,cart_abandon,121.77,0.0,121.77,USD
7503,2045,2025-09-10,organic,organic_direct,66.36,0.0,66.36,USD
7504,4952,2025-09-10,paid_social,meta_retarget,160.05,16.01,144.04,USD
7505,4161,2025-09-10,paid_social,meta_retarget,183.7,0.0,183.7,USD
7506,7292,2025-09-10,paid_search,retargeting_search,113.35,5.67,107.68,USD
7507,1487,2025-09-10,affiliate,partner_blog,19.06,0.95,18.11,USD
7508,6216,2025-09-10,paid_social,meta_prospecting,85.17,0.0,85.17,USD
7509,7640,2025-09-10,paid_social,tiktok_awareness,204.29,0.0,204.29,USD
7510,1281,2025-09-10,paid_social,tiktok_awareness,227.95,34.19,193.76,USD
7511,7295,2025-09-10,paid_search,generic_shoes,203.21,0.0,203.21,USD
7512,4052,2025-09-10,paid_social,tiktok_awareness,47.02,2.35,44.67,USD
7513,3836,2025-09-10,paid_social,meta_prospecting,107.83,0.0,107.83,USD
7514,7068,2025-09-10,email,winback,173.67,17.37,156.3,USD
7515,2978,2025-09-10,paid_search,generic_shoes,167.16,0.0,167.16,USD
7516,4467,2025-09-10,paid_search,brand_search_q4,206.68,0.0,206.68,USD
7517,2924,2025-09-10,paid_search,brand_search_q4,37.38,0.0,37.38,USD
7518,2032,2025-09-10,paid_search,generic_shoes,66.85,6.68,60.17,USD
7519,1845,2025-09-10,paid_search,brand_search_q4,19.64,0.0,19.64,USD
7520,5533,2025-09-10,paid_search,retargeting_search,75.78,7.58,68.2,USD
7521,3055,2025-09-10,paid_search,retargeting_search,30.06,0.0,30.06,USD
7522,4150,2025-09-10,paid_search,retargeting_search,237.88,23.79,214.09,USD
7523,7666,2025-09-10,organic,organic_direct,165.11,16.51,148.6,USD
7524,2549,2025-09-10,organic,organic_direct,97.35,4.87,92.48,USD
7525,971,2025-09-10,paid_search,retargeting_search,45.62,0.0,45.62,USD
7526,4550,2025-09-10,paid_social,meta_retarget,28.0,0.0,28.0,USD
7527,5096,2025-09-10,paid_search,retargeting_search,74.47,0.0,74.47,USD
7528,426,2025-09-10,organic,organic_direct,190.96,0.0,190.96,USD
7529,6662,2025-09-10,paid_social,meta_retarget,206.89,0.0,206.89,USD
7530,1370,2025-09-10,email,winback,181.89,18.19,163.7,USD
7531,4628,2025-09-10,paid_social,meta_prospecting,91.95,0.0,91.95,USD
7532,7823,2025-09-10,paid_social,tiktok_awareness,48.32,2.42,45.9,USD
7533,2145,2025-09-10,email,winback,127.05,0.0,127.05,USD
7534,4074,2025-09-10,paid_search,retargeting_search,61.28,3.06,58.22,USD
7535,3821,2025-09-10,paid_social,tiktok_awareness,243.49,24.35,219.14,USD
7536,748,2025-09-10,paid_social,tiktok_awareness,253.31,0.0,253.31,USD
7537,2371,2025-09-10,organic,organic_direct,108.21,0.0,108.21,USD
7538,5399,2025-09-10,affiliate,partner_blog,164.82,0.0,164.82,USD
7539,2607,2025-09-10,email,winback,215.32,21.53,193.79,USD
7540,4758,2025-09-10,organic,organic_direct,137.3,20.6,116.7,USD
7541,632,2025-09-10,paid_social,tiktok_awareness,180.79,0.0,180.79,USD
7542,6420,2025-09-10,paid_social,meta_retarget,178.59,0.0,178.59,USD
7543,7641,2025-09-10,organic,organic_direct,122.5,6.12,116.38,USD
7544,3609,2025-09-10,email,winback,32.1,1.61,30.49,USD
7545,7865,2025-09-10,organic,organic_direct,241.57,0.0,241.57,USD
7546,6267,2025-09-10,affiliate,partner_blog,164.71,0.0,164.71,USD
7547,1956,2025-09-10,paid_search,generic_shoes,207.65,10.38,197.27,USD
7548,5390,2025-09-10,paid_social,meta_retarget,233.36,0.0,233.36,USD
7549,2297,2025-09-10,paid_search,generic_shoes,243.34,24.33,219.01,USD
7550,3921,2025-09-10,paid_search,generic_shoes,124.07,0.0,124.07,USD
7551,3075,2025-09-10,paid_search,retargeting_search,51.01,7.65,43.36,USD
7552,5373,2025-09-10,paid_social,meta_retarget,107.9,16.18,91.72,USD
7553,7341,2025-09-10,affiliate,partner_blog,128.68,0.0,128.68,USD
7554,5361,2025-09-10,organic,organic_direct,237.4,23.74,213.66,USD
7555,1378,2025-09-10,organic,organic_direct,132.63,6.63,126.0,USD
7556,6121,2025-09-10,email,winback,62.01,9.3,52.71,USD
7557,688,2025-09-10,paid_search,generic_shoes,134.86,20.23,114.63,USD
7558,1581,2025-09-10,paid_search,retargeting_search,52.25,0.0,52.25,USD
7559,2641,2025-09-10,affiliate,coupon_site,33.88,0.0,33.88,USD
7560,1894,2025-09-10,paid_search,retargeting_search,25.52,1.28,24.24,USD
7561,5869,2025-09-10,paid_social,tiktok_awareness,208.27,0.0,208.27,USD
7562,149,2025-09-10,organic,organic_direct,61.25,0.0,61.25,USD
7563,6031,2025-09-11,organic,organic_direct,69.15,6.92,62.23,USD
7564,4407,2025-09-11,email,cart_abandon,23.64,3.55,20.09,USD
7565,7136,2025-09-11,paid_social,meta_retarget,80.0,0.0,80.0,USD
7566,1006,2025-09-11,paid_search,brand_search_q4,202.66,0.0,202.66,USD
7567,5551,2025-09-11,organic,organic_direct,244.58,0.0,244.58,USD
7568,2839,2025-09-11,paid_search,brand_search_q4,126.16,0.0,126.16,USD
7569,7791,2025-09-11,paid_social,tiktok_awareness,124.33,18.65,105.68,USD
7570,4072,2025-09-11,organic,organic_direct,96.32,4.82,91.5,USD
7571,1685,2025-09-11,organic,organic_direct,158.33,0.0,158.33,USD
7572,4735,2025-09-11,affiliate,partner_blog,104.06,0.0,104.06,USD
7573,6230,2025-09-11,affiliate,partner_blog,204.33,30.65,173.68,USD
7574,4598,2025-09-11,email,newsletter_weekly,95.58,9.56,86.02,USD
7575,7094,2025-09-11,affiliate,coupon_site,198.95,0.0,198.95,USD
7576,6757,2025-09-11,organic,organic_direct,27.8,0.0,27.8,USD
7577,7829,2025-09-11,organic,organic_direct,162.44,0.0,162.44,USD
7578,7058,2025-09-11,paid_search,brand_search_q4,54.36,5.44,48.92,USD
7579,5943,2025-09-11,organic,organic_direct,93.69,0.0,93.69,USD
7580,5691,2025-09-11,paid_social,tiktok_awareness,96.58,9.66,86.92,USD
7581,2588,2025-09-11,organic,organic_direct,80.31,12.05,68.26,USD
7582,3369,2025-09-11,organic,organic_direct,207.25,0.0,207.25,USD
7583,2423,2025-09-11,organic,organic_direct,103.83,10.38,93.45,USD
7584,6974,2025-09-11,paid_social,tiktok_awareness,149.47,0.0,149.47,USD
7585,4203,2025-09-11,organic,organic_direct,274.85,0.0,274.85,USD
7586,771,2025-09-11,paid_search,retargeting_search,264.31,0.0,264.31,USD
7587,7072,2025-09-11,organic,organic_direct,233.69,0.0,233.69,USD
7588,442,2025-09-11,email,cart_abandon,257.18,0.0,257.18,USD
7589,3210,2025-09-11,paid_search,generic_shoes,87.5,0.0,87.5,USD
7590,4398,2025-09-11,email,newsletter_weekly,74.6,3.73,70.87,USD
7591,7497,2025-09-11,organic,organic_direct,191.39,0.0,191.39,USD
7592,527,2025-09-11,affiliate,coupon_site,134.15,13.42,120.73,USD
7593,4384,2025-09-11,organic,organic_direct,194.68,0.0,194.68,USD
7594,466,2025-09-11,paid_social,tiktok_awareness,47.57,0.0,47.57,USD
7595,2725,2025-09-11,paid_search,generic_shoes,206.34,0.0,206.34,USD
7596,7933,2025-09-11,affiliate,coupon_site,95.32,0.0,95.32,USD
7597,6975,2025-09-11,organic,organic_direct,180.56,0.0,180.56,USD
7598,7103,2025-09-11,organic,organic_direct,185.97,0.0,185.97,USD
7599,4674,2025-09-11,organic,organic_direct,133.39,0.0,133.39,USD
7600,6655,2025-09-11,paid_search,brand_search_q4,147.27,0.0,147.27,USD
7601,7785,2025-09-11,paid_social,meta_retarget,179.5,17.95,161.55,USD
7602,7367,2025-09-11,paid_social,meta_retarget,45.79,6.87,38.92,USD
7603,3525,2025-09-11,paid_search,generic_shoes,41.93,6.29,35.64,USD
7604,3213,2025-09-11,paid_search,brand_search_q4,249.57,0.0,249.57,USD
7605,5836,2025-09-11,email,winback,162.88,8.14,154.74,USD
7606,4673,2025-09-11,paid_social,meta_prospecting,104.3,0.0,104.3,USD
7607,717,2025-09-11,organic,organic_direct,266.68,26.67,240.01,USD
7608,5277,2025-09-11,organic,organic_direct,228.39,0.0,228.39,USD
7609,409,2025-09-11,affiliate,coupon_site,253.94,0.0,253.94,USD
7610,2059,2025-09-12,email,winback,46.54,2.33,44.21,USD
7611,1095,2025-09-12,organic,organic_direct,134.64,13.46,121.18,USD
7612,2166,2025-09-12,paid_social,tiktok_awareness,183.87,0.0,183.87,USD
7613,5723,2025-09-12,organic,organic_direct,102.64,0.0,102.64,USD
7614,3585,2025-09-12,paid_search,retargeting_search,205.21,0.0,205.21,USD
7615,6187,2025-09-12,organic,organic_direct,67.05,0.0,67.05,USD
7616,5496,2025-09-12,organic,organic_direct,212.84,10.64,202.2,USD
7617,5814,2025-09-12,organic,organic_direct,128.05,12.81,115.24,USD
7618,2638,2025-09-12,affiliate,partner_blog,149.49,14.95,134.54,USD
7619,1271,2025-09-12,organic,organic_direct,187.27,0.0,187.27,USD
7620,6408,2025-09-12,paid_social,tiktok_awareness,69.48,0.0,69.48,USD
7621,4296,2025-09-12,organic,organic_direct,40.91,0.0,40.91,USD
7622,2797,2025-09-12,organic,organic_direct,251.1,12.55,238.55,USD
7623,4116,2025-09-12,organic,organic_direct,230.59,0.0,230.59,USD
7624,6033,2025-09-12,organic,organic_direct,109.78,10.98,98.8,USD
7625,3896,2025-09-12,paid_search,retargeting_search,195.98,19.6,176.38,USD
7626,2554,2025-09-12,organic,organic_direct,97.94,4.9,93.04,USD
7627,2708,2025-09-12,paid_social,tiktok_awareness,117.63,11.76,105.87,USD
7628,89,2025-09-12,paid_social,meta_prospecting,123.09,0.0,123.09,USD
7629,4168,2025-09-12,paid_social,meta_prospecting,53.73,2.69,51.04,USD
7630,547,2025-09-12,affiliate,coupon_site,187.01,0.0,187.01,USD
7631,5973,2025-09-12,organic,organic_direct,99.2,4.96,94.24,USD
7632,1332,2025-09-12,paid_social,meta_prospecting,204.39,20.44,183.95,USD
7633,7821,2025-09-12,paid_social,tiktok_awareness,113.04,0.0,113.04,USD
7634,3559,2025-09-12,paid_social,meta_prospecting,66.7,0.0,66.7,USD
7635,1184,2025-09-12,affiliate,partner_blog,50.02,0.0,50.02,USD
7636,6000,2025-09-12,organic,organic_direct,267.8,0.0,267.8,USD
7637,7263,2025-09-12,email,newsletter_weekly,16.35,1.64,14.71,USD
7638,5714,2025-09-12,organic,organic_direct,28.63,2.86,25.77,USD
7639,2674,2025-09-12,organic,organic_direct,243.08,0.0,243.08,USD
7640,6371,2025-09-12,paid_social,meta_prospecting,17.62,0.88,16.74,USD
7641,1050,2025-09-12,email,newsletter_weekly,164.63,0.0,164.63,USD
7642,5626,2025-09-12,paid_search,brand_search_q4,95.08,14.26,80.82,USD
7643,191,2025-09-12,organic,organic_direct,130.37,0.0,130.37,USD
7644,6545,2025-09-12,affiliate,partner_blog,153.33,0.0,153.33,USD
7645,2908,2025-09-12,paid_search,brand_search_q4,212.69,0.0,212.69,USD
7646,1438,2025-09-12,paid_social,meta_retarget,188.49,28.27,160.22,USD
7647,5389,2025-09-12,affiliate,partner_blog,227.71,34.16,193.55,USD
7648,2783,2025-09-12,affiliate,partner_blog,32.31,0.0,32.31,USD
7649,673,2025-09-12,paid_social,meta_retarget,190.41,9.52,180.89,USD
7650,5715,2025-09-12,paid_search,brand_search_q4,26.85,0.0,26.85,USD
7651,2439,2025-09-12,organic,organic_direct,84.68,4.23,80.45,USD
7652,7248,2025-09-12,paid_search,retargeting_search,102.3,15.34,86.96,USD
7653,296,2025-09-12,organic,organic_direct,76.74,0.0,76.74,USD
7654,4246,2025-09-12,paid_search,retargeting_search,103.06,10.31,92.75,USD
7655,4261,2025-09-12,paid_search,generic_shoes,90.21,13.53,76.68,USD
7656,1809,2025-09-12,organic,organic_direct,234.4,0.0,234.4,USD
7657,969,2025-09-12,paid_social,meta_prospecting,135.15,0.0,135.15,USD
7658,252,2025-09-12,organic,organic_direct,159.34,23.9,135.44,USD
7659,631,2025-09-12,paid_search,retargeting_search,20.72,0.0,20.72,USD
7660,4478,2025-09-12,email,winback,269.77,0.0,269.77,USD
7661,6450,2025-09-12,paid_search,retargeting_search,122.29,0.0,122.29,USD
7662,795,2025-09-12,paid_search,retargeting_search,162.25,0.0,162.25,USD
7663,706,2025-09-12,paid_search,generic_shoes,79.67,0.0,79.67,USD
7664,620,2025-09-12,affiliate,partner_blog,116.52,11.65,104.87,USD
7665,2432,2025-09-12,affiliate,partner_blog,155.62,0.0,155.62,USD
7666,1289,2025-09-12,organic,organic_direct,163.99,8.2,155.79,USD
7667,3511,2025-09-12,paid_search,retargeting_search,109.36,16.4,92.96,USD
7668,1974,2025-09-12,organic,organic_direct,234.86,0.0,234.86,USD
7669,7765,2025-09-12,organic,organic_direct,162.99,16.3,146.69,USD
7670,4884,2025-09-12,paid_social,meta_retarget,200.9,0.0,200.9,USD
7671,4701,2025-09-12,organic,organic_direct,268.6,26.86,241.74,USD
7672,6310,2025-09-12,organic,organic_direct,22.13,0.0,22.13,USD
7673,1565,2025-09-12,paid_social,tiktok_awareness,43.59,0.0,43.59,USD
7674,681,2025-09-12,organic,organic_direct,110.71,5.54,105.17,USD
7675,5660,2025-09-12,paid_search,retargeting_search,212.88,10.64,202.24,USD
7676,4010,2025-09-12,affiliate,coupon_site,115.43,0.0,115.43,USD
7677,3804,2025-09-12,affiliate,coupon_site,169.53,8.48,161.05,USD
7678,4918,2025-09-12,paid_search,generic_shoes,242.36,0.0,242.36,USD
7679,1504,2025-09-12,email,newsletter_weekly,155.0,7.75,147.25,USD
7680,4071,2025-09-12,organic,organic_direct,99.96,0.0,99.96,USD
7681,5053,2025-09-12,organic,organic_direct,90.34,0.0,90.34,USD
7682,5225,2025-09-12,organic,organic_direct,22.37,1.12,21.25,USD
7683,870,2025-09-12,paid_search,retargeting_search,154.7,7.73,146.97,USD
7684,3042,2025-09-12,paid_social,meta_prospecting,242.98,0.0,242.98,USD
7685,1282,2025-09-12,paid_social,meta_prospecting,210.72,0.0,210.72,USD
7686,7004,2025-09-12,paid_search,retargeting_search,259.19,12.96,246.23,USD
7687,821,2025-09-12,paid_search,brand_search_q4,285.65,42.85,242.8,USD
7688,5129,2025-09-13,paid_search,retargeting_search,74.16,0.0,74.16,USD
7689,4833,2025-09-13,paid_social,meta_retarget,46.41,2.32,44.09,USD
7690,7561,2025-09-13,paid_search,generic_shoes,147.91,0.0,147.91,USD
7691,4484,2025-09-13,organic,organic_direct,278.97,13.95,265.02,USD
7692,6386,2025-09-13,organic,organic_direct,141.22,14.12,127.1,USD
7693,6057,2025-09-13,affiliate,coupon_site,271.69,13.58,258.11,USD
7694,4235,2025-09-13,affiliate,partner_blog,243.22,0.0,243.22,USD
7695,4524,2025-09-13,paid_social,tiktok_awareness,135.99,6.8,129.19,USD
7696,7176,2025-09-13,email,winback,196.43,0.0,196.43,USD
7697,6650,2025-09-13,organic,organic_direct,20.6,3.09,17.51,USD
7698,4783,2025-09-13,paid_social,meta_retarget,97.44,4.87,92.57,USD
7699,1136,2025-09-13,email,winback,141.71,14.17,127.54,USD
7700,1427,2025-09-13,organic,organic_direct,94.49,14.17,80.32,USD
7701,3905,2025-09-13,paid_social,tiktok_awareness,172.83,0.0,172.83,USD
7702,2846,2025-09-13,organic,organic_direct,208.53,20.85,187.68,USD
7703,7498,2025-09-13,organic,organic_direct,28.71,0.0,28.71,USD
7704,4281,2025-09-13,paid_search,retargeting_search,34.17,0.0,34.17,USD
7705,2894,2025-09-13,organic,organic_direct,249.57,0.0,249.57,USD
7706,7205,2025-09-13,organic,organic_direct,198.0,9.9,188.1,USD
7707,6275,2025-09-13,organic,organic_direct,188.09,28.21,159.88,USD
7708,5751,2025-09-13,organic,organic_direct,218.95,0.0,218.95,USD
7709,3895,2025-09-13,paid_search,retargeting_search,161.7,8.08,153.62,USD
7710,5593,2025-09-13,organic,organic_direct,170.83,17.08,153.75,USD
7711,1565,2025-09-13,affiliate,coupon_site,56.77,2.84,53.93,USD
7712,2801,2025-09-13,paid_search,retargeting_search,115.96,0.0,115.96,USD
7713,1991,2025-09-13,paid_search,retargeting_search,42.58,2.13,40.45,USD
7714,5182,2025-09-13,organic,organic_direct,38.45,5.77,32.68,USD
7715,2406,2025-09-13,affiliate,coupon_site,191.89,0.0,191.89,USD
7716,6365,2025-09-13,paid_social,meta_retarget,184.62,0.0,184.62,USD
7717,7184,2025-09-13,affiliate,partner_blog,39.95,0.0,39.95,USD
7718,4336,2025-09-13,organic,organic_direct,213.17,0.0,213.17,USD
7719,6192,2025-09-13,organic,organic_direct,215.39,21.54,193.85,USD
7720,495,2025-09-13,paid_social,tiktok_awareness,68.44,3.42,65.02,USD
7721,7996,2025-09-13,paid_search,retargeting_search,259.51,0.0,259.51,USD
7722,4541,2025-09-13,organic,organic_direct,157.79,7.89,149.9,USD
7723,5677,2025-09-13,email,cart_abandon,277.21,0.0,277.21,USD
7724,5739,2025-09-13,organic,organic_direct,25.13,0.0,25.13,USD
7725,7099,2025-09-13,paid_search,retargeting_search,95.26,9.53,85.73,USD
7726,7962,2025-09-13,paid_social,tiktok_awareness,34.73,3.47,31.26,USD
7727,3528,2025-09-13,paid_search,brand_search_q4,217.18,32.58,184.6,USD
7728,4510,2025-09-13,email,winback,217.52,32.63,184.89,USD
7729,3399,2025-09-13,paid_social,meta_retarget,284.23,0.0,284.23,USD
7730,5088,2025-09-13,paid_search,retargeting_search,139.21,0.0,139.21,USD
7731,7435,2025-09-13,email,cart_abandon,263.8,13.19,250.61,USD
7732,7025,2025-09-13,paid_search,generic_shoes,149.79,0.0,149.79,USD
7733,6152,2025-09-13,organic,organic_direct,163.0,16.3,146.7,USD
7734,3420,2025-09-13,paid_social,meta_prospecting,67.38,0.0,67.38,USD
7735,7105,2025-09-13,affiliate,partner_blog,158.69,0.0,158.69,USD
7736,7646,2025-09-13,email,winback,221.0,22.1,198.9,USD
7737,7115,2025-09-13,email,newsletter_weekly,88.34,13.25,75.09,USD
7738,7141,2025-09-14,affiliate,partner_blog,259.65,25.96,233.69,USD
7739,2044,2025-09-14,paid_search,brand_search_q4,95.37,4.77,90.6,USD
7740,3104,2025-09-14,email,winback,162.74,8.14,154.6,USD
7741,7830,2025-09-14,paid_social,meta_retarget,178.06,8.9,169.16,USD
7742,3989,2025-09-14,paid_social,meta_retarget,275.68,41.35,234.33,USD
7743,2695,2025-09-14,email,newsletter_weekly,32.08,1.6,30.48,USD
7744,7815,2025-09-14,paid_search,brand_search_q4,44.14,0.0,44.14,USD
7745,3989,2025-09-14,paid_search,brand_search_q4,135.19,20.28,114.91,USD
7746,116,2025-09-14,organic,organic_direct,200.43,10.02,190.41,USD
7747,4064,2025-09-14,organic,organic_direct,161.65,0.0,161.65,USD
7748,6319,2025-09-14,paid_social,meta_prospecting,258.85,0.0,258.85,USD
7749,3935,2025-09-14,organic,organic_direct,211.24,0.0,211.24,USD
7750,7577,2025-09-14,paid_social,tiktok_awareness,216.66,0.0,216.66,USD
7751,4216,2025-09-14,paid_search,brand_search_q4,271.93,0.0,271.93,USD
7752,3805,2025-09-14,affiliate,partner_blog,171.8,0.0,171.8,USD
7753,5728,2025-09-14,paid_search,brand_search_q4,187.52,28.13,159.39,USD
7754,5025,2025-09-14,affiliate,coupon_site,268.64,0.0,268.64,USD
7755,7245,2025-09-14,organic,organic_direct,189.82,28.47,161.35,USD
7756,976,2025-09-14,paid_social,meta_prospecting,179.97,0.0,179.97,USD
7757,5098,2025-09-14,paid_search,retargeting_search,42.44,0.0,42.44,USD
7758,5702,2025-09-14,paid_search,brand_search_q4,265.41,26.54,238.87,USD
7759,6236,2025-09-14,affiliate,coupon_site,33.48,1.67,31.81,USD
7760,2938,2025-09-14,email,winback,91.25,9.12,82.13,USD
7761,4741,2025-09-14,affiliate,partner_blog,156.96,15.7,141.26,USD
7762,749,2025-09-14,paid_search,brand_search_q4,160.57,16.06,144.51,USD
7763,7305,2025-09-14,paid_social,tiktok_awareness,255.86,0.0,255.86,USD
7764,6107,2025-09-14,paid_search,generic_shoes,71.53,0.0,71.53,USD
7765,762,2025-09-14,organic,organic_direct,272.74,13.64,259.1,USD
7766,7181,2025-09-14,organic,organic_direct,222.63,0.0,222.63,USD
7767,3337,2025-09-14,organic,organic_direct,126.38,12.64,113.74,USD
7768,5215,2025-09-14,email,winback,135.78,0.0,135.78,USD
7769,3512,2025-09-14,email,newsletter_weekly,239.51,11.98,227.53,USD
7770,6376,2025-09-14,organic,organic_direct,51.9,7.78,44.12,USD
7771,1953,2025-09-14,paid_social,meta_retarget,220.87,0.0,220.87,USD
7772,3540,2025-09-14,organic,organic_direct,37.86,0.0,37.86,USD
7773,321,2025-09-14,paid_search,brand_search_q4,188.58,9.43,179.15,USD
7774,135,2025-09-14,paid_search,brand_search_q4,252.97,0.0,252.97,USD
7775,6702,2025-09-14,paid_search,brand_search_q4,83.33,0.0,83.33,USD
7776,3766,2025-09-14,organic,organic_direct,227.4,0.0,227.4,USD
7777,4077,2025-09-14,paid_search,retargeting_search,239.5,35.92,203.58,USD
7778,2987,2025-09-14,organic,organic_direct,225.37,22.54,202.83,USD
7779,2947,2025-09-14,email,winback,187.08,0.0,187.08,USD
7780,6858,2025-09-14,affiliate,coupon_site,111.92,16.79,95.13,USD
7781,6951,2025-09-14,email,newsletter_weekly,190.64,0.0,190.64,USD
7782,6435,2025-09-14,paid_social,meta_prospecting,221.5,33.23,188.27,USD
7783,3383,2025-09-14,paid_search,generic_shoes,47.13,0.0,47.13,USD
7784,1656,2025-09-14,paid_search,retargeting_search,194.08,0.0,194.08,USD
7785,5500,2025-09-14,paid_social,tiktok_awareness,113.94,5.7,108.24,USD
7786,7764,2025-09-14,email,newsletter_weekly,220.59,22.06,198.53,USD
7787,6644,2025-09-14,email,newsletter_weekly,179.93,17.99,161.94,USD
7788,4895,2025-09-14,organic,organic_direct,43.02,6.45,36.57,USD
7789,6266,2025-09-14,paid_search,brand_search_q4,55.68,0.0,55.68,USD
7790,480,2025-09-14,paid_search,generic_shoes,112.65,11.27,101.38,USD
7791,3238,2025-09-14,organic,organic_direct,28.76,0.0,28.76,USD
7792,6970,2025-09-14,paid_search,generic_shoes,268.19,0.0,268.19,USD
7793,4728,2025-09-14,organic,organic_direct,124.67,18.7,105.97,USD
7794,7997,2025-09-14,paid_search,generic_shoes,88.09,0.0,88.09,USD
7795,1910,2025-09-14,organic,organic_direct,202.16,30.32,171.84,USD
7796,6206,2025-09-14,affiliate,partner_blog,150.11,7.51,142.6,USD
7797,4640,2025-09-14,organic,organic_direct,119.43,0.0,119.43,USD
7798,5595,2025-09-14,organic,organic_direct,140.04,0.0,140.04,USD
7799,3943,2025-09-14,organic,organic_direct,83.23,0.0,83.23,USD
7800,2692,2025-09-14,affiliate,partner_blog,236.59,23.66,212.93,USD
7801,1808,2025-09-14,paid_social,meta_prospecting,258.76,12.94,245.82,USD
7802,6036,2025-09-14,paid_search,retargeting_search,173.58,26.04,147.54,USD
7803,1279,2025-09-15,paid_search,retargeting_search,210.18,21.02,189.16,USD
7804,5616,2025-09-15,paid_social,meta_prospecting,238.37,35.76,202.61,USD
7805,6753,2025-09-15,paid_social,meta_retarget,161.91,8.1,153.81,USD
7806,527,2025-09-15,paid_search,retargeting_search,163.55,24.53,139.02,USD
7807,5987,2025-09-15,paid_search,retargeting_search,192.17,0.0,192.17,USD
7808,7233,2025-09-15,paid_social,meta_prospecting,282.6,0.0,282.6,USD
7809,860,2025-09-15,paid_search,retargeting_search,145.62,0.0,145.62,USD
7810,3375,2025-09-15,organic,organic_direct,245.5,0.0,245.5,USD
7811,5445,2025-09-15,organic,organic_direct,191.53,0.0,191.53,USD
7812,138,2025-09-15,organic,organic_direct,170.81,0.0,170.81,USD
7813,2255,2025-09-15,organic,organic_direct,282.02,0.0,282.02,USD
7814,923,2025-09-15,organic,organic_direct,136.57,13.66,122.91,USD
7815,3309,2025-09-15,affiliate,coupon_site,159.11,0.0,159.11,USD
7816,4099,2025-09-15,organic,organic_direct,141.28,7.06,134.22,USD
7817,5747,2025-09-15,paid_search,brand_search_q4,123.4,0.0,123.4,USD
7818,6792,2025-09-15,organic,organic_direct,100.22,5.01,95.21,USD
7819,4315,2025-09-15,email,winback,127.53,12.75,114.78,USD
7820,2717,2025-09-15,paid_search,retargeting_search,50.87,5.09,45.78,USD
7821,5742,2025-09-15,email,newsletter_weekly,242.78,0.0,242.78,USD
7822,910,2025-09-15,paid_search,brand_search_q4,70.98,0.0,70.98,USD
7823,3268,2025-09-15,paid_search,generic_shoes,93.58,14.04,79.54,USD
7824,2394,2025-09-15,organic,organic_direct,205.3,0.0,205.3,USD
7825,7418,2025-09-15,paid_social,meta_retarget,65.15,3.26,61.89,USD
7826,913,2025-09-15,paid_social,tiktok_awareness,150.68,0.0,150.68,USD
7827,937,2025-09-15,organic,organic_direct,102.61,15.39,87.22,USD
7828,1408,2025-09-15,paid_social,meta_retarget,56.16,0.0,56.16,USD
7829,2633,2025-09-15,email,cart_abandon,148.57,0.0,148.57,USD
7830,5736,2025-09-15,paid_social,meta_prospecting,97.12,4.86,92.26,USD
7831,7409,2025-09-15,organic,organic_direct,224.23,22.42,201.81,USD
7832,3877,2025-09-15,email,cart_abandon,15.02,2.25,12.77,USD
7833,4268,2025-09-15,paid_search,brand_search_q4,27.6,1.38,26.22,USD
7834,4181,2025-09-15,organic,organic_direct,189.01,0.0,189.01,USD
7835,1736,2025-09-15,organic,organic_direct,240.53,0.0,240.53,USD
7836,3143,2025-09-15,paid_search,generic_shoes,17.91,0.0,17.91,USD
7837,2794,2025-09-15,paid_social,meta_prospecting,104.31,15.65,88.66,USD
7838,229,2025-09-15,paid_search,retargeting_search,241.46,12.07,229.39,USD
7839,6403,2025-09-15,paid_search,brand_search_q4,205.8,0.0,205.8,USD
7840,762,2025-09-15,email,cart_abandon,56.08,0.0,56.08,USD
7841,2135,2025-09-15,paid_search,retargeting_search,15.88,0.0,15.88,USD
7842,6683,2025-09-15,paid_social,tiktok_awareness,88.08,13.21,74.87,USD
7843,1455,2025-09-15,paid_social,meta_prospecting,191.24,19.12,172.12,USD
7844,6997,2025-09-15,paid_social,tiktok_awareness,130.96,0.0,130.96,USD
7845,610,2025-09-15,organic,organic_direct,43.45,4.35,39.1,USD
7846,3468,2025-09-15,paid_social,meta_retarget,231.04,0.0,231.04,USD
7847,2482,2025-09-15,organic,organic_direct,72.9,0.0,72.9,USD
7848,5269,2025-09-15,affiliate,coupon_site,264.8,0.0,264.8,USD
7849,4458,2025-09-15,organic,organic_direct,47.72,4.77,42.95,USD
7850,6926,2025-09-15,paid_social,meta_prospecting,294.95,14.75,280.2,USD
7851,206,2025-09-15,paid_social,meta_prospecting,30.49,0.0,30.49,USD
7852,2409,2025-09-15,paid_social,meta_prospecting,106.77,10.68,96.09,USD
7853,3072,2025-09-15,organic,organic_direct,89.79,0.0,89.79,USD
7854,5374,2025-09-15,paid_social,tiktok_awareness,175.09,0.0,175.09,USD
7855,698,2025-09-15,email,winback,61.18,0.0,61.18,USD
7856,2655,2025-09-15,paid_search,retargeting_search,81.36,0.0,81.36,USD
7857,2366,2025-09-15,paid_social,meta_retarget,124.32,12.43,111.89,USD
7858,1207,2025-09-15,paid_search,retargeting_search,70.48,3.52,66.96,USD
7859,3553,2025-09-15,paid_search,brand_search_q4,165.94,8.3,157.64,USD
7860,6059,2025-09-15,paid_social,meta_prospecting,49.05,0.0,49.05,USD
7861,3191,2025-09-15,email,cart_abandon,276.94,0.0,276.94,USD
7862,7703,2025-09-15,paid_social,meta_retarget,95.66,0.0,95.66,USD
7863,3919,2025-09-15,paid_social,meta_prospecting,264.94,0.0,264.94,USD
7864,4465,2025-09-15,paid_social,meta_prospecting,62.56,0.0,62.56,USD
7865,7653,2025-09-15,paid_search,brand_search_q4,196.55,19.66,176.89,USD
7866,5697,2025-09-15,email,winback,248.35,0.0,248.35,USD
7867,6988,2025-09-15,paid_search,brand_search_q4,62.95,3.15,59.8,USD
7868,6511,2025-09-15,email,newsletter_weekly,238.65,0.0,238.65,USD
7869,7120,2025-09-15,organic,organic_direct,104.88,10.49,94.39,USD
7870,5882,2025-09-15,paid_social,tiktok_awareness,264.9,0.0,264.9,USD
7871,1377,2025-09-15,paid_social,meta_prospecting,60.67,9.1,51.57,USD
7872,939,2025-09-15,organic,organic_direct,276.38,0.0,276.38,USD
7873,2317,2025-09-15,email,newsletter_weekly,201.53,0.0,201.53,USD
7874,7871,2025-09-15,email,cart_abandon,117.47,11.75,105.72,USD
7875,7753,2025-09-15,paid_search,retargeting_search,164.56,8.23,156.33,USD
7876,744,2025-09-15,paid_search,generic_shoes,17.71,2.66,15.05,USD
7877,2150,2025-09-15,organic,organic_direct,128.12,0.0,128.12,USD
7878,1700,2025-09-15,paid_search,retargeting_search,268.96,26.9,242.06,USD
7879,531,2025-09-15,paid_social,meta_retarget,101.91,0.0,101.91,USD
7880,4306,2025-09-15,organic,organic_direct,119.86,17.98,101.88,USD
7881,5438,2025-09-15,email,newsletter_weekly,38.1,0.0,38.1,USD
7882,4326,2025-09-15,organic,organic_direct,147.66,0.0,147.66,USD
7883,2720,2025-09-16,affiliate,partner_blog,74.48,0.0,74.48,USD
7884,2599,2025-09-16,organic,organic_direct,203.3,0.0,203.3,USD
7885,934,2025-09-16,paid_search,brand_search_q4,61.56,0.0,61.56,USD
7886,4355,2025-09-16,email,cart_abandon,181.88,27.28,154.6,USD
7887,1612,2025-09-16,paid_social,meta_retarget,214.12,21.41,192.71,USD
7888,13,2025-09-16,organic,organic_direct,55.6,2.78,52.82,USD
7889,4270,2025-09-16,organic,organic_direct,66.13,6.61,59.52,USD
7890,7056,2025-09-16,organic,organic_direct,182.52,27.38,155.14,USD
7891,987,2025-09-16,paid_social,tiktok_awareness,126.23,0.0,126.23,USD
7892,3503,2025-09-16,email,cart_abandon,224.1,0.0,224.1,USD
7893,3776,2025-09-16,organic,organic_direct,162.09,0.0,162.09,USD
7894,5740,2025-09-16,email,winback,84.54,12.68,71.86,USD
7895,3076,2025-09-16,paid_search,brand_search_q4,61.77,0.0,61.77,USD
7896,4501,2025-09-16,paid_social,tiktok_awareness,177.19,8.86,168.33,USD
7897,4416,2025-09-16,organic,organic_direct,214.33,0.0,214.33,USD
7898,6798,2025-09-16,paid_search,brand_search_q4,154.08,0.0,154.08,USD
7899,74,2025-09-16,organic,organic_direct,271.11,27.11,244.0,USD
7900,6432,2025-09-16,paid_search,retargeting_search,184.18,0.0,184.18,USD
7901,3867,2025-09-16,paid_search,retargeting_search,44.67,6.7,37.97,USD
7902,6793,2025-09-16,paid_search,retargeting_search,195.36,0.0,195.36,USD
7903,216,2025-09-16,paid_search,generic_shoes,63.76,6.38,57.38,USD
7904,4686,2025-09-16,email,newsletter_weekly,144.02,0.0,144.02,USD
7905,5572,2025-09-16,paid_social,meta_retarget,47.51,7.13,40.38,USD
7906,2253,2025-09-16,paid_search,generic_shoes,297.06,29.71,267.35,USD
7907,2780,2025-09-16,affiliate,coupon_site,59.54,5.95,53.59,USD
7908,1145,2025-09-16,organic,organic_direct,246.55,12.33,234.22,USD
7909,3900,2025-09-16,affiliate,coupon_site,80.66,0.0,80.66,USD
7910,3601,2025-09-16,organic,organic_direct,139.09,6.95,132.14,USD
7911,4090,2025-09-16,organic,organic_direct,65.4,0.0,65.4,USD
7912,1534,2025-09-16,organic,organic_direct,207.8,0.0,207.8,USD
7913,6669,2025-09-16,email,winback,51.92,0.0,51.92,USD
7914,42,2025-09-16,paid_search,brand_search_q4,251.06,0.0,251.06,USD
7915,6276,2025-09-16,paid_social,tiktok_awareness,164.89,0.0,164.89,USD
7916,7102,2025-09-16,affiliate,coupon_site,179.81,0.0,179.81,USD
7917,2381,2025-09-16,affiliate,coupon_site,34.72,1.74,32.98,USD
7918,4116,2025-09-16,paid_search,retargeting_search,83.78,8.38,75.4,USD
7919,420,2025-09-16,paid_social,meta_retarget,57.66,0.0,57.66,USD
7920,4248,2025-09-16,affiliate,coupon_site,49.47,2.47,47.0,USD
7921,3191,2025-09-16,organic,organic_direct,212.34,10.62,201.72,USD
7922,2027,2025-09-16,paid_search,retargeting_search,136.96,20.54,116.42,USD
7923,7059,2025-09-16,organic,organic_direct,239.75,0.0,239.75,USD
7924,2523,2025-09-16,paid_search,retargeting_search,88.43,4.42,84.01,USD
7925,3060,2025-09-16,paid_search,brand_search_q4,279.28,0.0,279.28,USD
7926,7345,2025-09-16,organic,organic_direct,154.66,0.0,154.66,USD
7927,1770,2025-09-16,organic,organic_direct,55.82,8.37,47.45,USD
7928,941,2025-09-16,paid_social,tiktok_awareness,226.19,0.0,226.19,USD
7929,5085,2025-09-16,affiliate,partner_blog,263.01,0.0,263.01,USD
7930,1370,2025-09-16,organic,organic_direct,20.23,3.03,17.2,USD
7931,4538,2025-09-16,email,newsletter_weekly,75.75,3.79,71.96,USD
7932,3330,2025-09-16,email,newsletter_weekly,209.28,31.39,177.89,USD
7933,1942,2025-09-16,affiliate,partner_blog,273.09,27.31,245.78,USD
7934,4915,2025-09-16,organic,organic_direct,88.55,4.43,84.12,USD
7935,6434,2025-09-16,paid_social,tiktok_awareness,244.53,36.68,207.85,USD
7936,2534,2025-09-16,organic,organic_direct,270.12,13.51,256.61,USD
7937,7065,2025-09-16,organic,organic_direct,251.85,0.0,251.85,USD
7938,4103,2025-09-16,paid_search,brand_search_q4,99.96,5.0,94.96,USD
7939,20,2025-09-16,paid_social,meta_retarget,95.03,0.0,95.03,USD
7940,5867,2025-09-16,paid_search,retargeting_search,102.82,15.42,87.4,USD
7941,2695,2025-09-16,organic,organic_direct,226.23,0.0,226.23,USD
7942,4804,2025-09-16,organic,organic_direct,157.34,23.6,133.74,USD
7943,4320,2025-09-16,paid_social,tiktok_awareness,21.74,2.17,19.57,USD
7944,5678,2025-09-16,email,cart_abandon,219.22,10.96,208.26,USD
7945,7706,2025-09-16,organic,organic_direct,285.91,0.0,285.91,USD
7946,637,2025-09-16,organic,organic_direct,85.47,0.0,85.47,USD
7947,1720,2025-09-16,paid_search,brand_search_q4,152.33,0.0,152.33,USD
7948,4367,2025-09-16,organic,organic_direct,75.43,3.77,71.66,USD
7949,2224,2025-09-16,organic,organic_direct,55.27,5.53,49.74,USD
7950,7803,2025-09-16,paid_search,retargeting_search,187.54,0.0,187.54,USD
7951,5174,2025-09-16,organic,organic_direct,162.58,0.0,162.58,USD
7952,2227,2025-09-16,paid_search,generic_shoes,39.17,1.96,37.21,USD
7953,4103,2025-09-16,paid_social,tiktok_awareness,129.76,0.0,129.76,USD
7954,2799,2025-09-16,email,cart_abandon,56.39,2.82,53.57,USD
7955,2039,2025-09-16,paid_social,meta_retarget,83.62,0.0,83.62,USD
7956,5812,2025-09-16,paid_social,tiktok_awareness,223.95,0.0,223.95,USD
7957,700,2025-09-16,email,cart_abandon,95.1,9.51,85.59,USD
7958,2054,2025-09-16,organic,organic_direct,74.17,0.0,74.17,USD
7959,5242,2025-09-16,email,winback,165.36,0.0,165.36,USD
7960,6066,2025-09-16,organic,organic_direct,92.66,9.27,83.39,USD
7961,3313,2025-09-16,organic,organic_direct,156.09,23.41,132.68,USD
7962,4419,2025-09-16,paid_social,meta_prospecting,155.7,0.0,155.7,USD
7963,25,2025-09-16,paid_search,generic_shoes,144.82,21.72,123.1,USD
7964,6628,2025-09-16,paid_search,brand_search_q4,84.04,0.0,84.04,USD
7965,5320,2025-09-16,organic,organic_direct,23.34,2.33,21.01,USD
7966,206,2025-09-16,paid_search,brand_search_q4,70.5,0.0,70.5,USD
7967,6642,2025-09-16,paid_social,meta_prospecting,141.43,0.0,141.43,USD
7968,1375,2025-09-16,paid_search,generic_shoes,14.79,0.0,14.79,USD
7969,3168,2025-09-16,organic,organic_direct,272.04,0.0,272.04,USD
7970,162,2025-09-16,paid_search,generic_shoes,144.68,0.0,144.68,USD
7971,4514,2025-09-16,organic,organic_direct,224.08,0.0,224.08,USD
7972,5243,2025-09-16,paid_search,brand_search_q4,160.44,24.07,136.37,USD
7973,2342,2025-09-16,organic,organic_direct,170.28,17.03,153.25,USD
7974,7045,2025-09-16,email,winback,231.5,34.73,196.77,USD
7975,2226,2025-09-16,paid_search,brand_search_q4,167.4,25.11,142.29,USD
7976,2968,2025-09-16,affiliate,partner_blog,17.69,2.65,15.04,USD
7977,4573,2025-09-16,paid_social,meta_prospecting,280.88,42.13,238.75,USD
7978,615,2025-09-16,paid_search,generic_shoes,90.16,9.02,81.14,USD
7979,903,2025-09-16,affiliate,coupon_site,69.97,0.0,69.97,USD
7980,7885,2025-09-16,paid_social,meta_retarget,90.31,0.0,90.31,USD
7981,974,2025-09-16,paid_search,retargeting_search,45.63,4.56,41.07,USD
7982,4603,2025-09-16,affiliate,partner_blog,62.2,3.11,59.09,USD
7983,7520,2025-09-16,organic,organic_direct,17.06,2.56,14.5,USD
7984,4935,2025-09-16,organic,organic_direct,175.72,0.0,175.72,USD
7985,2975,2025-09-17,organic,organic_direct,162.14,16.21,145.93,USD
7986,7441,2025-09-17,organic,organic_direct,110.35,5.52,104.83,USD
7987,6790,2025-09-17,paid_search,generic_shoes,76.96,0.0,76.96,USD
7988,5018,2025-09-17,paid_search,retargeting_search,151.73,0.0,151.73,USD
7989,4570,2025-09-17,paid_search,brand_search_q4,51.14,2.56,48.58,USD
7990,1337,2025-09-17,email,newsletter_weekly,22.43,0.0,22.43,USD
7991,345,2025-09-17,paid_social,meta_retarget,98.34,0.0,98.34,USD
7992,6126,2025-09-17,paid_search,generic_shoes,189.94,0.0,189.94,USD
7993,320,2025-09-17,email,newsletter_weekly,51.23,0.0,51.23,USD
7994,2759,2025-09-17,email,winback,185.43,9.27,176.16,USD
7995,1384,2025-09-17,affiliate,partner_blog,158.1,0.0,158.1,USD
7996,2722,2025-09-17,organic,organic_direct,224.34,0.0,224.34,USD
7997,575,2025-09-17,paid_search,brand_search_q4,63.95,0.0,63.95,USD
7998,5412,2025-09-17,paid_social,meta_retarget,128.59,6.43,122.16,USD
7999,7403,2025-09-17,affiliate,coupon_site,242.89,0.0,242.89,USD
8000,814,2025-09-17,email,cart_abandon,269.02,13.45,255.57,USD
8001,2848,2025-09-17,email,newsletter_weekly,30.34,0.0,30.34,USD
8002,4899,2025-09-17,paid_social,meta_prospecting,38.75,3.88,34.87,USD
8003,1444,2025-09-17,organic,organic_direct,199.84,29.98,169.86,USD
8004,62,2025-09-17,paid_social,meta_retarget,69.81,0.0,69.81,USD
8005,4344,2025-09-17,organic,organic_direct,60.86,6.09,54.77,USD
8006,4623,2025-09-17,organic,organic_direct,75.06,3.75,71.31,USD
8007,5143,2025-09-17,organic,organic_direct,165.91,0.0,165.91,USD
8008,2231,2025-09-17,organic,organic_direct,21.67,0.0,21.67,USD
8009,4929,2025-09-17,affiliate,coupon_site,76.15,0.0,76.15,USD
8010,4324,2025-09-17,paid_social,meta_prospecting,212.64,10.63,202.01,USD
8011,6394,2025-09-17,paid_search,generic_shoes,247.45,12.37,235.08,USD
8012,5766,2025-09-17,email,newsletter_weekly,269.31,0.0,269.31,USD
8013,329,2025-09-17,organic,organic_direct,91.05,4.55,86.5,USD
8014,6015,2025-09-17,organic,organic_direct,60.22,3.01,57.21,USD
8015,15,2025-09-17,organic,organic_direct,47.35,0.0,47.35,USD
8016,6645,2025-09-17,affiliate,coupon_site,251.27,0.0,251.27,USD
8017,3620,2025-09-17,affiliate,coupon_site,236.64,0.0,236.64,USD
8018,3584,2025-09-17,paid_search,brand_search_q4,88.32,13.25,75.07,USD
8019,4065,2025-09-17,email,cart_abandon,96.25,14.44,81.81,USD
8020,2494,2025-09-17,paid_social,tiktok_awareness,235.34,11.77,223.57,USD
8021,1951,2025-09-17,paid_social,meta_retarget,297.35,0.0,297.35,USD
8022,2524,2025-09-17,paid_search,brand_search_q4,103.5,0.0,103.5,USD
8023,1049,2025-09-17,organic,organic_direct,95.35,14.3,81.05,USD
8024,4224,2025-09-17,paid_search,retargeting_search,261.22,0.0,261.22,USD
8025,6252,2025-09-17,paid_social,tiktok_awareness,295.02,29.5,265.52,USD
8026,3617,2025-09-17,paid_search,brand_search_q4,116.6,0.0,116.6,USD
8027,4864,2025-09-17,paid_social,meta_prospecting,98.08,0.0,98.08,USD
8028,7520,2025-09-17,email,winback,253.39,25.34,228.05,USD
8029,2640,2025-09-17,paid_social,tiktok_awareness,181.66,27.25,154.41,USD
8030,755,2025-09-17,organic,organic_direct,132.82,6.64,126.18,USD
8031,3250,2025-09-18,affiliate,partner_blog,137.37,20.61,116.76,USD
8032,1435,2025-09-18,paid_search,brand_search_q4,247.91,24.79,223.12,USD
8033,7795,2025-09-18,paid_social,meta_prospecting,52.6,0.0,52.6,USD
8034,6388,2025-09-18,paid_search,generic_shoes,156.82,23.52,133.3,USD
8035,4538,2025-09-18,organic,organic_direct,19.06,2.86,16.2,USD
8036,4404,2025-09-18,paid_social,meta_retarget,58.49,8.77,49.72,USD
8037,219,2025-09-18,email,newsletter_weekly,62.53,6.25,56.28,USD
8038,6780,2025-09-18,email,winback,203.97,20.4,183.57,USD
8039,4265,2025-09-18,organic,organic_direct,60.95,0.0,60.95,USD
8040,1228,2025-09-18,organic,organic_direct,190.43,0.0,190.43,USD
8041,697,2025-09-18,paid_search,brand_search_q4,220.41,0.0,220.41,USD
8042,2847,2025-09-18,paid_social,meta_retarget,125.17,6.26,118.91,USD
8043,2202,2025-09-18,paid_social,meta_prospecting,186.47,0.0,186.47,USD
8044,1931,2025-09-18,paid_search,retargeting_search,67.86,0.0,67.86,USD
8045,260,2025-09-18,paid_search,brand_search_q4,251.79,0.0,251.79,USD
8046,1666,2025-09-18,paid_search,retargeting_search,36.85,5.53,31.32,USD
8047,6835,2025-09-18,affiliate,partner_blog,142.53,21.38,121.15,USD
8048,4081,2025-09-18,paid_social,tiktok_awareness,277.4,27.74,249.66,USD
8049,726,2025-09-18,organic,organic_direct,90.9,13.63,77.27,USD
8050,2584,2025-09-18,paid_social,tiktok_awareness,84.98,0.0,84.98,USD
8051,1681,2025-09-18,paid_social,meta_prospecting,72.72,0.0,72.72,USD
8052,5628,2025-09-18,affiliate,partner_blog,28.59,0.0,28.59,USD
8053,4145,2025-09-18,organic,organic_direct,201.7,0.0,201.7,USD
8054,1658,2025-09-18,paid_social,meta_prospecting,59.28,5.93,53.35,USD
8055,2241,2025-09-18,paid_social,meta_prospecting,31.57,3.16,28.41,USD
8056,7144,2025-09-18,paid_search,retargeting_search,145.34,0.0,145.34,USD
8057,927,2025-09-18,paid_social,tiktok_awareness,73.45,3.67,69.78,USD
8058,3435,2025-09-18,organic,organic_direct,39.97,6.0,33.97,USD
8059,2403,2025-09-18,paid_search,generic_shoes,55.07,5.51,49.56,USD
8060,6662,2025-09-18,email,newsletter_weekly,163.15,24.47,138.68,USD
8061,6477,2025-09-18,paid_social,meta_retarget,152.53,22.88,129.65,USD
8062,5458,2025-09-18,paid_search,retargeting_search,52.98,0.0,52.98,USD
8063,7103,2025-09-18,paid_search,brand_search_q4,212.6,21.26,191.34,USD
8064,4577,2025-09-18,paid_search,brand_search_q4,101.58,15.24,86.34,USD
8065,4689,2025-09-18,paid_social,meta_prospecting,97.28,4.86,92.42,USD
8066,1955,2025-09-18,organic,organic_direct,20.0,2.0,18.0,USD
8067,7461,2025-09-18,email,cart_abandon,263.43,0.0,263.43,USD
8068,5700,2025-09-18,organic,organic_direct,129.1,0.0,129.1,USD
8069,6989,2025-09-18,paid_search,generic_shoes,57.21,0.0,57.21,USD
8070,3370,2025-09-18,organic,organic_direct,133.37,0.0,133.37,USD
8071,5087,2025-09-18,paid_search,generic_shoes,112.25,0.0,112.25,USD
8072,6967,2025-09-18,paid_search,brand_search_q4,219.24,21.92,197.32,USD
8073,5175,2025-09-18,paid_search,brand_search_q4,212.91,31.94,180.97,USD
8074,7923,2025-09-18,paid_social,tiktok_awareness,216.15,32.42,183.73,USD
8075,3417,2025-09-18,paid_social,meta_prospecting,88.12,0.0,88.12,USD
8076,3850,2025-09-18,paid_search,retargeting_search,259.78,0.0,259.78,USD
8077,5489,2025-09-18,paid_search,brand_search_q4,219.6,0.0,219.6,USD
8078,3539,2025-09-18,email,winback,121.31,18.2,103.11,USD
8079,71,2025-09-18,affiliate,coupon_site,98.17,0.0,98.17,USD
8080,2586,2025-09-18,paid_social,meta_prospecting,95.68,14.35,81.33,USD
8081,664,2025-09-18,organic,organic_direct,271.48,0.0,271.48,USD
8082,3422,2025-09-18,affiliate,partner_blog,255.87,0.0,255.87,USD
8083,2026,2025-09-18,paid_search,brand_search_q4,166.36,0.0,166.36,USD
8084,6859,2025-09-18,paid_search,brand_search_q4,224.74,22.47,202.27,USD
8085,6090,2025-09-18,affiliate,partner_blog,24.13,0.0,24.13,USD
8086,5951,2025-09-18,email,cart_abandon,207.9,0.0,207.9,USD
8087,3141,2025-09-18,organic,organic_direct,119.71,0.0,119.71,USD
8088,7502,2025-09-18,affiliate,coupon_site,61.94,6.19,55.75,USD
8089,1368,2025-09-19,organic,organic_direct,215.7,10.79,204.91,USD
8090,4370,2025-09-19,organic,organic_direct,214.92,32.24,182.68,USD
8091,3688,2025-09-19,affiliate,coupon_site,80.52,0.0,80.52,USD
8092,2321,2025-09-19,affiliate,partner_blog,266.72,13.34,253.38,USD
8093,4039,2025-09-19,affiliate,coupon_site,94.11,0.0,94.11,USD
8094,755,2025-09-19,affiliate,coupon_site,280.71,42.11,238.6,USD
8095,7163,2025-09-19,paid_social,meta_prospecting,225.55,11.28,214.27,USD
8096,540,2025-09-19,organic,organic_direct,246.19,36.93,209.26,USD
8097,201,2025-09-19,paid_social,tiktok_awareness,240.86,0.0,240.86,USD
8098,3841,2025-09-19,organic,organic_direct,119.83,0.0,119.83,USD
8099,6860,2025-09-19,affiliate,partner_blog,197.62,0.0,197.62,USD
8100,4088,2025-09-19,paid_search,generic_shoes,241.17,12.06,229.11,USD
8101,5619,2025-09-19,email,cart_abandon,272.07,27.21,244.86,USD
8102,6780,2025-09-19,affiliate,partner_blog,125.81,0.0,125.81,USD
8103,320,2025-09-19,email,winback,226.02,0.0,226.02,USD
8104,700,2025-09-19,email,winback,294.15,29.41,264.74,USD
8105,6548,2025-09-19,paid_search,generic_shoes,117.67,0.0,117.67,USD
8106,5701,2025-09-19,organic,organic_direct,96.87,14.53,82.34,USD
8107,6339,2025-09-19,email,cart_abandon,283.95,0.0,283.95,USD
8108,4381,2025-09-19,paid_social,meta_retarget,158.67,23.8,134.87,USD
8109,4161,2025-09-19,paid_social,meta_prospecting,23.28,0.0,23.28,USD
8110,95,2025-09-19,paid_search,retargeting_search,82.75,0.0,82.75,USD
8111,7104,2025-09-19,affiliate,partner_blog,294.53,14.73,279.8,USD
8112,2200,2025-09-19,paid_social,tiktok_awareness,42.72,0.0,42.72,USD
8113,5620,2025-09-19,organic,organic_direct,23.91,0.0,23.91,USD
8114,6626,2025-09-19,organic,organic_direct,225.96,0.0,225.96,USD
8115,6152,2025-09-19,organic,organic_direct,256.96,25.7,231.26,USD
8116,2200,2025-09-19,paid_search,generic_shoes,60.87,0.0,60.87,USD
8117,6765,2025-09-19,organic,organic_direct,87.86,0.0,87.86,USD
8118,6547,2025-09-19,paid_social,tiktok_awareness,80.23,8.02,72.21,USD
8119,4377,2025-09-19,organic,organic_direct,109.9,16.48,93.42,USD
8120,2380,2025-09-19,email,cart_abandon,260.69,39.1,221.59,USD
8121,7520,2025-09-19,organic,organic_direct,45.6,0.0,45.6,USD
8122,3824,2025-09-19,organic,organic_direct,111.37,0.0,111.37,USD
8123,3270,2025-09-19,email,winback,72.29,3.61,68.68,USD
8124,3924,2025-09-19,email,newsletter_weekly,233.29,11.66,221.63,USD
8125,2984,2025-09-19,paid_social,meta_retarget,141.85,14.19,127.66,USD
8126,4199,2025-09-19,paid_social,tiktok_awareness,170.99,0.0,170.99,USD
8127,6153,2025-09-19,organic,organic_direct,248.2,24.82,223.38,USD
8128,5373,2025-09-19,organic,organic_direct,154.88,23.23,131.65,USD
8129,3218,2025-09-19,organic,organic_direct,68.16,3.41,64.75,USD
8130,5124,2025-09-19,paid_social,tiktok_awareness,169.29,8.46,160.83,USD
8131,5273,2025-09-19,organic,organic_direct,58.67,0.0,58.67,USD
8132,5391,2025-09-19,paid_social,meta_retarget,22.15,0.0,22.15,USD
8133,2221,2025-09-19,organic,organic_direct,173.39,0.0,173.39,USD
8134,5838,2025-09-19,organic,organic_direct,249.94,0.0,249.94,USD
8135,1413,2025-09-19,organic,organic_direct,239.85,0.0,239.85,USD
8136,61,2025-09-19,paid_search,retargeting_search,199.54,0.0,199.54,USD
8137,2161,2025-09-19,affiliate,partner_blog,32.46,4.87,27.59,USD
8138,1277,2025-09-19,organic,organic_direct,250.41,12.52,237.89,USD
8139,3527,2025-09-19,paid_search,retargeting_search,132.52,0.0,132.52,USD
8140,5047,2025-09-19,paid_search,retargeting_search,202.74,20.27,182.47,USD
8141,444,2025-09-19,organic,organic_direct,48.13,0.0,48.13,USD
8142,1137,2025-09-19,paid_search,generic_shoes,132.76,6.64,126.12,USD
8143,1329,2025-09-19,paid_social,meta_prospecting,170.61,25.59,145.02,USD
8144,4148,2025-09-19,affiliate,coupon_site,142.1,21.31,120.79,USD
8145,2535,2025-09-19,affiliate,partner_blog,179.3,26.89,152.41,USD
8146,2009,2025-09-19,email,cart_abandon,251.4,37.71,213.69,USD
8147,474,2025-09-19,paid_social,meta_retarget,112.87,0.0,112.87,USD
8148,6430,2025-09-19,organic,organic_direct,261.99,0.0,261.99,USD
8149,4650,2025-09-19,organic,organic_direct,200.37,20.04,180.33,USD
8150,5989,2025-09-19,organic,organic_direct,37.37,1.87,35.5,USD
8151,368,2025-09-19,email,winback,244.4,0.0,244.4,USD
8152,5791,2025-09-19,paid_search,generic_shoes,71.47,0.0,71.47,USD
8153,3592,2025-09-19,affiliate,partner_blog,62.97,0.0,62.97,USD
8154,7295,2025-09-19,paid_search,retargeting_search,159.69,0.0,159.69,USD
8155,2853,2025-09-19,email,winback,181.35,0.0,181.35,USD
8156,4399,2025-09-19,paid_social,meta_prospecting,231.81,0.0,231.81,USD
8157,6181,2025-09-19,email,cart_abandon,224.49,11.22,213.27,USD
8158,5869,2025-09-19,organic,organic_direct,39.45,5.92,33.53,USD
8159,6940,2025-09-19,paid_search,brand_search_q4,173.05,0.0,173.05,USD
8160,1252,2025-09-19,email,winback,151.2,15.12,136.08,USD
8161,2306,2025-09-19,affiliate,coupon_site,150.49,0.0,150.49,USD
8162,2247,2025-09-19,organic,organic_direct,49.26,2.46,46.8,USD
8163,1791,2025-09-19,organic,organic_direct,39.03,1.95,37.08,USD
8164,1158,2025-09-19,paid_search,brand_search_q4,31.53,0.0,31.53,USD
8165,6363,2025-09-19,organic,organic_direct,170.19,25.53,144.66,USD
8166,4190,2025-09-19,email,cart_abandon,109.78,0.0,109.78,USD
8167,2359,2025-09-19,paid_social,meta_prospecting,108.59,16.29,92.3,USD
8168,5390,2025-09-20,organic,organic_direct,42.11,0.0,42.11,USD
8169,4828,2025-09-20,affiliate,partner_blog,37.84,0.0,37.84,USD
8170,3525,2025-09-20,paid_social,meta_retarget,29.4,2.94,26.46,USD
8171,6170,2025-09-20,paid_social,meta_retarget,136.38,0.0,136.38,USD
8172,523,2025-09-20,organic,organic_direct,257.36,0.0,257.36,USD
8173,2581,2025-09-20,organic,organic_direct,204.03,10.2,193.83,USD
8174,1429,2025-09-20,paid_search,brand_search_q4,160.66,0.0,160.66,USD
8175,5951,2025-09-20,affiliate,coupon_site,219.26,10.96,208.3,USD
8176,3083,2025-09-20,affiliate,partner_blog,144.62,7.23,137.39,USD
8177,3399,2025-09-20,email,winback,272.34,13.62,258.72,USD
8178,1610,2025-09-20,email,winback,121.43,0.0,121.43,USD
8179,1330,2025-09-20,paid_social,meta_prospecting,52.94,0.0,52.94,USD
8180,7694,2025-09-20,paid_search,generic_shoes,65.02,0.0,65.02,USD
8181,3703,2025-09-20,paid_social,meta_prospecting,103.63,15.54,88.09,USD
8182,3008,2025-09-20,affiliate,partner_blog,132.88,0.0,132.88,USD
8183,5576,2025-09-20,organic,organic_direct,152.08,0.0,152.08,USD
8184,3828,2025-09-20,organic,organic_direct,48.41,0.0,48.41,USD
8185,4735,2025-09-20,paid_social,tiktok_awareness,149.62,0.0,149.62,USD
8186,4064,2025-09-20,paid_search,brand_search_q4,244.87,0.0,244.87,USD
8187,2565,2025-09-20,paid_social,meta_prospecting,163.25,24.49,138.76,USD
8188,6469,2025-09-20,affiliate,partner_blog,193.06,19.31,173.75,USD
8189,3566,2025-09-20,organic,organic_direct,146.52,21.98,124.54,USD
8190,4843,2025-09-20,email,newsletter_weekly,81.96,12.29,69.67,USD
8191,2466,2025-09-20,paid_social,meta_retarget,94.17,9.42,84.75,USD
8192,5441,2025-09-20,paid_search,brand_search_q4,194.61,0.0,194.61,USD
8193,1337,2025-09-20,paid_search,retargeting_search,158.8,0.0,158.8,USD
8194,5663,2025-09-20,paid_social,tiktok_awareness,270.55,0.0,270.55,USD
8195,7706,2025-09-20,email,winback,81.49,0.0,81.49,USD
8196,6236,2025-09-20,paid_search,retargeting_search,42.98,2.15,40.83,USD
8197,1964,2025-09-20,paid_social,meta_prospecting,285.39,14.27,271.12,USD
8198,5925,2025-09-20,paid_social,meta_prospecting,296.23,29.62,266.61,USD
8199,1383,2025-09-20,paid_search,retargeting_search,108.37,10.84,97.53,USD
8200,1989,2025-09-20,email,cart_abandon,34.95,0.0,34.95,USD
8201,7496,2025-09-20,email,newsletter_weekly,112.42,5.62,106.8,USD
8202,6544,2025-09-20,paid_search,generic_shoes,99.08,4.95,94.13,USD
8203,6658,2025-09-20,organic,organic_direct,116.63,11.66,104.97,USD
8204,1758,2025-09-20,paid_social,meta_retarget,101.03,15.15,85.88,USD
8205,7177,2025-09-20,affiliate,partner_blog,212.36,21.24,191.12,USD
8206,5501,2025-09-20,paid_social,tiktok_awareness,72.03,0.0,72.03,USD
8207,5081,2025-09-20,affiliate,coupon_site,288.98,14.45,274.53,USD
8208,5700,2025-09-20,paid_social,meta_retarget,116.27,0.0,116.27,USD
8209,7724,2025-09-20,email,winback,260.32,39.05,221.27,USD
8210,2134,2025-09-20,paid_social,meta_retarget,48.71,7.31,41.4,USD
8211,1696,2025-09-20,paid_search,generic_shoes,22.07,3.31,18.76,USD
8212,7158,2025-09-20,email,cart_abandon,127.78,12.78,115.0,USD
8213,4963,2025-09-20,affiliate,partner_blog,149.05,0.0,149.05,USD
8214,7349,2025-09-20,paid_search,retargeting_search,243.46,0.0,243.46,USD
8215,7142,2025-09-20,organic,organic_direct,148.93,0.0,148.93,USD
8216,4339,2025-09-20,paid_search,brand_search_q4,144.94,0.0,144.94,USD
8217,1039,2025-09-20,organic,organic_direct,57.25,0.0,57.25,USD
8218,1808,2025-09-20,organic,organic_direct,54.13,0.0,54.13,USD
8219,388,2025-09-20,email,newsletter_weekly,205.88,30.88,175.0,USD
8220,3605,2025-09-20,organic,organic_direct,154.8,0.0,154.8,USD
8221,7135,2025-09-20,email,newsletter_weekly,195.11,0.0,195.11,USD
8222,640,2025-09-20,affiliate,coupon_site,217.57,10.88,206.69,USD
8223,903,2025-09-20,organic,organic_direct,70.24,7.02,63.22,USD
8224,4099,2025-09-20,paid_social,meta_retarget,236.26,0.0,236.26,USD
8225,5046,2025-09-20,paid_search,generic_shoes,171.86,0.0,171.86,USD
8226,3207,2025-09-20,paid_search,retargeting_search,199.66,19.97,179.69,USD
8227,2574,2025-09-20,paid_social,meta_retarget,169.57,16.96,152.61,USD
8228,6037,2025-09-20,paid_social,meta_retarget,222.52,0.0,222.52,USD
8229,7825,2025-09-20,paid_search,retargeting_search,204.3,0.0,204.3,USD
8230,4192,2025-09-20,organic,organic_direct,210.89,0.0,210.89,USD
8231,5629,2025-09-20,paid_search,brand_search_q4,253.07,0.0,253.07,USD
8232,1994,2025-09-20,paid_search,retargeting_search,217.61,21.76,195.85,USD
8233,1335,2025-09-20,email,newsletter_weekly,150.11,15.01,135.1,USD
8234,1241,2025-09-20,paid_social,meta_prospecting,293.48,44.02,249.46,USD
8235,1791,2025-09-20,paid_search,generic_shoes,128.02,19.2,108.82,USD
8236,1406,2025-09-20,paid_social,meta_retarget,59.82,5.98,53.84,USD
8237,7097,2025-09-20,affiliate,coupon_site,105.98,5.3,100.68,USD
8238,7080,2025-09-20,email,winback,89.69,4.48,85.21,USD
8239,5464,2025-09-20,paid_search,retargeting_search,134.24,0.0,134.24,USD
8240,5062,2025-09-20,paid_search,brand_search_q4,189.85,18.98,170.87,USD
8241,5156,2025-09-20,affiliate,coupon_site,253.54,0.0,253.54,USD
8242,3899,2025-09-20,paid_social,meta_prospecting,124.71,0.0,124.71,USD
8243,289,2025-09-20,paid_social,meta_retarget,171.3,0.0,171.3,USD
8244,7822,2025-09-20,paid_search,generic_shoes,162.46,0.0,162.46,USD
8245,791,2025-09-20,organic,organic_direct,194.08,9.7,184.38,USD
8246,1730,2025-09-21,affiliate,coupon_site,167.77,0.0,167.77,USD
8247,3210,2025-09-21,affiliate,coupon_site,139.84,13.98,125.86,USD
8248,3611,2025-09-21,paid_social,meta_retarget,148.25,0.0,148.25,USD
8249,7004,2025-09-21,organic,organic_direct,108.65,0.0,108.65,USD
8250,6731,2025-09-21,email,newsletter_weekly,98.81,4.94,93.87,USD
8251,3276,2025-09-21,affiliate,coupon_site,143.03,7.15,135.88,USD
8252,582,2025-09-21,paid_social,meta_retarget,195.78,9.79,185.99,USD
8253,7422,2025-09-21,paid_social,tiktok_awareness,189.39,0.0,189.39,USD
8254,1030,2025-09-21,organic,organic_direct,216.56,32.48,184.08,USD
8255,5468,2025-09-21,organic,organic_direct,18.82,0.94,17.88,USD
8256,2838,2025-09-21,organic,organic_direct,241.59,24.16,217.43,USD
8257,6620,2025-09-21,organic,organic_direct,131.2,0.0,131.2,USD
8258,7207,2025-09-21,organic,organic_direct,129.57,6.48,123.09,USD
8259,726,2025-09-21,affiliate,partner_blog,46.19,2.31,43.88,USD
8260,1404,2025-09-21,organic,organic_direct,76.39,0.0,76.39,USD
8261,7965,2025-09-21,organic,organic_direct,219.34,0.0,219.34,USD
8262,3665,2025-09-21,paid_search,brand_search_q4,251.09,12.55,238.54,USD
8263,5927,2025-09-21,paid_search,brand_search_q4,153.83,7.69,146.14,USD
8264,4840,2025-09-21,paid_social,meta_prospecting,257.29,0.0,257.29,USD
8265,6412,2025-09-21,organic,organic_direct,181.55,27.23,154.32,USD
8266,1680,2025-09-21,organic,organic_direct,189.64,18.96,170.68,USD
8267,1334,2025-09-21,organic,organic_direct,209.18,10.46,198.72,USD
8268,5270,2025-09-21,paid_social,meta_retarget,97.77,0.0,97.77,USD
8269,27,2025-09-21,organic,organic_direct,125.23,0.0,125.23,USD
8270,1401,2025-09-21,affiliate,coupon_site,179.39,0.0,179.39,USD
8271,1770,2025-09-21,email,winback,256.27,0.0,256.27,USD
8272,6391,2025-09-21,paid_social,meta_prospecting,72.39,7.24,65.15,USD
8273,6909,2025-09-21,organic,organic_direct,242.89,0.0,242.89,USD
8274,2529,2025-09-21,organic,organic_direct,71.72,0.0,71.72,USD
8275,4100,2025-09-21,email,newsletter_weekly,71.4,0.0,71.4,USD
8276,2601,2025-09-21,affiliate,partner_blog,133.15,0.0,133.15,USD
8277,1826,2025-09-21,organic,organic_direct,154.42,0.0,154.42,USD
8278,2353,2025-09-21,organic,organic_direct,58.84,0.0,58.84,USD
8279,5712,2025-09-21,email,cart_abandon,205.65,0.0,205.65,USD
8280,4221,2025-09-21,organic,organic_direct,184.05,0.0,184.05,USD
8281,1678,2025-09-21,email,winback,33.35,3.34,30.01,USD
8282,1918,2025-09-21,paid_social,meta_retarget,260.37,39.06,221.31,USD
8283,5085,2025-09-21,paid_search,retargeting_search,41.45,0.0,41.45,USD
8284,603,2025-09-21,paid_search,brand_search_q4,156.22,0.0,156.22,USD
8285,4553,2025-09-21,organic,organic_direct,100.91,0.0,100.91,USD
8286,658,2025-09-21,paid_social,meta_prospecting,109.92,0.0,109.92,USD
8287,7097,2025-09-21,paid_search,generic_shoes,248.32,24.83,223.49,USD
8288,4004,2025-09-21,paid_social,meta_retarget,74.82,0.0,74.82,USD
8289,6478,2025-09-21,paid_search,brand_search_q4,162.72,8.14,154.58,USD
8290,3747,2025-09-21,email,newsletter_weekly,215.8,0.0,215.8,USD
8291,6644,2025-09-21,organic,organic_direct,31.74,1.59,30.15,USD
8292,3393,2025-09-21,organic,organic_direct,210.6,0.0,210.6,USD
8293,3396,2025-09-21,affiliate,partner_blog,68.13,6.81,61.32,USD
8294,6428,2025-09-21,organic,organic_direct,139.21,0.0,139.21,USD
8295,6804,2025-09-21,paid_search,retargeting_search,288.7,0.0,288.7,USD
8296,1073,2025-09-21,organic,organic_direct,272.69,40.9,231.79,USD
8297,6654,2025-09-21,email,newsletter_weekly,124.22,12.42,111.8,USD
8298,292,2025-09-21,affiliate,coupon_site,132.66,0.0,132.66,USD
8299,2148,2025-09-21,paid_search,generic_shoes,169.38,0.0,169.38,USD
8300,5263,2025-09-21,organic,organic_direct,60.94,0.0,60.94,USD
8301,1967,2025-09-21,affiliate,coupon_site,121.16,18.17,102.99,USD
8302,2642,2025-09-21,paid_search,generic_shoes,232.89,11.64,221.25,USD
8303,6440,2025-09-21,paid_social,tiktok_awareness,49.25,2.46,46.79,USD
8304,4032,2025-09-21,organic,organic_direct,251.59,0.0,251.59,USD
8305,1292,2025-09-21,email,winback,34.68,3.47,31.21,USD
8306,3952,2025-09-21,paid_search,generic_shoes,153.05,15.31,137.74,USD
8307,6560,2025-09-21,affiliate,partner_blog,96.68,0.0,96.68,USD
8308,1697,2025-09-21,paid_social,meta_prospecting,150.18,22.53,127.65,USD
8309,2651,2025-09-21,email,newsletter_weekly,114.81,0.0,114.81,USD
8310,1427,2025-09-21,organic,organic_direct,238.13,0.0,238.13,USD
8311,4097,2025-09-21,paid_search,generic_shoes,174.75,17.48,157.27,USD
8312,2318,2025-09-21,affiliate,coupon_site,69.67,3.48,66.19,USD
8313,4209,2025-09-21,paid_social,tiktok_awareness,239.58,0.0,239.58,USD
8314,1844,2025-09-21,organic,organic_direct,233.62,23.36,210.26,USD
8315,3942,2025-09-21,affiliate,partner_blog,120.13,6.01,114.12,USD
8316,3031,2025-09-21,paid_social,tiktok_awareness,220.21,33.03,187.18,USD
8317,3601,2025-09-21,paid_search,generic_shoes,97.19,0.0,97.19,USD
8318,7098,2025-09-21,email,cart_abandon,104.2,15.63,88.57,USD
8319,7426,2025-09-21,paid_social,meta_prospecting,23.93,3.59,20.34,USD
8320,5570,2025-09-21,organic,organic_direct,112.99,5.65,107.34,USD
8321,2806,2025-09-21,paid_social,meta_retarget,130.94,13.09,117.85,USD
8322,502,2025-09-21,paid_social,meta_prospecting,282.3,0.0,282.3,USD
8323,6153,2025-09-21,paid_search,brand_search_q4,130.51,6.53,123.98,USD
8324,4844,2025-09-21,paid_search,retargeting_search,102.58,0.0,102.58,USD
8325,1902,2025-09-21,organic,organic_direct,60.95,0.0,60.95,USD
8326,2692,2025-09-21,affiliate,coupon_site,93.13,9.31,83.82,USD
8327,58,2025-09-21,organic,organic_direct,143.02,0.0,143.02,USD
8328,718,2025-09-21,paid_social,tiktok_awareness,205.12,0.0,205.12,USD
8329,4400,2025-09-21,email,cart_abandon,196.59,0.0,196.59,USD
8330,2471,2025-09-21,paid_social,meta_retarget,17.56,0.0,17.56,USD
8331,7624,2025-09-21,paid_social,tiktok_awareness,70.21,10.53,59.68,USD
8332,5215,2025-09-21,paid_search,brand_search_q4,194.44,0.0,194.44,USD
8333,1526,2025-09-21,paid_search,generic_shoes,232.88,0.0,232.88,USD
8334,7049,2025-09-21,affiliate,coupon_site,249.87,24.99,224.88,USD
8335,1847,2025-09-22,affiliate,coupon_site,90.35,0.0,90.35,USD
8336,6050,2025-09-22,email,winback,210.55,31.58,178.97,USD
8337,1320,2025-09-22,affiliate,coupon_site,261.19,26.12,235.07,USD
8338,4536,2025-09-22,email,cart_abandon,305.31,0.0,305.31,USD
8339,2092,2025-09-22,email,winback,70.87,0.0,70.87,USD
8340,3817,2025-09-22,organic,organic_direct,199.17,0.0,199.17,USD
8341,6300,2025-09-22,organic,organic_direct,164.08,16.41,147.67,USD
8342,1920,2025-09-22,organic,organic_direct,18.44,0.0,18.44,USD
8343,3526,2025-09-22,paid_social,tiktok_awareness,187.87,28.18,159.69,USD
8344,1264,2025-09-22,paid_social,meta_retarget,216.63,0.0,216.63,USD
8345,7171,2025-09-22,paid_social,tiktok_awareness,108.45,0.0,108.45,USD
8346,1203,2025-09-22,paid_social,tiktok_awareness,75.76,0.0,75.76,USD
8347,5706,2025-09-22,paid_search,generic_shoes,282.65,42.4,240.25,USD
8348,3611,2025-09-22,paid_social,meta_retarget,42.05,6.31,35.74,USD
8349,7743,2025-09-22,paid_social,meta_retarget,153.28,7.66,145.62,USD
8350,1677,2025-09-22,paid_search,retargeting_search,117.59,0.0,117.59,USD
8351,2123,2025-09-22,paid_search,brand_search_q4,109.65,0.0,109.65,USD
8352,6277,2025-09-22,paid_social,meta_prospecting,79.1,0.0,79.1,USD
8353,6344,2025-09-22,paid_social,meta_retarget,252.04,0.0,252.04,USD
8354,7977,2025-09-22,paid_search,brand_search_q4,177.43,17.74,159.69,USD
8355,7124,2025-09-22,paid_search,generic_shoes,63.77,0.0,63.77,USD
8356,6319,2025-09-22,paid_search,retargeting_search,45.43,0.0,45.43,USD
8357,502,2025-09-22,email,winback,31.64,0.0,31.64,USD
8358,2046,2025-09-22,organic,organic_direct,122.55,12.26,110.29,USD
8359,7458,2025-09-22,paid_search,generic_shoes,100.8,0.0,100.8,USD
8360,323,2025-09-22,organic,organic_direct,254.23,0.0,254.23,USD
8361,4361,2025-09-22,email,winback,258.67,0.0,258.67,USD
8362,6487,2025-09-22,paid_search,generic_shoes,185.83,27.87,157.96,USD
8363,7392,2025-09-22,organic,organic_direct,256.21,38.43,217.78,USD
8364,6342,2025-09-22,email,cart_abandon,142.93,7.15,135.78,USD
8365,2785,2025-09-22,paid_search,generic_shoes,79.75,0.0,79.75,USD
8366,4018,2025-09-22,organic,organic_direct,53.53,5.35,48.18,USD
8367,5201,2025-09-22,email,cart_abandon,113.05,5.65,107.4,USD
8368,5555,2025-09-22,email,newsletter_weekly,136.15,0.0,136.15,USD
8369,4224,2025-09-22,affiliate,coupon_site,120.51,6.03,114.48,USD
8370,2560,2025-09-22,organic,organic_direct,87.35,13.1,74.25,USD
8371,6224,2025-09-22,paid_social,meta_prospecting,233.75,11.69,222.06,USD
8372,2997,2025-09-22,paid_search,brand_search_q4,114.71,0.0,114.71,USD
8373,1796,2025-09-22,email,winback,35.12,5.27,29.85,USD
8374,617,2025-09-22,affiliate,coupon_site,128.1,12.81,115.29,USD
8375,6087,2025-09-22,paid_social,meta_retarget,196.65,0.0,196.65,USD
8376,7924,2025-09-22,organic,organic_direct,180.32,0.0,180.32,USD
8377,5799,2025-09-22,paid_search,retargeting_search,128.48,0.0,128.48,USD
8378,6021,2025-09-22,email,cart_abandon,245.49,0.0,245.49,USD
8379,1444,2025-09-22,paid_search,brand_search_q4,49.51,0.0,49.51,USD
8380,2886,2025-09-22,organic,organic_direct,57.9,0.0,57.9,USD
8381,6891,2025-09-22,paid_social,tiktok_awareness,224.67,33.7,190.97,USD
8382,6212,2025-09-22,paid_social,meta_prospecting,147.1,0.0,147.1,USD
8383,2632,2025-09-22,email,newsletter_weekly,46.81,2.34,44.47,USD
8384,4029,2025-09-22,organic,organic_direct,192.62,0.0,192.62,USD
8385,6311,2025-09-22,paid_social,meta_prospecting,102.84,0.0,102.84,USD
8386,187,2025-09-22,paid_social,meta_prospecting,17.35,0.0,17.35,USD
8387,5923,2025-09-22,organic,organic_direct,135.96,6.8,129.16,USD
8388,540,2025-09-22,email,cart_abandon,149.0,0.0,149.0,USD
8389,3854,2025-09-22,paid_search,generic_shoes,287.75,14.39,273.36,USD
8390,2104,2025-09-22,paid_search,retargeting_search,150.47,22.57,127.9,USD
8391,898,2025-09-22,paid_social,tiktok_awareness,39.33,5.9,33.43,USD
8392,1346,2025-09-22,organic,organic_direct,224.76,0.0,224.76,USD
8393,5976,2025-09-22,paid_social,meta_retarget,86.3,0.0,86.3,USD
8394,7448,2025-09-22,paid_social,meta_retarget,100.83,15.12,85.71,USD
8395,374,2025-09-22,paid_search,brand_search_q4,93.1,0.0,93.1,USD
8396,2196,2025-09-22,email,newsletter_weekly,71.53,3.58,67.95,USD
8397,1504,2025-09-22,affiliate,coupon_site,172.43,25.86,146.57,USD
8398,6445,2025-09-22,organic,organic_direct,267.45,0.0,267.45,USD
8399,4515,2025-09-22,paid_social,meta_prospecting,163.15,0.0,163.15,USD
8400,4180,2025-09-22,paid_social,meta_prospecting,108.94,5.45,103.49,USD
8401,209,2025-09-22,paid_search,generic_shoes,212.41,0.0,212.41,USD
8402,561,2025-09-22,organic,organic_direct,159.49,15.95,143.54,USD
8403,1688,2025-09-22,paid_search,brand_search_q4,97.25,9.73,87.52,USD
8404,4918,2025-09-22,paid_search,retargeting_search,165.95,0.0,165.95,USD
8405,175,2025-09-22,organic,organic_direct,51.18,0.0,51.18,USD
8406,7,2025-09-22,organic,organic_direct,271.18,0.0,271.18,USD
8407,3030,2025-09-22,paid_search,retargeting_search,110.8,0.0,110.8,USD
8408,6160,2025-09-22,paid_social,tiktok_awareness,166.58,24.99,141.59,USD
8409,1350,2025-09-22,paid_social,meta_retarget,142.16,0.0,142.16,USD
8410,7388,2025-09-22,paid_search,generic_shoes,260.8,39.12,221.68,USD
8411,1115,2025-09-22,paid_search,brand_search_q4,174.07,0.0,174.07,USD
8412,5361,2025-09-22,paid_search,generic_shoes,112.67,0.0,112.67,USD
8413,1013,2025-09-22,paid_search,brand_search_q4,191.93,0.0,191.93,USD
8414,4646,2025-09-22,paid_social,meta_retarget,156.02,7.8,148.22,USD
8415,7446,2025-09-22,organic,organic_direct,140.27,14.03,126.24,USD
8416,3883,2025-09-22,organic,organic_direct,98.77,0.0,98.77,USD
8417,4605,2025-09-22,organic,organic_direct,224.07,11.2,212.87,USD
8418,6571,2025-09-22,organic,organic_direct,209.13,0.0,209.13,USD
8419,7917,2025-09-22,paid_search,generic_shoes,15.96,2.39,13.57,USD
8420,6277,2025-09-22,paid_search,generic_shoes,109.1,5.46,103.64,USD
8421,7370,2025-09-22,paid_search,brand_search_q4,138.63,0.0,138.63,USD
8422,6686,2025-09-22,paid_social,meta_retarget,230.25,0.0,230.25,USD
8423,3013,2025-09-22,paid_search,brand_search_q4,78.87,11.83,67.04,USD
8424,6084,2025-09-22,paid_social,meta_prospecting,272.17,27.22,244.95,USD
8425,3675,2025-09-22,paid_search,generic_shoes,38.06,1.9,36.16,USD
8426,1271,2025-09-23,organic,organic_direct,50.91,0.0,50.91,USD
8427,933,2025-09-23,affiliate,partner_blog,82.91,0.0,82.91,USD
8428,6244,2025-09-23,paid_social,meta_prospecting,207.7,10.38,197.32,USD
8429,4819,2025-09-23,organic,organic_direct,101.8,0.0,101.8,USD
8430,132,2025-09-23,paid_social,tiktok_awareness,84.54,0.0,84.54,USD
8431,912,2025-09-23,email,cart_abandon,177.02,8.85,168.17,USD
8432,3610,2025-09-23,email,cart_abandon,255.86,12.79,243.07,USD
8433,4673,2025-09-23,paid_search,retargeting_search,145.48,14.55,130.93,USD
8434,7826,2025-09-23,paid_social,meta_prospecting,141.72,0.0,141.72,USD
8435,6119,2025-09-23,organic,organic_direct,38.38,0.0,38.38,USD
8436,2508,2025-09-23,organic,organic_direct,269.24,40.39,228.85,USD
8437,1142,2025-09-23,paid_search,retargeting_search,78.36,3.92,74.44,USD
8438,6417,2025-09-23,paid_social,meta_prospecting,76.27,11.44,64.83,USD
8439,4329,2025-09-23,paid_search,retargeting_search,103.44,15.52,87.92,USD
8440,6317,2025-09-23,email,winback,99.07,4.95,94.12,USD
8441,2070,2025-09-23,paid_social,tiktok_awareness,54.08,5.41,48.67,USD
8442,6216,2025-09-23,paid_social,tiktok_awareness,70.99,0.0,70.99,USD
8443,6153,2025-09-23,email,winback,194.21,0.0,194.21,USD
8444,904,2025-09-23,email,cart_abandon,258.45,0.0,258.45,USD
8445,7919,2025-09-23,paid_search,retargeting_search,23.88,0.0,23.88,USD
8446,2805,2025-09-23,paid_search,retargeting_search,170.41,25.56,144.85,USD
8447,2371,2025-09-23,paid_social,meta_prospecting,47.1,4.71,42.39,USD
8448,429,2025-09-23,paid_social,meta_retarget,181.22,0.0,181.22,USD
8449,675,2025-09-23,paid_search,brand_search_q4,168.7,0.0,168.7,USD
8450,6868,2025-09-23,affiliate,partner_blog,257.01,38.55,218.46,USD
8451,2312,2025-09-23,paid_social,meta_prospecting,90.78,0.0,90.78,USD
8452,3910,2025-09-23,email,newsletter_weekly,75.74,3.79,71.95,USD
8453,1347,2025-09-23,email,newsletter_weekly,224.83,22.48,202.35,USD
8454,4956,2025-09-23,organic,organic_direct,37.83,0.0,37.83,USD
8455,5563,2025-09-23,paid_search,generic_shoes,43.1,0.0,43.1,USD
8456,4490,2025-09-23,email,winback,97.11,0.0,97.11,USD
8457,2685,2025-09-23,paid_search,generic_shoes,52.21,2.61,49.6,USD
8458,6667,2025-09-23,organic,organic_direct,42.45,0.0,42.45,USD
8459,2919,2025-09-23,paid_social,meta_retarget,279.09,13.95,265.14,USD
8460,4748,2025-09-23,organic,organic_direct,21.6,0.0,21.6,USD
8461,4254,2025-09-23,paid_search,brand_search_q4,83.5,0.0,83.5,USD
8462,5054,2025-09-23,organic,organic_direct,294.15,0.0,294.15,USD
8463,4968,2025-09-23,paid_social,meta_prospecting,25.47,0.0,25.47,USD
8464,1326,2025-09-23,paid_search,retargeting_search,72.17,10.83,61.34,USD
8465,20,2025-09-23,organic,organic_direct,147.14,22.07,125.07,USD
8466,2034,2025-09-23,organic,organic_direct,228.59,0.0,228.59,USD
8467,1664,2025-09-23,organic,organic_direct,39.58,0.0,39.58,USD
8468,4046,2025-09-23,organic,organic_direct,274.81,27.48,247.33,USD
8469,7924,2025-09-23,affiliate,coupon_site,19.39,0.97,18.42,USD
8470,5035,2025-09-23,paid_social,meta_retarget,76.15,0.0,76.15,USD
8471,875,2025-09-23,paid_social,meta_prospecting,247.15,0.0,247.15,USD
8472,5671,2025-09-23,organic,organic_direct,228.52,0.0,228.52,USD
8473,5012,2025-09-23,paid_social,tiktok_awareness,15.72,0.0,15.72,USD
8474,5207,2025-09-23,affiliate,partner_blog,182.01,0.0,182.01,USD
8475,1904,2025-09-23,email,newsletter_weekly,155.63,7.78,147.85,USD
8476,90,2025-09-23,paid_search,generic_shoes,174.72,0.0,174.72,USD
8477,120,2025-09-23,paid_search,retargeting_search,115.16,0.0,115.16,USD
8478,2678,2025-09-23,organic,organic_direct,147.43,0.0,147.43,USD
8479,6561,2025-09-23,paid_social,meta_retarget,174.56,8.73,165.83,USD
8480,7342,2025-09-23,paid_search,brand_search_q4,140.01,0.0,140.01,USD
8481,5185,2025-09-23,organic,organic_direct,95.72,0.0,95.72,USD
8482,1229,2025-09-23,affiliate,partner_blog,265.41,13.27,252.14,USD
8483,5224,2025-09-23,organic,organic_direct,136.92,0.0,136.92,USD
8484,2702,2025-09-23,email,newsletter_weekly,270.19,0.0,270.19,USD
8485,3883,2025-09-23,paid_search,brand_search_q4,265.2,0.0,265.2,USD
8486,4178,2025-09-23,paid_social,tiktok_awareness,235.95,11.8,224.15,USD
8487,1981,2025-09-23,affiliate,partner_blog,80.16,0.0,80.16,USD
8488,7453,2025-09-23,email,newsletter_weekly,254.57,38.19,216.38,USD
8489,1844,2025-09-23,organic,organic_direct,244.56,0.0,244.56,USD
8490,3676,2025-09-23,paid_social,meta_retarget,66.9,6.69,60.21,USD
8491,3778,2025-09-23,email,cart_abandon,74.0,11.1,62.9,USD
8492,1899,2025-09-23,email,cart_abandon,190.88,0.0,190.88,USD
8493,6582,2025-09-23,paid_search,brand_search_q4,222.53,0.0,222.53,USD
8494,5491,2025-09-23,paid_search,retargeting_search,31.92,3.19,28.73,USD
8495,6948,2025-09-23,paid_search,generic_shoes,128.21,19.23,108.98,USD
8496,6614,2025-09-23,paid_search,retargeting_search,46.73,4.67,42.06,USD
8497,4885,2025-09-23,organic,organic_direct,207.69,0.0,207.69,USD
8498,4809,2025-09-23,affiliate,coupon_site,234.67,35.2,199.47,USD
8499,1871,2025-09-23,email,newsletter_weekly,59.21,5.92,53.29,USD
8500,3796,2025-09-23,organic,organic_direct,77.28,0.0,77.28,USD
8501,6906,2025-09-23,affiliate,partner_blog,92.32,4.62,87.7,USD
8502,1345,2025-09-23,organic,organic_direct,254.07,0.0,254.07,USD
8503,7373,2025-09-23,paid_social,meta_prospecting,145.31,0.0,145.31,USD
8504,2108,2025-09-23,email,winback,140.9,21.14,119.76,USD
8505,2107,2025-09-23,organic,organic_direct,265.74,0.0,265.74,USD
8506,7171,2025-09-23,email,newsletter_weekly,194.93,19.49,175.44,USD
8507,4856,2025-09-23,affiliate,partner_blog,227.58,0.0,227.58,USD
8508,4268,2025-09-23,paid_search,generic_shoes,66.18,9.93,56.25,USD
8509,1718,2025-09-23,affiliate,coupon_site,33.68,3.37,30.31,USD
8510,2672,2025-09-23,organic,organic_direct,43.48,6.52,36.96,USD
8511,5711,2025-09-24,affiliate,partner_blog,57.17,0.0,57.17,USD
8512,5359,2025-09-24,organic,organic_direct,144.32,0.0,144.32,USD
8513,3696,2025-09-24,paid_social,meta_prospecting,165.13,8.26,156.87,USD
8514,6059,2025-09-24,organic,organic_direct,254.73,38.21,216.52,USD
8515,4939,2025-09-24,paid_search,brand_search_q4,201.77,10.09,191.68,USD
8516,488,2025-09-24,paid_social,meta_prospecting,74.17,3.71,70.46,USD
8517,1472,2025-09-24,email,newsletter_weekly,64.28,0.0,64.28,USD
8518,4478,2025-09-24,email,winback,152.17,15.22,136.95,USD
8519,7184,2025-09-24,email,cart_abandon,37.25,5.59,31.66,USD
8520,3228,2025-09-24,paid_search,retargeting_search,151.84,0.0,151.84,USD
8521,993,2025-09-24,paid_social,tiktok_awareness,157.66,15.77,141.89,USD
8522,2276,2025-09-24,email,cart_abandon,23.99,3.6,20.39,USD
8523,55,2025-09-24,affiliate,partner_blog,286.62,0.0,286.62,USD
8524,3207,2025-09-24,paid_social,meta_retarget,30.41,4.56,25.85,USD
8525,5564,2025-09-24,email,cart_abandon,20.72,0.0,20.72,USD
8526,1149,2025-09-24,email,newsletter_weekly,64.49,0.0,64.49,USD
8527,1442,2025-09-24,paid_search,brand_search_q4,67.25,10.09,57.16,USD
8528,5003,2025-09-24,affiliate,coupon_site,182.92,0.0,182.92,USD
8529,929,2025-09-24,paid_social,tiktok_awareness,82.26,0.0,82.26,USD
8530,349,2025-09-24,paid_search,generic_shoes,128.17,0.0,128.17,USD
8531,6586,2025-09-24,paid_search,brand_search_q4,17.59,0.0,17.59,USD
8532,7852,2025-09-24,organic,organic_direct,60.99,0.0,60.99,USD
8533,3996,2025-09-24,paid_search,retargeting_search,247.57,0.0,247.57,USD
8534,6768,2025-09-24,paid_search,retargeting_search,151.98,0.0,151.98,USD
8535,7946,2025-09-24,organic,organic_direct,75.08,3.75,71.33,USD
8536,1885,2025-09-24,organic,organic_direct,34.7,0.0,34.7,USD
8537,5670,2025-09-24,paid_search,generic_shoes,208.72,0.0,208.72,USD
8538,4486,2025-09-24,email,cart_abandon,225.66,0.0,225.66,USD
8539,6952,2025-09-24,paid_search,generic_shoes,205.28,20.53,184.75,USD
8540,1039,2025-09-24,paid_search,retargeting_search,232.23,11.61,220.62,USD
8541,2422,2025-09-24,organic,organic_direct,178.29,0.0,178.29,USD
8542,2604,2025-09-24,email,newsletter_weekly,28.41,2.84,25.57,USD
8543,5953,2025-09-24,paid_search,retargeting_search,103.38,5.17,98.21,USD
8544,782,2025-09-24,paid_social,meta_prospecting,221.31,0.0,221.31,USD
8545,4809,2025-09-24,organic,organic_direct,271.69,40.75,230.94,USD
8546,3861,2025-09-24,paid_social,tiktok_awareness,68.33,0.0,68.33,USD
8547,3343,2025-09-24,organic,organic_direct,123.17,0.0,123.17,USD
8548,6946,2025-09-24,paid_search,retargeting_search,185.29,0.0,185.29,USD
8549,3777,2025-09-24,email,winback,152.4,22.86,129.54,USD
8550,3565,2025-09-24,paid_social,meta_prospecting,185.56,0.0,185.56,USD
8551,7294,2025-09-24,affiliate,coupon_site,131.5,0.0,131.5,USD
8552,7441,2025-09-24,paid_search,brand_search_q4,160.42,16.04,144.38,USD
8553,2664,2025-09-24,paid_search,retargeting_search,264.78,0.0,264.78,USD
8554,7200,2025-09-24,paid_search,brand_search_q4,22.04,0.0,22.04,USD
8555,7620,2025-09-24,organic,organic_direct,30.37,0.0,30.37,USD
8556,2148,2025-09-24,paid_social,tiktok_awareness,94.09,4.7,89.39,USD
8557,6520,2025-09-24,paid_social,meta_prospecting,268.79,0.0,268.79,USD
8558,6539,2025-09-24,affiliate,partner_blog,68.37,6.84,61.53,USD
8559,174,2025-09-24,paid_search,generic_shoes,53.47,0.0,53.47,USD
8560,4853,2025-09-24,paid_social,meta_prospecting,205.28,30.79,174.49,USD
8561,7811,2025-09-24,paid_social,tiktok_awareness,152.79,22.92,129.87,USD
8562,6104,2025-09-24,paid_search,brand_search_q4,172.26,8.61,163.65,USD
8563,1723,2025-09-24,paid_search,brand_search_q4,227.03,11.35,215.68,USD
8564,6624,2025-09-24,organic,organic_direct,116.75,0.0,116.75,USD
8565,4375,2025-09-24,paid_social,tiktok_awareness,63.26,0.0,63.26,USD
8566,2517,2025-09-24,affiliate,coupon_site,296.74,0.0,296.74,USD
8567,7837,2025-09-24,email,cart_abandon,226.71,34.01,192.7,USD
8568,523,2025-09-24,organic,organic_direct,177.51,17.75,159.76,USD
8569,7338,2025-09-24,organic,organic_direct,157.5,15.75,141.75,USD
8570,1826,2025-09-24,paid_social,meta_retarget,145.91,0.0,145.91,USD
8571,633,2025-09-24,paid_social,meta_retarget,251.6,0.0,251.6,USD
8572,1220,2025-09-24,paid_search,brand_search_q4,85.94,8.59,77.35,USD
8573,5350,2025-09-24,email,cart_abandon,222.7,11.13,211.57,USD
8574,5773,2025-09-24,email,cart_abandon,119.86,17.98,101.88,USD
8575,1573,2025-09-24,paid_social,meta_retarget,192.1,19.21,172.89,USD
8576,865,2025-09-24,affiliate,partner_blog,272.89,0.0,272.89,USD
8577,2589,2025-09-24,paid_search,generic_shoes,127.57,0.0,127.57,USD
8578,7901,2025-09-24,paid_social,tiktok_awareness,210.44,0.0,210.44,USD
8579,998,2025-09-24,paid_social,meta_retarget,58.16,0.0,58.16,USD
8580,1275,2025-09-24,organic,organic_direct,184.93,9.25,175.68,USD
8581,6528,2025-09-24,paid_search,retargeting_search,238.4,0.0,238.4,USD
8582,1361,2025-09-24,email,newsletter_weekly,191.06,0.0,191.06,USD
8583,5783,2025-09-24,email,winback,250.04,12.5,237.54,USD
8584,5753,2025-09-24,paid_search,generic_shoes,268.48,40.27,228.21,USD
8585,7204,2025-09-24,paid_social,meta_prospecting,49.48,2.47,47.01,USD
8586,3372,2025-09-24,paid_search,retargeting_search,212.35,0.0,212.35,USD
8587,1817,2025-09-24,organic,organic_direct,32.43,0.0,32.43,USD
8588,3494,2025-09-24,paid_search,brand_search_q4,129.79,0.0,129.79,USD
8589,7447,2025-09-24,organic,organic_direct,132.4,0.0,132.4,USD
8590,122,2025-09-24,affiliate,coupon_site,189.5,28.43,161.07,USD
8591,928,2025-09-24,affiliate,coupon_site,273.04,40.96,232.08,USD
8592,5257,2025-09-24,organic,organic_direct,230.35,0.0,230.35,USD
8593,6576,2025-09-24,paid_social,meta_prospecting,101.22,0.0,101.22,USD
8594,4288,2025-09-24,paid_search,generic_shoes,240.94,0.0,240.94,USD
8595,1452,2025-09-24,organic,organic_direct,73.45,0.0,73.45,USD
8596,6875,2025-09-25,paid_social,meta_prospecting,100.77,0.0,100.77,USD
8597,5964,2025-09-25,email,cart_abandon,101.73,15.26,86.47,USD
8598,7438,2025-09-25,paid_social,meta_retarget,219.79,0.0,219.79,USD
8599,3113,2025-09-25,email,newsletter_weekly,214.36,0.0,214.36,USD
8600,1888,2025-09-25,email,winback,177.44,8.87,168.57,USD
8601,7851,2025-09-25,paid_social,meta_prospecting,205.89,0.0,205.89,USD
8602,465,2025-09-25,paid_social,tiktok_awareness,235.2,11.76,223.44,USD
8603,2338,2025-09-25,organic,organic_direct,19.26,0.0,19.26,USD
8604,2266,2025-09-25,paid_social,meta_prospecting,213.96,32.09,181.87,USD
8605,6052,2025-09-25,email,winback,90.77,0.0,90.77,USD
8606,725,2025-09-25,email,newsletter_weekly,179.97,0.0,179.97,USD
8607,7862,2025-09-25,organic,organic_direct,41.41,4.14,37.27,USD
8608,3835,2025-09-25,organic,organic_direct,114.2,0.0,114.2,USD
8609,7996,2025-09-25,paid_social,tiktok_awareness,35.4,0.0,35.4,USD
8610,556,2025-09-25,organic,organic_direct,245.61,0.0,245.61,USD
8611,1329,2025-09-25,organic,organic_direct,107.73,0.0,107.73,USD
8612,4144,2025-09-25,organic,organic_direct,162.85,8.14,154.71,USD
8613,5263,2025-09-25,affiliate,coupon_site,258.22,12.91,245.31,USD
8614,3186,2025-09-25,paid_search,generic_shoes,17.22,2.58,14.64,USD
8615,281,2025-09-25,paid_search,retargeting_search,48.88,0.0,48.88,USD
8616,2149,2025-09-25,paid_social,tiktok_awareness,145.39,0.0,145.39,USD
8617,3417,2025-09-25,affiliate,partner_blog,15.45,0.0,15.45,USD
8618,2496,2025-09-25,paid_search,brand_search_q4,130.98,13.1,117.88,USD
8619,2281,2025-09-25,email,newsletter_weekly,137.19,20.58,116.61,USD
8620,1747,2025-09-25,organic,organic_direct,241.84,12.09,229.75,USD
8621,615,2025-09-25,organic,organic_direct,289.48,43.42,246.06,USD
8622,7703,2025-09-25,email,cart_abandon,17.05,0.85,16.2,USD
8623,3085,2025-09-25,email,winback,45.72,0.0,45.72,USD
8624,5319,2025-09-25,organic,organic_direct,261.94,13.1,248.84,USD
8625,5616,2025-09-25,paid_social,meta_prospecting,183.04,27.46,155.58,USD
8626,3800,2025-09-25,organic,organic_direct,248.36,0.0,248.36,USD
8627,3920,2025-09-25,paid_social,meta_prospecting,103.7,0.0,103.7,USD
8628,7436,2025-09-25,organic,organic_direct,36.78,1.84,34.94,USD
8629,3293,2025-09-25,paid_social,tiktok_awareness,122.02,6.1,115.92,USD
8630,4993,2025-09-25,organic,organic_direct,160.28,24.04,136.24,USD
8631,1356,2025-09-25,email,cart_abandon,81.06,0.0,81.06,USD
8632,608,2025-09-25,paid_social,meta_prospecting,99.98,0.0,99.98,USD
8633,5802,2025-09-25,email,newsletter_weekly,136.55,0.0,136.55,USD
8634,1400,2025-09-25,paid_search,retargeting_search,15.91,0.0,15.91,USD
8635,7263,2025-09-25,organic,organic_direct,36.17,5.43,30.74,USD
8636,1487,2025-09-25,affiliate,coupon_site,145.6,21.84,123.76,USD
8637,4483,2025-09-25,paid_social,tiktok_awareness,30.67,4.6,26.07,USD
8638,6784,2025-09-25,paid_social,meta_retarget,193.04,28.96,164.08,USD
8639,5536,2025-09-25,organic,organic_direct,270.67,0.0,270.67,USD
8640,3175,2025-09-25,organic,organic_direct,243.33,0.0,243.33,USD
8641,1032,2025-09-25,organic,organic_direct,256.54,12.83,243.71,USD
8642,3517,2025-09-25,paid_social,meta_prospecting,55.12,0.0,55.12,USD
8643,4201,2025-09-25,paid_search,brand_search_q4,20.26,0.0,20.26,USD
8644,4993,2025-09-25,paid_social,meta_prospecting,86.7,0.0,86.7,USD
8645,3833,2025-09-25,paid_search,brand_search_q4,212.01,21.2,190.81,USD
8646,5274,2025-09-25,email,cart_abandon,171.94,17.19,154.75,USD
8647,1190,2025-09-25,organic,organic_direct,32.08,0.0,32.08,USD
8648,1175,2025-09-25,paid_social,tiktok_awareness,129.67,0.0,129.67,USD
8649,839,2025-09-25,paid_social,meta_prospecting,213.15,10.66,202.49,USD
8650,1172,2025-09-25,paid_social,tiktok_awareness,251.28,0.0,251.28,USD
8651,1129,2025-09-25,paid_social,meta_prospecting,68.88,0.0,68.88,USD
8652,7136,2025-09-25,paid_social,meta_prospecting,174.39,0.0,174.39,USD
8653,3709,2025-09-25,email,winback,114.19,0.0,114.19,USD
8654,476,2025-09-25,organic,organic_direct,182.36,18.24,164.12,USD
8655,7470,2025-09-25,paid_social,tiktok_awareness,24.89,0.0,24.89,USD
8656,497,2025-09-25,paid_search,generic_shoes,160.23,16.02,144.21,USD
8657,5660,2025-09-25,affiliate,partner_blog,200.54,20.05,180.49,USD
8658,6521,2025-09-25,affiliate,coupon_site,264.03,0.0,264.03,USD
8659,1634,2025-09-25,paid_search,brand_search_q4,61.6,9.24,52.36,USD
8660,6311,2025-09-25,email,newsletter_weekly,185.54,0.0,185.54,USD
8661,7049,2025-09-25,paid_social,tiktok_awareness,240.61,0.0,240.61,USD
8662,4553,2025-09-25,affiliate,partner_blog,89.89,8.99,80.9,USD
8663,2382,2025-09-25,organic,organic_direct,205.75,10.29,195.46,USD
8664,6820,2025-09-25,organic,organic_direct,304.09,0.0,304.09,USD
8665,5318,2025-09-25,paid_search,brand_search_q4,171.66,8.58,163.08,USD
8666,5724,2025-09-25,paid_search,retargeting_search,102.1,0.0,102.1,USD
8667,5563,2025-09-25,organic,organic_direct,81.47,12.22,69.25,USD
8668,3828,2025-09-25,email,newsletter_weekly,191.18,0.0,191.18,USD
8669,7415,2025-09-25,paid_social,meta_prospecting,289.42,14.47,274.95,USD
8670,5352,2025-09-25,paid_search,brand_search_q4,141.11,7.06,134.05,USD
8671,4175,2025-09-25,email,cart_abandon,221.59,22.16,199.43,USD
8672,6731,2025-09-25,paid_social,tiktok_awareness,60.79,3.04,57.75,USD
8673,2214,2025-09-25,paid_social,meta_retarget,190.55,0.0,190.55,USD
8674,257,2025-09-25,paid_search,brand_search_q4,233.4,0.0,233.4,USD
8675,6885,2025-09-25,email,newsletter_weekly,261.12,13.06,248.06,USD
8676,279,2025-09-25,paid_search,brand_search_q4,167.45,8.37,159.08,USD
8677,3398,2025-09-25,organic,organic_direct,73.14,10.97,62.17,USD
8678,3212,2025-09-25,organic,organic_direct,204.67,10.23,194.44,USD
8679,6077,2025-09-25,paid_social,tiktok_awareness,200.28,20.03,180.25,USD
8680,5234,2025-09-25,organic,organic_direct,251.49,0.0,251.49,USD
8681,2943,2025-09-25,paid_social,meta_retarget,36.56,1.83,34.73,USD
8682,5304,2025-09-25,paid_search,brand_search_q4,157.8,0.0,157.8,USD
8683,4424,2025-09-25,paid_search,generic_shoes,37.68,0.0,37.68,USD
8684,1647,2025-09-25,email,winback,154.95,0.0,154.95,USD
8685,2379,2025-09-25,email,cart_abandon,168.27,16.83,151.44,USD
8686,3860,2025-09-26,paid_search,brand_search_q4,254.65,38.2,216.45,USD
8687,6366,2025-09-26,paid_search,retargeting_search,292.14,43.82,248.32,USD
8688,1346,2025-09-26,affiliate,coupon_site,18.52,1.85,16.67,USD
8689,1948,2025-09-26,email,cart_abandon,190.18,19.02,171.16,USD
8690,47,2025-09-26,paid_search,generic_shoes,72.64,3.63,69.01,USD
8691,865,2025-09-26,affiliate,coupon_site,143.56,21.53,122.03,USD
8692,4607,2025-09-26,organic,organic_direct,248.06,24.81,223.25,USD
8693,7092,2025-09-26,email,cart_abandon,79.18,7.92,71.26,USD
8694,4428,2025-09-26,organic,organic_direct,179.34,26.9,152.44,USD
8695,7712,2025-09-26,email,winback,240.69,12.03,228.66,USD
8696,2442,2025-09-26,paid_social,meta_retarget,211.07,21.11,189.96,USD
8697,6055,2025-09-26,paid_social,meta_prospecting,46.76,2.34,44.42,USD
8698,4556,2025-09-26,paid_social,meta_retarget,215.07,0.0,215.07,USD
8699,4673,2025-09-26,organic,organic_direct,93.38,14.01,79.37,USD
8700,3265,2025-09-26,paid_search,retargeting_search,253.65,0.0,253.65,USD
8701,2673,2025-09-26,email,cart_abandon,224.36,0.0,224.36,USD
8702,1701,2025-09-26,paid_search,retargeting_search,30.38,0.0,30.38,USD
8703,6583,2025-09-26,organic,organic_direct,166.52,16.65,149.87,USD
8704,4632,2025-09-26,affiliate,coupon_site,182.23,0.0,182.23,USD
8705,7088,2025-09-26,paid_social,meta_prospecting,183.58,0.0,183.58,USD
8706,2618,2025-09-26,paid_social,meta_retarget,180.95,27.14,153.81,USD
8707,6151,2025-09-26,organic,organic_direct,179.21,17.92,161.29,USD
8708,5627,2025-09-26,organic,organic_direct,132.95,13.29,119.66,USD
8709,160,2025-09-26,paid_search,retargeting_search,131.45,0.0,131.45,USD
8710,3620,2025-09-26,paid_search,retargeting_search,240.33,0.0,240.33,USD
8711,5866,2025-09-26,organic,organic_direct,206.25,10.31,195.94,USD
8712,5688,2025-09-26,paid_social,tiktok_awareness,18.39,0.0,18.39,USD
8713,2487,2025-09-26,paid_social,meta_prospecting,148.72,22.31,126.41,USD
8714,1526,2025-09-26,affiliate,coupon_site,277.01,0.0,277.01,USD
8715,1495,2025-09-26,organic,organic_direct,92.59,13.89,78.7,USD
8716,2812,2025-09-26,paid_social,tiktok_awareness,239.97,0.0,239.97,USD
8717,5701,2025-09-26,organic,organic_direct,67.0,0.0,67.0,USD
8718,3256,2025-09-26,paid_search,generic_shoes,116.53,0.0,116.53,USD
8719,5726,2025-09-26,paid_social,meta_retarget,242.33,0.0,242.33,USD
8720,4641,2025-09-26,organic,organic_direct,134.74,0.0,134.74,USD
8721,2839,2025-09-26,organic,organic_direct,287.27,43.09,244.18,USD
8722,1011,2025-09-26,affiliate,partner_blog,239.33,35.9,203.43,USD
8723,2214,2025-09-26,organic,organic_direct,199.84,9.99,189.85,USD
8724,2349,2025-09-26,email,winback,57.2,0.0,57.2,USD
8725,4837,2025-09-26,paid_social,meta_prospecting,90.2,0.0,90.2,USD
8726,5477,2025-09-26,email,cart_abandon,237.8,35.67,202.13,USD
8727,1848,2025-09-26,organic,organic_direct,248.35,0.0,248.35,USD
8728,4309,2025-09-26,paid_social,tiktok_awareness,107.31,0.0,107.31,USD
8729,162,2025-09-26,affiliate,coupon_site,79.42,0.0,79.42,USD
8730,755,2025-09-26,affiliate,partner_blog,226.29,22.63,203.66,USD
8731,818,2025-09-26,paid_social,meta_prospecting,129.23,0.0,129.23,USD
8732,6854,2025-09-26,paid_search,retargeting_search,251.08,12.55,238.53,USD
8733,1248,2025-09-26,organic,organic_direct,29.39,0.0,29.39,USD
8734,958,2025-09-26,affiliate,coupon_site,218.51,0.0,218.51,USD
8735,4006,2025-09-26,paid_social,meta_prospecting,57.12,0.0,57.12,USD
8736,7676,2025-09-26,organic,organic_direct,84.1,4.21,79.89,USD
8737,2585,2025-09-26,paid_social,meta_retarget,60.9,0.0,60.9,USD
8738,5948,2025-09-26,paid_search,retargeting_search,279.71,27.97,251.74,USD
8739,2450,2025-09-26,organic,organic_direct,226.56,0.0,226.56,USD
8740,811,2025-09-26,paid_social,meta_prospecting,36.08,0.0,36.08,USD
8741,2217,2025-09-26,email,newsletter_weekly,23.49,3.52,19.97,USD
8742,5711,2025-09-26,paid_social,tiktok_awareness,245.69,12.28,233.41,USD
8743,4680,2025-09-26,paid_social,tiktok_awareness,82.03,12.3,69.73,USD
8744,5747,2025-09-26,email,cart_abandon,200.15,20.02,180.13,USD
8745,55,2025-09-26,email,winback,82.88,0.0,82.88,USD
8746,821,2025-09-26,paid_social,meta_prospecting,26.59,0.0,26.59,USD
8747,2094,2025-09-26,email,cart_abandon,257.55,25.76,231.79,USD
8748,4571,2025-09-26,paid_search,retargeting_search,22.92,0.0,22.92,USD
8749,5732,2025-09-26,paid_social,meta_prospecting,103.04,0.0,103.04,USD
8750,7395,2025-09-26,email,winback,25.23,0.0,25.23,USD
8751,5646,2025-09-26,paid_search,brand_search_q4,171.68,0.0,171.68,USD
8752,2099,2025-09-26,organic,organic_direct,235.64,0.0,235.64,USD
8753,200,2025-09-26,paid_search,retargeting_search,85.76,0.0,85.76,USD
8754,6445,2025-09-26,paid_search,brand_search_q4,81.45,0.0,81.45,USD
8755,2054,2025-09-26,paid_search,brand_search_q4,129.51,0.0,129.51,USD
8756,7912,2025-09-26,email,newsletter_weekly,226.53,33.98,192.55,USD
8757,2576,2025-09-26,paid_social,meta_prospecting,27.86,0.0,27.86,USD
8758,3947,2025-09-26,organic,organic_direct,25.08,0.0,25.08,USD
8759,558,2025-09-26,paid_social,meta_retarget,165.81,0.0,165.81,USD
8760,7087,2025-09-26,email,winback,249.52,0.0,249.52,USD
8761,2800,2025-09-26,paid_search,brand_search_q4,145.41,0.0,145.41,USD
8762,45,2025-09-26,organic,organic_direct,182.56,27.38,155.18,USD
8763,565,2025-09-26,paid_search,generic_shoes,250.26,0.0,250.26,USD
8764,3757,2025-09-26,email,cart_abandon,24.35,3.65,20.7,USD
8765,1509,2025-09-26,paid_search,brand_search_q4,185.65,0.0,185.65,USD
8766,3323,2025-09-26,paid_search,retargeting_search,231.69,11.58,220.11,USD
8767,2043,2025-09-26,paid_search,brand_search_q4,274.11,41.12,232.99,USD
8768,1577,2025-09-26,paid_search,retargeting_search,158.62,0.0,158.62,USD
8769,4179,2025-09-26,paid_search,brand_search_q4,236.76,0.0,236.76,USD
8770,3441,2025-09-26,organic,organic_direct,55.99,0.0,55.99,USD
8771,6856,2025-09-26,organic,organic_direct,66.8,3.34,63.46,USD
8772,5383,2025-09-26,email,newsletter_weekly,105.93,15.89,90.04,USD
8773,7178,2025-09-26,organic,organic_direct,238.66,0.0,238.66,USD
8774,5962,2025-09-26,paid_search,brand_search_q4,187.78,9.39,178.39,USD
8775,1611,2025-09-26,paid_social,meta_retarget,166.88,25.03,141.85,USD
8776,602,2025-09-26,paid_social,meta_retarget,146.03,0.0,146.03,USD
8777,136,2025-09-26,paid_social,meta_prospecting,204.82,0.0,204.82,USD
8778,1844,2025-09-26,paid_social,meta_prospecting,191.14,28.67,162.47,USD
8779,261,2025-09-26,paid_search,generic_shoes,201.19,10.06,191.13,USD
8780,199,2025-09-26,organic,organic_direct,70.4,0.0,70.4,USD
8781,6092,2025-09-26,paid_search,brand_search_q4,95.74,9.57,86.17,USD
8782,279,2025-09-26,affiliate,coupon_site,171.27,17.13,154.14,USD
8783,3147,2025-09-26,paid_search,retargeting_search,235.4,0.0,235.4,USD
8784,1973,2025-09-27,paid_search,generic_shoes,121.61,0.0,121.61,USD
8785,6878,2025-09-27,affiliate,partner_blog,14.75,0.0,14.75,USD
8786,7666,2025-09-27,organic,organic_direct,244.22,0.0,244.22,USD
8787,3870,2025-09-27,paid_search,retargeting_search,162.23,8.11,154.12,USD
8788,6732,2025-09-27,paid_social,meta_prospecting,44.52,0.0,44.52,USD
8789,3812,2025-09-27,email,winback,253.54,38.03,215.51,USD
8790,563,2025-09-27,paid_search,retargeting_search,169.76,16.98,152.78,USD
8791,6297,2025-09-27,paid_social,meta_prospecting,185.39,27.81,157.58,USD
8792,1066,2025-09-27,email,winback,48.78,0.0,48.78,USD
8793,904,2025-09-27,paid_social,meta_prospecting,113.19,0.0,113.19,USD
8794,1481,2025-09-27,paid_social,tiktok_awareness,247.87,24.79,223.08,USD
8795,3516,2025-09-27,organic,organic_direct,94.55,0.0,94.55,USD
8796,3219,2025-09-27,paid_search,generic_shoes,25.14,3.77,21.37,USD
8797,3277,2025-09-27,paid_social,tiktok_awareness,78.17,7.82,70.35,USD
8798,2352,2025-09-27,paid_search,retargeting_search,260.51,0.0,260.51,USD
8799,3068,2025-09-27,email,cart_abandon,37.19,1.86,35.33,USD
8800,1848,2025-09-27,paid_social,meta_prospecting,278.02,0.0,278.02,USD
8801,7809,2025-09-27,organic,organic_direct,62.89,0.0,62.89,USD
8802,7274,2025-09-27,paid_search,generic_shoes,110.74,0.0,110.74,USD
8803,261,2025-09-27,paid_social,meta_prospecting,109.67,16.45,93.22,USD
8804,7119,2025-09-27,paid_social,tiktok_awareness,71.06,0.0,71.06,USD
8805,3996,2025-09-27,organic,organic_direct,245.66,0.0,245.66,USD
8806,5321,2025-09-27,organic,organic_direct,255.73,0.0,255.73,USD
8807,4990,2025-09-27,paid_search,brand_search_q4,125.39,0.0,125.39,USD
8808,4268,2025-09-27,organic,organic_direct,122.44,18.37,104.07,USD
8809,2991,2025-09-27,organic,organic_direct,129.82,19.47,110.35,USD
8810,7458,2025-09-27,paid_social,meta_prospecting,212.09,10.6,201.49,USD
8811,6599,2025-09-27,paid_search,brand_search_q4,192.34,0.0,192.34,USD
8812,7552,2025-09-27,paid_social,meta_prospecting,138.57,0.0,138.57,USD
8813,5268,2025-09-27,paid_social,meta_prospecting,15.47,2.32,13.15,USD
8814,3312,2025-09-27,paid_search,retargeting_search,143.71,0.0,143.71,USD
8815,1782,2025-09-27,paid_search,retargeting_search,51.13,2.56,48.57,USD
8816,816,2025-09-27,email,winback,18.32,0.92,17.4,USD
8817,3901,2025-09-27,organic,organic_direct,235.16,0.0,235.16,USD
8818,1398,2025-09-27,paid_social,meta_prospecting,168.83,16.88,151.95,USD
8819,5064,2025-09-27,organic,organic_direct,46.09,4.61,41.48,USD
8820,2033,2025-09-27,paid_social,meta_prospecting,56.58,2.83,53.75,USD
8821,2868,2025-09-27,paid_social,tiktok_awareness,125.27,0.0,125.27,USD
8822,1807,2025-09-27,email,winback,77.33,0.0,77.33,USD
8823,5551,2025-09-27,paid_social,meta_prospecting,113.3,0.0,113.3,USD
8824,5926,2025-09-27,paid_social,meta_retarget,96.31,14.45,81.86,USD
8825,1080,2025-09-27,paid_search,brand_search_q4,283.04,14.15,268.89,USD
8826,7649,2025-09-27,paid_social,meta_retarget,170.06,8.5,161.56,USD
8827,1740,2025-09-27,email,newsletter_weekly,151.53,0.0,151.53,USD
8828,338,2025-09-27,organic,organic_direct,78.66,0.0,78.66,USD
8829,4969,2025-09-27,paid_social,tiktok_awareness,273.4,0.0,273.4,USD
8830,2565,2025-09-27,paid_social,meta_retarget,153.02,7.65,145.37,USD
8831,4565,2025-09-27,email,newsletter_weekly,30.48,0.0,30.48,USD
8832,6434,2025-09-27,paid_social,tiktok_awareness,50.0,2.5,47.5,USD
8833,3286,2025-09-27,organic,organic_direct,268.65,26.86,241.79,USD
8834,6855,2025-09-27,affiliate,partner_blog,186.64,0.0,186.64,USD
8835,885,2025-09-27,organic,organic_direct,76.36,0.0,76.36,USD
8836,3119,2025-09-27,paid_social,tiktok_awareness,116.6,11.66,104.94,USD
8837,2845,2025-09-27,organic,organic_direct,100.07,0.0,100.07,USD
8838,5124,2025-09-27,paid_search,retargeting_search,70.33,0.0,70.33,USD
8839,1078,2025-09-27,organic,organic_direct,262.32,0.0,262.32,USD
8840,1015,2025-09-27,paid_social,meta_prospecting,210.91,10.55,200.36,USD
8841,5228,2025-09-27,paid_social,tiktok_awareness,265.25,39.79,225.46,USD
8842,2043,2025-09-27,paid_search,generic_shoes,100.67,0.0,100.67,USD
8843,4193,2025-09-27,paid_social,meta_retarget,129.92,0.0,129.92,USD
8844,6505,2025-09-27,organic,organic_direct,263.19,0.0,263.19,USD
8845,4669,2025-09-27,paid_social,tiktok_awareness,141.33,7.07,134.26,USD
8846,5273,2025-09-27,paid_social,tiktok_awareness,35.62,0.0,35.62,USD
8847,954,2025-09-27,organic,organic_direct,94.87,0.0,94.87,USD
8848,7848,2025-09-27,organic,organic_direct,51.93,0.0,51.93,USD
8849,6134,2025-09-27,organic,organic_direct,200.53,10.03,190.5,USD
8850,795,2025-09-27,paid_search,retargeting_search,220.45,11.02,209.43,USD
8851,7260,2025-09-27,paid_search,brand_search_q4,94.41,0.0,94.41,USD
8852,3562,2025-09-27,organic,organic_direct,155.65,0.0,155.65,USD
8853,2057,2025-09-27,affiliate,partner_blog,123.33,0.0,123.33,USD
8854,2846,2025-09-27,email,winback,101.48,5.07,96.41,USD
8855,2440,2025-09-27,organic,organic_direct,16.2,0.0,16.2,USD
8856,962,2025-09-27,organic,organic_direct,231.8,0.0,231.8,USD
8857,7342,2025-09-27,email,winback,28.29,4.24,24.05,USD
8858,5623,2025-09-27,organic,organic_direct,226.55,0.0,226.55,USD
8859,3877,2025-09-27,paid_search,retargeting_search,188.23,9.41,178.82,USD
8860,5765,2025-09-27,paid_search,retargeting_search,182.72,18.27,164.45,USD
8861,3489,2025-09-27,email,cart_abandon,24.13,0.0,24.13,USD
8862,2789,2025-09-27,organic,organic_direct,29.16,1.46,27.7,USD
8863,3830,2025-09-27,paid_social,meta_prospecting,168.65,8.43,160.22,USD
8864,2102,2025-09-27,affiliate,coupon_site,37.4,0.0,37.4,USD
8865,1843,2025-09-27,organic,organic_direct,119.57,0.0,119.57,USD
8866,7886,2025-09-27,organic,organic_direct,55.97,0.0,55.97,USD
8867,6133,2025-09-27,affiliate,partner_blog,209.45,0.0,209.45,USD
8868,216,2025-09-27,affiliate,partner_blog,113.83,5.69,108.14,USD
8869,5057,2025-09-27,paid_search,generic_shoes,224.77,22.48,202.29,USD
8870,5461,2025-09-27,paid_search,retargeting_search,135.24,0.0,135.24,USD
8871,1618,2025-09-27,organic,organic_direct,128.83,6.44,122.39,USD
8872,5457,2025-09-27,paid_social,meta_retarget,90.35,4.52,85.83,USD
8873,5338,2025-09-27,paid_search,retargeting_search,92.73,0.0,92.73,USD
8874,1658,2025-09-27,organic,organic_direct,89.45,4.47,84.98,USD
8875,7675,2025-09-27,email,winback,58.95,8.84,50.11,USD
8876,6255,2025-09-27,paid_search,brand_search_q4,153.3,0.0,153.3,USD
8877,7232,2025-09-27,paid_search,generic_shoes,203.25,10.16,193.09,USD
8878,4668,2025-09-27,paid_social,meta_retarget,211.47,31.72,179.75,USD
8879,2406,2025-09-27,email,cart_abandon,220.72,0.0,220.72,USD
8880,6003,2025-09-27,organic,organic_direct,63.76,3.19,60.57,USD
8881,4531,2025-09-27,paid_search,retargeting_search,178.06,0.0,178.06,USD
8882,6818,2025-09-27,email,newsletter_weekly,79.31,7.93,71.38,USD
8883,4475,2025-09-27,paid_social,tiktok_awareness,126.16,0.0,126.16,USD
8884,7686,2025-09-27,paid_social,meta_retarget,165.68,16.57,149.11,USD
8885,6510,2025-09-28,paid_social,meta_retarget,52.33,2.62,49.71,USD
8886,3602,2025-09-28,paid_social,tiktok_awareness,69.69,0.0,69.69,USD
8887,5563,2025-09-28,paid_search,brand_search_q4,198.39,19.84,178.55,USD
8888,1047,2025-09-28,paid_search,brand_search_q4,62.99,0.0,62.99,USD
8889,1642,2025-09-28,email,newsletter_weekly,255.08,0.0,255.08,USD
8890,158,2025-09-28,organic,organic_direct,273.23,0.0,273.23,USD
8891,1849,2025-09-28,paid_search,brand_search_q4,210.88,0.0,210.88,USD
8892,5139,2025-09-28,paid_search,brand_search_q4,65.22,0.0,65.22,USD
8893,6972,2025-09-28,affiliate,coupon_site,104.4,0.0,104.4,USD
8894,3560,2025-09-28,paid_social,meta_prospecting,110.43,0.0,110.43,USD
8895,3722,2025-09-28,email,newsletter_weekly,107.77,0.0,107.77,USD
8896,3876,2025-09-28,paid_search,retargeting_search,239.65,23.97,215.68,USD
8897,2194,2025-09-28,paid_social,meta_retarget,187.4,0.0,187.4,USD
8898,7536,2025-09-28,organic,organic_direct,272.01,0.0,272.01,USD
8899,2741,2025-09-28,email,cart_abandon,194.51,19.45,175.06,USD
8900,6858,2025-09-28,paid_social,meta_retarget,40.33,0.0,40.33,USD
8901,6296,2025-09-28,paid_search,brand_search_q4,19.5,0.0,19.5,USD
8902,6601,2025-09-28,paid_search,retargeting_search,200.91,20.09,180.82,USD
8903,7306,2025-09-28,email,winback,179.19,17.92,161.27,USD
8904,803,2025-09-28,paid_social,meta_retarget,62.6,6.26,56.34,USD
8905,374,2025-09-28,paid_social,tiktok_awareness,260.42,39.06,221.36,USD
8906,1357,2025-09-28,email,winback,216.35,0.0,216.35,USD
8907,3424,2025-09-28,paid_social,tiktok_awareness,51.08,5.11,45.97,USD
8908,1186,2025-09-28,paid_search,generic_shoes,257.13,25.71,231.42,USD
8909,3841,2025-09-28,email,cart_abandon,38.03,1.9,36.13,USD
8910,4538,2025-09-28,organic,organic_direct,164.4,8.22,156.18,USD
8911,4604,2025-09-28,organic,organic_direct,267.22,40.08,227.14,USD
8912,2227,2025-09-28,paid_search,brand_search_q4,212.44,21.24,191.2,USD
8913,7261,2025-09-28,paid_search,retargeting_search,269.22,0.0,269.22,USD
8914,1479,2025-09-28,paid_social,tiktok_awareness,268.86,40.33,228.53,USD
8915,1753,2025-09-28,organic,organic_direct,74.46,7.45,67.01,USD
8916,7060,2025-09-28,organic,organic_direct,192.16,19.22,172.94,USD
8917,2506,2025-09-28,affiliate,partner_blog,72.11,3.61,68.5,USD
8918,1298,2025-09-28,organic,organic_direct,54.02,5.4,48.62,USD
8919,5092,2025-09-28,paid_search,brand_search_q4,196.51,0.0,196.51,USD
8920,1462,2025-09-28,paid_social,meta_retarget,59.92,8.99,50.93,USD
8921,3210,2025-09-28,email,cart_abandon,197.04,0.0,197.04,USD
8922,6167,2025-09-28,affiliate,partner_blog,46.32,2.32,44.0,USD
8923,2328,2025-09-28,paid_search,generic_shoes,145.28,7.26,138.02,USD
8924,478,2025-09-28,email,winback,199.66,0.0,199.66,USD
8925,1361,2025-09-28,organic,organic_direct,105.43,0.0,105.43,USD
8926,7483,2025-09-28,affiliate,coupon_site,169.95,0.0,169.95,USD
8927,4372,2025-09-28,paid_search,retargeting_search,215.59,32.34,183.25,USD
8928,7073,2025-09-28,paid_social,meta_prospecting,99.72,0.0,99.72,USD
8929,3476,2025-09-28,affiliate,partner_blog,288.81,0.0,288.81,USD
8930,991,2025-09-28,paid_search,brand_search_q4,187.53,18.75,168.78,USD
